family,repeat,calibrator_index,base_mae,calib_mae,improvement,calibrator_aso_id
AR,0,21,0.30063982989664806,0.35,-0.04936017010335192,AR_ASO3
AR,1,20,0.175,0.175,0.0,AR_ASO2
AR,2,20,0.175,0.175,0.0,AR_ASO2
AR,3,19,0.175,0.175,0.0,AR_ASO1
AR,4,19,0.175,0.175,0.0,AR_ASO1
AR,5,19,0.175,0.175,0.0,AR_ASO1
AR,6,19,0.175,0.175,0.0,AR_ASO1
AR,7,19,0.175,0.175,0.0,AR_ASO1
AR,8,19,0.175,0.175,0.0,AR_ASO1
AR,9,21,0.30063982989664806,0.35,-0.04936017010335192,AR_ASO3
AR,10,20,0.175,0.175,0.0,AR_ASO2
AR,11,21,0.30063982989664806,0.35,-0.04936017010335192,AR_ASO3
AR,12,20,0.175,0.175,0.0,AR_ASO2
AR,13,20,0.175,0.175,0.0,AR_ASO2
AR,14,21,0.30063982989664806,0.35,-0.04936017010335192,AR_ASO3
AR,15,21,0.30063982989664806,0.35,-0.04936017010335192,AR_ASO3
AR,16,20,0.175,0.175,0.0,AR_ASO2
AR,17,20,0.175,0.175,0.0,AR_ASO2
AR,18,20,0.175,0.175,0.0,AR_ASO2
AR,19,21,0.30063982989664806,0.35,-0.04936017010335192,AR_ASO3
AR,20,19,0.175,0.175,0.0,AR_ASO1
AR,21,21,0.30063982989664806,0.35,-0.04936017010335192,AR_ASO3
AR,22,21,0.30063982989664806,0.35,-0.04936017010335192,AR_ASO3
AR,23,19,0.175,0.175,0.0,AR_ASO1
AR,24,20,0.175,0.175,0.0,AR_ASO2
AR,25,21,0.30063982989664806,0.35,-0.04936017010335192,AR_ASO3
AR,26,20,0.175,0.175,0.0,AR_ASO2
AR,27,19,0.175,0.175,0.0,AR_ASO1
AR,28,21,0.30063982989664806,0.35,-0.04936017010335192,AR_ASO3
AR,29,21,0.30063982989664806,0.35,-0.04936017010335192,AR_ASO3
AR,30,21,0.30063982989664806,0.35,-0.04936017010335192,AR_ASO3
AR,31,19,0.175,0.175,0.0,AR_ASO1
AR,32,19,0.175,0.175,0.0,AR_ASO1
AR,33,21,0.30063982989664806,0.35,-0.04936017010335192,AR_ASO3
AR,34,19,0.175,0.175,0.0,AR_ASO1
AR,35,20,0.175,0.175,0.0,AR_ASO2
AR,36,19,0.175,0.175,0.0,AR_ASO1
AR,37,19,0.175,0.175,0.0,AR_ASO1
AR,38,20,0.175,0.175,0.0,AR_ASO2
AR,39,20,0.175,0.175,0.0,AR_ASO2
AR,40,20,0.175,0.175,0.0,AR_ASO2
AR,41,19,0.175,0.175,0.0,AR_ASO1
AR,42,19,0.175,0.175,0.0,AR_ASO1
AR,43,19,0.175,0.175,0.0,AR_ASO1
AR,44,19,0.175,0.175,0.0,AR_ASO1
AR,45,21,0.30063982989664806,0.35,-0.04936017010335192,AR_ASO3
AR,46,20,0.175,0.175,0.0,AR_ASO2
AR,47,20,0.175,0.175,0.0,AR_ASO2
AR,48,19,0.175,0.175,0.0,AR_ASO1
AR,49,20,0.175,0.175,0.0,AR_ASO2
AR,50,21,0.30063982989664806,0.35,-0.04936017010335192,AR_ASO3
AR,51,20,0.175,0.175,0.0,AR_ASO2
AR,52,20,0.175,0.175,0.0,AR_ASO2
AR,53,21,0.30063982989664806,0.35,-0.04936017010335192,AR_ASO3
AR,54,21,0.30063982989664806,0.35,-0.04936017010335192,AR_ASO3
AR,55,21,0.30063982989664806,0.35,-0.04936017010335192,AR_ASO3
AR,56,20,0.175,0.175,0.0,AR_ASO2
AR,57,21,0.30063982989664806,0.35,-0.04936017010335192,AR_ASO3
AR,58,21,0.30063982989664806,0.35,-0.04936017010335192,AR_ASO3
AR,59,20,0.175,0.175,0.0,AR_ASO2
AR,60,21,0.30063982989664806,0.35,-0.04936017010335192,AR_ASO3
AR,61,21,0.30063982989664806,0.35,-0.04936017010335192,AR_ASO3
AR,62,21,0.30063982989664806,0.35,-0.04936017010335192,AR_ASO3
AR,63,20,0.175,0.175,0.0,AR_ASO2
AR,64,21,0.30063982989664806,0.35,-0.04936017010335192,AR_ASO3
AR,65,19,0.175,0.175,0.0,AR_ASO1
AR,66,20,0.175,0.175,0.0,AR_ASO2
AR,67,21,0.30063982989664806,0.35,-0.04936017010335192,AR_ASO3
AR,68,21,0.30063982989664806,0.35,-0.04936017010335192,AR_ASO3
AR,69,20,0.175,0.175,0.0,AR_ASO2
AR,70,20,0.175,0.175,0.0,AR_ASO2
AR,71,19,0.175,0.175,0.0,AR_ASO1
AR,72,20,0.175,0.175,0.0,AR_ASO2
AR,73,20,0.175,0.175,0.0,AR_ASO2
AR,74,21,0.30063982989664806,0.35,-0.04936017010335192,AR_ASO3
AR,75,21,0.30063982989664806,0.35,-0.04936017010335192,AR_ASO3
AR,76,19,0.175,0.175,0.0,AR_ASO1
AR,77,21,0.30063982989664806,0.35,-0.04936017010335192,AR_ASO3
AR,78,20,0.175,0.175,0.0,AR_ASO2
AR,79,20,0.175,0.175,0.0,AR_ASO2
AR,80,21,0.30063982989664806,0.35,-0.04936017010335192,AR_ASO3
AR,81,20,0.175,0.175,0.0,AR_ASO2
AR,82,19,0.175,0.175,0.0,AR_ASO1
AR,83,19,0.175,0.175,0.0,AR_ASO1
AR,84,21,0.30063982989664806,0.35,-0.04936017010335192,AR_ASO3
AR,85,20,0.175,0.175,0.0,AR_ASO2
AR,86,20,0.175,0.175,0.0,AR_ASO2
AR,87,20,0.175,0.175,0.0,AR_ASO2
AR,88,21,0.30063982989664806,0.35,-0.04936017010335192,AR_ASO3
AR,89,20,0.175,0.175,0.0,AR_ASO2
AR,90,19,0.175,0.175,0.0,AR_ASO1
AR,91,21,0.30063982989664806,0.35,-0.04936017010335192,AR_ASO3
AR,92,19,0.175,0.175,0.0,AR_ASO1
AR,93,19,0.175,0.175,0.0,AR_ASO1
AR,94,21,0.30063982989664806,0.35,-0.04936017010335192,AR_ASO3
AR,95,20,0.175,0.175,0.0,AR_ASO2
AR,96,19,0.175,0.175,0.0,AR_ASO1
AR,97,19,0.175,0.175,0.0,AR_ASO1
AR,98,20,0.175,0.175,0.0,AR_ASO2
AR,99,21,0.30063982989664806,0.35,-0.04936017010335192,AR_ASO3
AR,100,20,0.175,0.175,0.0,AR_ASO2
AR,101,21,0.30063982989664806,0.35,-0.04936017010335192,AR_ASO3
AR,102,19,0.175,0.175,0.0,AR_ASO1
AR,103,19,0.175,0.175,0.0,AR_ASO1
AR,104,21,0.30063982989664806,0.35,-0.04936017010335192,AR_ASO3
AR,105,21,0.30063982989664806,0.35,-0.04936017010335192,AR_ASO3
AR,106,19,0.175,0.175,0.0,AR_ASO1
AR,107,19,0.175,0.175,0.0,AR_ASO1
AR,108,21,0.30063982989664806,0.35,-0.04936017010335192,AR_ASO3
AR,109,20,0.175,0.175,0.0,AR_ASO2
AR,110,20,0.175,0.175,0.0,AR_ASO2
AR,111,19,0.175,0.175,0.0,AR_ASO1
AR,112,21,0.30063982989664806,0.35,-0.04936017010335192,AR_ASO3
AR,113,20,0.175,0.175,0.0,AR_ASO2
AR,114,21,0.30063982989664806,0.35,-0.04936017010335192,AR_ASO3
AR,115,21,0.30063982989664806,0.35,-0.04936017010335192,AR_ASO3
AR,116,21,0.30063982989664806,0.35,-0.04936017010335192,AR_ASO3
AR,117,19,0.175,0.175,0.0,AR_ASO1
AR,118,21,0.30063982989664806,0.35,-0.04936017010335192,AR_ASO3
AR,119,19,0.175,0.175,0.0,AR_ASO1
AR,120,20,0.175,0.175,0.0,AR_ASO2
AR,121,20,0.175,0.175,0.0,AR_ASO2
AR,122,21,0.30063982989664806,0.35,-0.04936017010335192,AR_ASO3
AR,123,19,0.175,0.175,0.0,AR_ASO1
AR,124,21,0.30063982989664806,0.35,-0.04936017010335192,AR_ASO3
AR,125,19,0.175,0.175,0.0,AR_ASO1
AR,126,20,0.175,0.175,0.0,AR_ASO2
AR,127,20,0.175,0.175,0.0,AR_ASO2
AR,128,21,0.30063982989664806,0.35,-0.04936017010335192,AR_ASO3
AR,129,19,0.175,0.175,0.0,AR_ASO1
AR,130,21,0.30063982989664806,0.35,-0.04936017010335192,AR_ASO3
AR,131,21,0.30063982989664806,0.35,-0.04936017010335192,AR_ASO3
AR,132,21,0.30063982989664806,0.35,-0.04936017010335192,AR_ASO3
AR,133,19,0.175,0.175,0.0,AR_ASO1
AR,134,21,0.30063982989664806,0.35,-0.04936017010335192,AR_ASO3
AR,135,21,0.30063982989664806,0.35,-0.04936017010335192,AR_ASO3
AR,136,19,0.175,0.175,0.0,AR_ASO1
AR,137,20,0.175,0.175,0.0,AR_ASO2
AR,138,20,0.175,0.175,0.0,AR_ASO2
AR,139,19,0.175,0.175,0.0,AR_ASO1
AR,140,20,0.175,0.175,0.0,AR_ASO2
AR,141,20,0.175,0.175,0.0,AR_ASO2
AR,142,21,0.30063982989664806,0.35,-0.04936017010335192,AR_ASO3
AR,143,21,0.30063982989664806,0.35,-0.04936017010335192,AR_ASO3
AR,144,20,0.175,0.175,0.0,AR_ASO2
AR,145,20,0.175,0.175,0.0,AR_ASO2
AR,146,20,0.175,0.175,0.0,AR_ASO2
AR,147,21,0.30063982989664806,0.35,-0.04936017010335192,AR_ASO3
AR,148,19,0.175,0.175,0.0,AR_ASO1
AR,149,20,0.175,0.175,0.0,AR_ASO2
AR,150,19,0.175,0.175,0.0,AR_ASO1
AR,151,20,0.175,0.175,0.0,AR_ASO2
AR,152,21,0.30063982989664806,0.35,-0.04936017010335192,AR_ASO3
AR,153,20,0.175,0.175,0.0,AR_ASO2
AR,154,20,0.175,0.175,0.0,AR_ASO2
AR,155,21,0.30063982989664806,0.35,-0.04936017010335192,AR_ASO3
AR,156,20,0.175,0.175,0.0,AR_ASO2
AR,157,21,0.30063982989664806,0.35,-0.04936017010335192,AR_ASO3
AR,158,19,0.175,0.175,0.0,AR_ASO1
AR,159,20,0.175,0.175,0.0,AR_ASO2
AR,160,21,0.30063982989664806,0.35,-0.04936017010335192,AR_ASO3
AR,161,21,0.30063982989664806,0.35,-0.04936017010335192,AR_ASO3
AR,162,20,0.175,0.175,0.0,AR_ASO2
AR,163,20,0.175,0.175,0.0,AR_ASO2
AR,164,20,0.175,0.175,0.0,AR_ASO2
AR,165,20,0.175,0.175,0.0,AR_ASO2
AR,166,19,0.175,0.175,0.0,AR_ASO1
AR,167,21,0.30063982989664806,0.35,-0.04936017010335192,AR_ASO3
AR,168,19,0.175,0.175,0.0,AR_ASO1
AR,169,20,0.175,0.175,0.0,AR_ASO2
AR,170,19,0.175,0.175,0.0,AR_ASO1
AR,171,21,0.30063982989664806,0.35,-0.04936017010335192,AR_ASO3
AR,172,21,0.30063982989664806,0.35,-0.04936017010335192,AR_ASO3
AR,173,21,0.30063982989664806,0.35,-0.04936017010335192,AR_ASO3
AR,174,21,0.30063982989664806,0.35,-0.04936017010335192,AR_ASO3
AR,175,21,0.30063982989664806,0.35,-0.04936017010335192,AR_ASO3
AR,176,19,0.175,0.175,0.0,AR_ASO1
AR,177,19,0.175,0.175,0.0,AR_ASO1
AR,178,19,0.175,0.175,0.0,AR_ASO1
AR,179,21,0.30063982989664806,0.35,-0.04936017010335192,AR_ASO3
AR,180,21,0.30063982989664806,0.35,-0.04936017010335192,AR_ASO3
AR,181,21,0.30063982989664806,0.35,-0.04936017010335192,AR_ASO3
AR,182,21,0.30063982989664806,0.35,-0.04936017010335192,AR_ASO3
AR,183,21,0.30063982989664806,0.35,-0.04936017010335192,AR_ASO3
AR,184,21,0.30063982989664806,0.35,-0.04936017010335192,AR_ASO3
AR,185,19,0.175,0.175,0.0,AR_ASO1
AR,186,19,0.175,0.175,0.0,AR_ASO1
AR,187,21,0.30063982989664806,0.35,-0.04936017010335192,AR_ASO3
AR,188,19,0.175,0.175,0.0,AR_ASO1
AR,189,21,0.30063982989664806,0.35,-0.04936017010335192,AR_ASO3
AR,190,21,0.30063982989664806,0.35,-0.04936017010335192,AR_ASO3
AR,191,21,0.30063982989664806,0.35,-0.04936017010335192,AR_ASO3
AR,192,20,0.175,0.175,0.0,AR_ASO2
AR,193,19,0.175,0.175,0.0,AR_ASO1
AR,194,20,0.175,0.175,0.0,AR_ASO2
AR,195,21,0.30063982989664806,0.35,-0.04936017010335192,AR_ASO3
AR,196,20,0.175,0.175,0.0,AR_ASO2
AR,197,21,0.30063982989664806,0.35,-0.04936017010335192,AR_ASO3
AR,198,20,0.175,0.175,0.0,AR_ASO2
AR,199,21,0.30063982989664806,0.35,-0.04936017010335192,AR_ASO3
AR,200,19,0.175,0.175,0.0,AR_ASO1
AR,201,20,0.175,0.175,0.0,AR_ASO2
AR,202,19,0.175,0.175,0.0,AR_ASO1
AR,203,19,0.175,0.175,0.0,AR_ASO1
AR,204,21,0.30063982989664806,0.35,-0.04936017010335192,AR_ASO3
AR,205,21,0.30063982989664806,0.35,-0.04936017010335192,AR_ASO3
AR,206,19,0.175,0.175,0.0,AR_ASO1
AR,207,21,0.30063982989664806,0.35,-0.04936017010335192,AR_ASO3
AR,208,21,0.30063982989664806,0.35,-0.04936017010335192,AR_ASO3
AR,209,19,0.175,0.175,0.0,AR_ASO1
AR,210,20,0.175,0.175,0.0,AR_ASO2
AR,211,20,0.175,0.175,0.0,AR_ASO2
AR,212,20,0.175,0.175,0.0,AR_ASO2
AR,213,20,0.175,0.175,0.0,AR_ASO2
AR,214,19,0.175,0.175,0.0,AR_ASO1
AR,215,21,0.30063982989664806,0.35,-0.04936017010335192,AR_ASO3
AR,216,21,0.30063982989664806,0.35,-0.04936017010335192,AR_ASO3
AR,217,19,0.175,0.175,0.0,AR_ASO1
AR,218,21,0.30063982989664806,0.35,-0.04936017010335192,AR_ASO3
AR,219,21,0.30063982989664806,0.35,-0.04936017010335192,AR_ASO3
AR,220,19,0.175,0.175,0.0,AR_ASO1
AR,221,20,0.175,0.175,0.0,AR_ASO2
AR,222,20,0.175,0.175,0.0,AR_ASO2
AR,223,19,0.175,0.175,0.0,AR_ASO1
AR,224,21,0.30063982989664806,0.35,-0.04936017010335192,AR_ASO3
AR,225,21,0.30063982989664806,0.35,-0.04936017010335192,AR_ASO3
AR,226,19,0.175,0.175,0.0,AR_ASO1
AR,227,19,0.175,0.175,0.0,AR_ASO1
AR,228,19,0.175,0.175,0.0,AR_ASO1
AR,229,21,0.30063982989664806,0.35,-0.04936017010335192,AR_ASO3
AR,230,19,0.175,0.175,0.0,AR_ASO1
AR,231,20,0.175,0.175,0.0,AR_ASO2
AR,232,21,0.30063982989664806,0.35,-0.04936017010335192,AR_ASO3
AR,233,21,0.30063982989664806,0.35,-0.04936017010335192,AR_ASO3
AR,234,19,0.175,0.175,0.0,AR_ASO1
AR,235,19,0.175,0.175,0.0,AR_ASO1
AR,236,20,0.175,0.175,0.0,AR_ASO2
AR,237,21,0.30063982989664806,0.35,-0.04936017010335192,AR_ASO3
AR,238,20,0.175,0.175,0.0,AR_ASO2
AR,239,19,0.175,0.175,0.0,AR_ASO1
AR,240,20,0.175,0.175,0.0,AR_ASO2
AR,241,20,0.175,0.175,0.0,AR_ASO2
AR,242,19,0.175,0.175,0.0,AR_ASO1
AR,243,20,0.175,0.175,0.0,AR_ASO2
AR,244,21,0.30063982989664806,0.35,-0.04936017010335192,AR_ASO3
AR,245,21,0.30063982989664806,0.35,-0.04936017010335192,AR_ASO3
AR,246,19,0.175,0.175,0.0,AR_ASO1
AR,247,20,0.175,0.175,0.0,AR_ASO2
AR,248,21,0.30063982989664806,0.35,-0.04936017010335192,AR_ASO3
AR,249,19,0.175,0.175,0.0,AR_ASO1
AR,250,19,0.175,0.175,0.0,AR_ASO1
AR,251,19,0.175,0.175,0.0,AR_ASO1
AR,252,19,0.175,0.175,0.0,AR_ASO1
AR,253,21,0.30063982989664806,0.35,-0.04936017010335192,AR_ASO3
AR,254,19,0.175,0.175,0.0,AR_ASO1
AR,255,19,0.175,0.175,0.0,AR_ASO1
AR,256,19,0.175,0.175,0.0,AR_ASO1
AR,257,19,0.175,0.175,0.0,AR_ASO1
AR,258,21,0.30063982989664806,0.35,-0.04936017010335192,AR_ASO3
AR,259,19,0.175,0.175,0.0,AR_ASO1
AR,260,21,0.30063982989664806,0.35,-0.04936017010335192,AR_ASO3
AR,261,20,0.175,0.175,0.0,AR_ASO2
AR,262,21,0.30063982989664806,0.35,-0.04936017010335192,AR_ASO3
AR,263,20,0.175,0.175,0.0,AR_ASO2
AR,264,21,0.30063982989664806,0.35,-0.04936017010335192,AR_ASO3
AR,265,21,0.30063982989664806,0.35,-0.04936017010335192,AR_ASO3
AR,266,19,0.175,0.175,0.0,AR_ASO1
AR,267,20,0.175,0.175,0.0,AR_ASO2
AR,268,20,0.175,0.175,0.0,AR_ASO2
AR,269,19,0.175,0.175,0.0,AR_ASO1
AR,270,20,0.175,0.175,0.0,AR_ASO2
AR,271,20,0.175,0.175,0.0,AR_ASO2
AR,272,20,0.175,0.175,0.0,AR_ASO2
AR,273,21,0.30063982989664806,0.35,-0.04936017010335192,AR_ASO3
AR,274,21,0.30063982989664806,0.35,-0.04936017010335192,AR_ASO3
AR,275,20,0.175,0.175,0.0,AR_ASO2
AR,276,21,0.30063982989664806,0.35,-0.04936017010335192,AR_ASO3
AR,277,21,0.30063982989664806,0.35,-0.04936017010335192,AR_ASO3
AR,278,20,0.175,0.175,0.0,AR_ASO2
AR,279,20,0.175,0.175,0.0,AR_ASO2
AR,280,19,0.175,0.175,0.0,AR_ASO1
AR,281,20,0.175,0.175,0.0,AR_ASO2
AR,282,19,0.175,0.175,0.0,AR_ASO1
AR,283,20,0.175,0.175,0.0,AR_ASO2
AR,284,19,0.175,0.175,0.0,AR_ASO1
AR,285,21,0.30063982989664806,0.35,-0.04936017010335192,AR_ASO3
AR,286,21,0.30063982989664806,0.35,-0.04936017010335192,AR_ASO3
AR,287,19,0.175,0.175,0.0,AR_ASO1
AR,288,21,0.30063982989664806,0.35,-0.04936017010335192,AR_ASO3
AR,289,20,0.175,0.175,0.0,AR_ASO2
AR,290,19,0.175,0.175,0.0,AR_ASO1
AR,291,21,0.30063982989664806,0.35,-0.04936017010335192,AR_ASO3
AR,292,21,0.30063982989664806,0.35,-0.04936017010335192,AR_ASO3
AR,293,19,0.175,0.175,0.0,AR_ASO1
AR,294,20,0.175,0.175,0.0,AR_ASO2
AR,295,21,0.30063982989664806,0.35,-0.04936017010335192,AR_ASO3
AR,296,21,0.30063982989664806,0.35,-0.04936017010335192,AR_ASO3
AR,297,20,0.175,0.175,0.0,AR_ASO2
AR,298,21,0.30063982989664806,0.35,-0.04936017010335192,AR_ASO3
AR,299,21,0.30063982989664806,0.35,-0.04936017010335192,AR_ASO3
AR,300,19,0.175,0.175,0.0,AR_ASO1
AR,301,19,0.175,0.175,0.0,AR_ASO1
AR,302,19,0.175,0.175,0.0,AR_ASO1
AR,303,20,0.175,0.175,0.0,AR_ASO2
AR,304,19,0.175,0.175,0.0,AR_ASO1
AR,305,19,0.175,0.175,0.0,AR_ASO1
AR,306,19,0.175,0.175,0.0,AR_ASO1
AR,307,20,0.175,0.175,0.0,AR_ASO2
AR,308,20,0.175,0.175,0.0,AR_ASO2
AR,309,19,0.175,0.175,0.0,AR_ASO1
AR,310,21,0.30063982989664806,0.35,-0.04936017010335192,AR_ASO3
AR,311,21,0.30063982989664806,0.35,-0.04936017010335192,AR_ASO3
AR,312,20,0.175,0.175,0.0,AR_ASO2
AR,313,21,0.30063982989664806,0.35,-0.04936017010335192,AR_ASO3
AR,314,21,0.30063982989664806,0.35,-0.04936017010335192,AR_ASO3
AR,315,19,0.175,0.175,0.0,AR_ASO1
AR,316,19,0.175,0.175,0.0,AR_ASO1
AR,317,21,0.30063982989664806,0.35,-0.04936017010335192,AR_ASO3
AR,318,20,0.175,0.175,0.0,AR_ASO2
AR,319,19,0.175,0.175,0.0,AR_ASO1
AR,320,20,0.175,0.175,0.0,AR_ASO2
AR,321,20,0.175,0.175,0.0,AR_ASO2
AR,322,20,0.175,0.175,0.0,AR_ASO2
AR,323,20,0.175,0.175,0.0,AR_ASO2
AR,324,19,0.175,0.175,0.0,AR_ASO1
AR,325,20,0.175,0.175,0.0,AR_ASO2
AR,326,20,0.175,0.175,0.0,AR_ASO2
AR,327,21,0.30063982989664806,0.35,-0.04936017010335192,AR_ASO3
AR,328,21,0.30063982989664806,0.35,-0.04936017010335192,AR_ASO3
AR,329,21,0.30063982989664806,0.35,-0.04936017010335192,AR_ASO3
AR,330,19,0.175,0.175,0.0,AR_ASO1
AR,331,19,0.175,0.175,0.0,AR_ASO1
AR,332,21,0.30063982989664806,0.35,-0.04936017010335192,AR_ASO3
AR,333,19,0.175,0.175,0.0,AR_ASO1
AR,334,20,0.175,0.175,0.0,AR_ASO2
AR,335,21,0.30063982989664806,0.35,-0.04936017010335192,AR_ASO3
AR,336,20,0.175,0.175,0.0,AR_ASO2
AR,337,21,0.30063982989664806,0.35,-0.04936017010335192,AR_ASO3
AR,338,19,0.175,0.175,0.0,AR_ASO1
AR,339,20,0.175,0.175,0.0,AR_ASO2
AR,340,20,0.175,0.175,0.0,AR_ASO2
AR,341,20,0.175,0.175,0.0,AR_ASO2
AR,342,20,0.175,0.175,0.0,AR_ASO2
AR,343,21,0.30063982989664806,0.35,-0.04936017010335192,AR_ASO3
AR,344,21,0.30063982989664806,0.35,-0.04936017010335192,AR_ASO3
AR,345,19,0.175,0.175,0.0,AR_ASO1
AR,346,19,0.175,0.175,0.0,AR_ASO1
AR,347,19,0.175,0.175,0.0,AR_ASO1
AR,348,19,0.175,0.175,0.0,AR_ASO1
AR,349,21,0.30063982989664806,0.35,-0.04936017010335192,AR_ASO3
AR,350,19,0.175,0.175,0.0,AR_ASO1
AR,351,21,0.30063982989664806,0.35,-0.04936017010335192,AR_ASO3
AR,352,19,0.175,0.175,0.0,AR_ASO1
AR,353,21,0.30063982989664806,0.35,-0.04936017010335192,AR_ASO3
AR,354,20,0.175,0.175,0.0,AR_ASO2
AR,355,21,0.30063982989664806,0.35,-0.04936017010335192,AR_ASO3
AR,356,20,0.175,0.175,0.0,AR_ASO2
AR,357,21,0.30063982989664806,0.35,-0.04936017010335192,AR_ASO3
AR,358,21,0.30063982989664806,0.35,-0.04936017010335192,AR_ASO3
AR,359,21,0.30063982989664806,0.35,-0.04936017010335192,AR_ASO3
AR,360,20,0.175,0.175,0.0,AR_ASO2
AR,361,21,0.30063982989664806,0.35,-0.04936017010335192,AR_ASO3
AR,362,21,0.30063982989664806,0.35,-0.04936017010335192,AR_ASO3
AR,363,19,0.175,0.175,0.0,AR_ASO1
AR,364,20,0.175,0.175,0.0,AR_ASO2
AR,365,19,0.175,0.175,0.0,AR_ASO1
AR,366,19,0.175,0.175,0.0,AR_ASO1
AR,367,21,0.30063982989664806,0.35,-0.04936017010335192,AR_ASO3
AR,368,19,0.175,0.175,0.0,AR_ASO1
AR,369,21,0.30063982989664806,0.35,-0.04936017010335192,AR_ASO3
AR,370,21,0.30063982989664806,0.35,-0.04936017010335192,AR_ASO3
AR,371,19,0.175,0.175,0.0,AR_ASO1
AR,372,21,0.30063982989664806,0.35,-0.04936017010335192,AR_ASO3
AR,373,20,0.175,0.175,0.0,AR_ASO2
AR,374,21,0.30063982989664806,0.35,-0.04936017010335192,AR_ASO3
AR,375,21,0.30063982989664806,0.35,-0.04936017010335192,AR_ASO3
AR,376,20,0.175,0.175,0.0,AR_ASO2
AR,377,20,0.175,0.175,0.0,AR_ASO2
AR,378,21,0.30063982989664806,0.35,-0.04936017010335192,AR_ASO3
AR,379,20,0.175,0.175,0.0,AR_ASO2
AR,380,21,0.30063982989664806,0.35,-0.04936017010335192,AR_ASO3
AR,381,19,0.175,0.175,0.0,AR_ASO1
AR,382,21,0.30063982989664806,0.35,-0.04936017010335192,AR_ASO3
AR,383,20,0.175,0.175,0.0,AR_ASO2
AR,384,21,0.30063982989664806,0.35,-0.04936017010335192,AR_ASO3
AR,385,20,0.175,0.175,0.0,AR_ASO2
AR,386,19,0.175,0.175,0.0,AR_ASO1
AR,387,19,0.175,0.175,0.0,AR_ASO1
AR,388,20,0.175,0.175,0.0,AR_ASO2
AR,389,21,0.30063982989664806,0.35,-0.04936017010335192,AR_ASO3
AR,390,19,0.175,0.175,0.0,AR_ASO1
AR,391,20,0.175,0.175,0.0,AR_ASO2
AR,392,20,0.175,0.175,0.0,AR_ASO2
AR,393,19,0.175,0.175,0.0,AR_ASO1
AR,394,20,0.175,0.175,0.0,AR_ASO2
AR,395,21,0.30063982989664806,0.35,-0.04936017010335192,AR_ASO3
AR,396,21,0.30063982989664806,0.35,-0.04936017010335192,AR_ASO3
AR,397,21,0.30063982989664806,0.35,-0.04936017010335192,AR_ASO3
AR,398,20,0.175,0.175,0.0,AR_ASO2
AR,399,20,0.175,0.175,0.0,AR_ASO2
AR,400,21,0.30063982989664806,0.35,-0.04936017010335192,AR_ASO3
AR,401,19,0.175,0.175,0.0,AR_ASO1
AR,402,21,0.30063982989664806,0.35,-0.04936017010335192,AR_ASO3
AR,403,19,0.175,0.175,0.0,AR_ASO1
AR,404,20,0.175,0.175,0.0,AR_ASO2
AR,405,21,0.30063982989664806,0.35,-0.04936017010335192,AR_ASO3
AR,406,20,0.175,0.175,0.0,AR_ASO2
AR,407,19,0.175,0.175,0.0,AR_ASO1
AR,408,20,0.175,0.175,0.0,AR_ASO2
AR,409,20,0.175,0.175,0.0,AR_ASO2
AR,410,21,0.30063982989664806,0.35,-0.04936017010335192,AR_ASO3
AR,411,20,0.175,0.175,0.0,AR_ASO2
AR,412,21,0.30063982989664806,0.35,-0.04936017010335192,AR_ASO3
AR,413,21,0.30063982989664806,0.35,-0.04936017010335192,AR_ASO3
AR,414,19,0.175,0.175,0.0,AR_ASO1
AR,415,19,0.175,0.175,0.0,AR_ASO1
AR,416,20,0.175,0.175,0.0,AR_ASO2
AR,417,20,0.175,0.175,0.0,AR_ASO2
AR,418,20,0.175,0.175,0.0,AR_ASO2
AR,419,21,0.30063982989664806,0.35,-0.04936017010335192,AR_ASO3
AR,420,19,0.175,0.175,0.0,AR_ASO1
AR,421,19,0.175,0.175,0.0,AR_ASO1
AR,422,21,0.30063982989664806,0.35,-0.04936017010335192,AR_ASO3
AR,423,20,0.175,0.175,0.0,AR_ASO2
AR,424,21,0.30063982989664806,0.35,-0.04936017010335192,AR_ASO3
AR,425,19,0.175,0.175,0.0,AR_ASO1
AR,426,21,0.30063982989664806,0.35,-0.04936017010335192,AR_ASO3
AR,427,21,0.30063982989664806,0.35,-0.04936017010335192,AR_ASO3
AR,428,19,0.175,0.175,0.0,AR_ASO1
AR,429,19,0.175,0.175,0.0,AR_ASO1
AR,430,19,0.175,0.175,0.0,AR_ASO1
AR,431,20,0.175,0.175,0.0,AR_ASO2
AR,432,21,0.30063982989664806,0.35,-0.04936017010335192,AR_ASO3
AR,433,21,0.30063982989664806,0.35,-0.04936017010335192,AR_ASO3
AR,434,19,0.175,0.175,0.0,AR_ASO1
AR,435,20,0.175,0.175,0.0,AR_ASO2
AR,436,20,0.175,0.175,0.0,AR_ASO2
AR,437,21,0.30063982989664806,0.35,-0.04936017010335192,AR_ASO3
AR,438,19,0.175,0.175,0.0,AR_ASO1
AR,439,21,0.30063982989664806,0.35,-0.04936017010335192,AR_ASO3
AR,440,21,0.30063982989664806,0.35,-0.04936017010335192,AR_ASO3
AR,441,21,0.30063982989664806,0.35,-0.04936017010335192,AR_ASO3
AR,442,19,0.175,0.175,0.0,AR_ASO1
AR,443,19,0.175,0.175,0.0,AR_ASO1
AR,444,20,0.175,0.175,0.0,AR_ASO2
AR,445,19,0.175,0.175,0.0,AR_ASO1
AR,446,19,0.175,0.175,0.0,AR_ASO1
AR,447,19,0.175,0.175,0.0,AR_ASO1
AR,448,19,0.175,0.175,0.0,AR_ASO1
AR,449,21,0.30063982989664806,0.35,-0.04936017010335192,AR_ASO3
AR,450,21,0.30063982989664806,0.35,-0.04936017010335192,AR_ASO3
AR,451,20,0.175,0.175,0.0,AR_ASO2
AR,452,21,0.30063982989664806,0.35,-0.04936017010335192,AR_ASO3
AR,453,20,0.175,0.175,0.0,AR_ASO2
AR,454,19,0.175,0.175,0.0,AR_ASO1
AR,455,19,0.175,0.175,0.0,AR_ASO1
AR,456,19,0.175,0.175,0.0,AR_ASO1
AR,457,21,0.30063982989664806,0.35,-0.04936017010335192,AR_ASO3
AR,458,20,0.175,0.175,0.0,AR_ASO2
AR,459,19,0.175,0.175,0.0,AR_ASO1
AR,460,19,0.175,0.175,0.0,AR_ASO1
AR,461,21,0.30063982989664806,0.35,-0.04936017010335192,AR_ASO3
AR,462,19,0.175,0.175,0.0,AR_ASO1
AR,463,20,0.175,0.175,0.0,AR_ASO2
AR,464,21,0.30063982989664806,0.35,-0.04936017010335192,AR_ASO3
AR,465,20,0.175,0.175,0.0,AR_ASO2
AR,466,21,0.30063982989664806,0.35,-0.04936017010335192,AR_ASO3
AR,467,21,0.30063982989664806,0.35,-0.04936017010335192,AR_ASO3
AR,468,19,0.175,0.175,0.0,AR_ASO1
AR,469,19,0.175,0.175,0.0,AR_ASO1
AR,470,19,0.175,0.175,0.0,AR_ASO1
AR,471,20,0.175,0.175,0.0,AR_ASO2
AR,472,19,0.175,0.175,0.0,AR_ASO1
AR,473,19,0.175,0.175,0.0,AR_ASO1
AR,474,21,0.30063982989664806,0.35,-0.04936017010335192,AR_ASO3
AR,475,21,0.30063982989664806,0.35,-0.04936017010335192,AR_ASO3
AR,476,21,0.30063982989664806,0.35,-0.04936017010335192,AR_ASO3
AR,477,20,0.175,0.175,0.0,AR_ASO2
AR,478,20,0.175,0.175,0.0,AR_ASO2
AR,479,21,0.30063982989664806,0.35,-0.04936017010335192,AR_ASO3
AR,480,20,0.175,0.175,0.0,AR_ASO2
AR,481,19,0.175,0.175,0.0,AR_ASO1
AR,482,19,0.175,0.175,0.0,AR_ASO1
AR,483,21,0.30063982989664806,0.35,-0.04936017010335192,AR_ASO3
AR,484,19,0.175,0.175,0.0,AR_ASO1
AR,485,21,0.30063982989664806,0.35,-0.04936017010335192,AR_ASO3
AR,486,20,0.175,0.175,0.0,AR_ASO2
AR,487,20,0.175,0.175,0.0,AR_ASO2
AR,488,21,0.30063982989664806,0.35,-0.04936017010335192,AR_ASO3
AR,489,21,0.30063982989664806,0.35,-0.04936017010335192,AR_ASO3
AR,490,20,0.175,0.175,0.0,AR_ASO2
AR,491,20,0.175,0.175,0.0,AR_ASO2
AR,492,21,0.30063982989664806,0.35,-0.04936017010335192,AR_ASO3
AR,493,20,0.175,0.175,0.0,AR_ASO2
AR,494,20,0.175,0.175,0.0,AR_ASO2
AR,495,21,0.30063982989664806,0.35,-0.04936017010335192,AR_ASO3
AR,496,21,0.30063982989664806,0.35,-0.04936017010335192,AR_ASO3
AR,497,19,0.175,0.175,0.0,AR_ASO1
AR,498,20,0.175,0.175,0.0,AR_ASO2
AR,499,21,0.30063982989664806,0.35,-0.04936017010335192,AR_ASO3
AR,500,19,0.175,0.175,0.0,AR_ASO1
AR,501,20,0.175,0.175,0.0,AR_ASO2
AR,502,20,0.175,0.175,0.0,AR_ASO2
AR,503,19,0.175,0.175,0.0,AR_ASO1
AR,504,21,0.30063982989664806,0.35,-0.04936017010335192,AR_ASO3
AR,505,21,0.30063982989664806,0.35,-0.04936017010335192,AR_ASO3
AR,506,20,0.175,0.175,0.0,AR_ASO2
AR,507,21,0.30063982989664806,0.35,-0.04936017010335192,AR_ASO3
AR,508,19,0.175,0.175,0.0,AR_ASO1
AR,509,20,0.175,0.175,0.0,AR_ASO2
AR,510,19,0.175,0.175,0.0,AR_ASO1
AR,511,20,0.175,0.175,0.0,AR_ASO2
AR,512,19,0.175,0.175,0.0,AR_ASO1
AR,513,21,0.30063982989664806,0.35,-0.04936017010335192,AR_ASO3
AR,514,21,0.30063982989664806,0.35,-0.04936017010335192,AR_ASO3
AR,515,19,0.175,0.175,0.0,AR_ASO1
AR,516,21,0.30063982989664806,0.35,-0.04936017010335192,AR_ASO3
AR,517,21,0.30063982989664806,0.35,-0.04936017010335192,AR_ASO3
AR,518,19,0.175,0.175,0.0,AR_ASO1
AR,519,21,0.30063982989664806,0.35,-0.04936017010335192,AR_ASO3
AR,520,21,0.30063982989664806,0.35,-0.04936017010335192,AR_ASO3
AR,521,21,0.30063982989664806,0.35,-0.04936017010335192,AR_ASO3
AR,522,21,0.30063982989664806,0.35,-0.04936017010335192,AR_ASO3
AR,523,19,0.175,0.175,0.0,AR_ASO1
AR,524,20,0.175,0.175,0.0,AR_ASO2
AR,525,21,0.30063982989664806,0.35,-0.04936017010335192,AR_ASO3
AR,526,21,0.30063982989664806,0.35,-0.04936017010335192,AR_ASO3
AR,527,19,0.175,0.175,0.0,AR_ASO1
AR,528,20,0.175,0.175,0.0,AR_ASO2
AR,529,20,0.175,0.175,0.0,AR_ASO2
AR,530,21,0.30063982989664806,0.35,-0.04936017010335192,AR_ASO3
AR,531,20,0.175,0.175,0.0,AR_ASO2
AR,532,20,0.175,0.175,0.0,AR_ASO2
AR,533,20,0.175,0.175,0.0,AR_ASO2
AR,534,20,0.175,0.175,0.0,AR_ASO2
AR,535,19,0.175,0.175,0.0,AR_ASO1
AR,536,21,0.30063982989664806,0.35,-0.04936017010335192,AR_ASO3
AR,537,20,0.175,0.175,0.0,AR_ASO2
AR,538,19,0.175,0.175,0.0,AR_ASO1
AR,539,19,0.175,0.175,0.0,AR_ASO1
AR,540,20,0.175,0.175,0.0,AR_ASO2
AR,541,21,0.30063982989664806,0.35,-0.04936017010335192,AR_ASO3
AR,542,19,0.175,0.175,0.0,AR_ASO1
AR,543,21,0.30063982989664806,0.35,-0.04936017010335192,AR_ASO3
AR,544,19,0.175,0.175,0.0,AR_ASO1
AR,545,19,0.175,0.175,0.0,AR_ASO1
AR,546,20,0.175,0.175,0.0,AR_ASO2
AR,547,21,0.30063982989664806,0.35,-0.04936017010335192,AR_ASO3
AR,548,19,0.175,0.175,0.0,AR_ASO1
AR,549,21,0.30063982989664806,0.35,-0.04936017010335192,AR_ASO3
AR,550,19,0.175,0.175,0.0,AR_ASO1
AR,551,21,0.30063982989664806,0.35,-0.04936017010335192,AR_ASO3
AR,552,19,0.175,0.175,0.0,AR_ASO1
AR,553,21,0.30063982989664806,0.35,-0.04936017010335192,AR_ASO3
AR,554,19,0.175,0.175,0.0,AR_ASO1
AR,555,20,0.175,0.175,0.0,AR_ASO2
AR,556,19,0.175,0.175,0.0,AR_ASO1
AR,557,21,0.30063982989664806,0.35,-0.04936017010335192,AR_ASO3
AR,558,20,0.175,0.175,0.0,AR_ASO2
AR,559,21,0.30063982989664806,0.35,-0.04936017010335192,AR_ASO3
AR,560,20,0.175,0.175,0.0,AR_ASO2
AR,561,20,0.175,0.175,0.0,AR_ASO2
AR,562,20,0.175,0.175,0.0,AR_ASO2
AR,563,21,0.30063982989664806,0.35,-0.04936017010335192,AR_ASO3
AR,564,20,0.175,0.175,0.0,AR_ASO2
AR,565,21,0.30063982989664806,0.35,-0.04936017010335192,AR_ASO3
AR,566,19,0.175,0.175,0.0,AR_ASO1
AR,567,20,0.175,0.175,0.0,AR_ASO2
AR,568,19,0.175,0.175,0.0,AR_ASO1
AR,569,21,0.30063982989664806,0.35,-0.04936017010335192,AR_ASO3
AR,570,19,0.175,0.175,0.0,AR_ASO1
AR,571,21,0.30063982989664806,0.35,-0.04936017010335192,AR_ASO3
AR,572,21,0.30063982989664806,0.35,-0.04936017010335192,AR_ASO3
AR,573,19,0.175,0.175,0.0,AR_ASO1
AR,574,19,0.175,0.175,0.0,AR_ASO1
AR,575,21,0.30063982989664806,0.35,-0.04936017010335192,AR_ASO3
AR,576,20,0.175,0.175,0.0,AR_ASO2
AR,577,20,0.175,0.175,0.0,AR_ASO2
AR,578,21,0.30063982989664806,0.35,-0.04936017010335192,AR_ASO3
AR,579,19,0.175,0.175,0.0,AR_ASO1
AR,580,19,0.175,0.175,0.0,AR_ASO1
AR,581,20,0.175,0.175,0.0,AR_ASO2
AR,582,21,0.30063982989664806,0.35,-0.04936017010335192,AR_ASO3
AR,583,19,0.175,0.175,0.0,AR_ASO1
AR,584,20,0.175,0.175,0.0,AR_ASO2
AR,585,20,0.175,0.175,0.0,AR_ASO2
AR,586,19,0.175,0.175,0.0,AR_ASO1
AR,587,20,0.175,0.175,0.0,AR_ASO2
AR,588,20,0.175,0.175,0.0,AR_ASO2
AR,589,20,0.175,0.175,0.0,AR_ASO2
AR,590,19,0.175,0.175,0.0,AR_ASO1
AR,591,20,0.175,0.175,0.0,AR_ASO2
AR,592,21,0.30063982989664806,0.35,-0.04936017010335192,AR_ASO3
AR,593,19,0.175,0.175,0.0,AR_ASO1
AR,594,19,0.175,0.175,0.0,AR_ASO1
AR,595,21,0.30063982989664806,0.35,-0.04936017010335192,AR_ASO3
AR,596,19,0.175,0.175,0.0,AR_ASO1
AR,597,21,0.30063982989664806,0.35,-0.04936017010335192,AR_ASO3
AR,598,20,0.175,0.175,0.0,AR_ASO2
AR,599,21,0.30063982989664806,0.35,-0.04936017010335192,AR_ASO3
AR,600,20,0.175,0.175,0.0,AR_ASO2
AR,601,21,0.30063982989664806,0.35,-0.04936017010335192,AR_ASO3
AR,602,20,0.175,0.175,0.0,AR_ASO2
AR,603,20,0.175,0.175,0.0,AR_ASO2
AR,604,20,0.175,0.175,0.0,AR_ASO2
AR,605,19,0.175,0.175,0.0,AR_ASO1
AR,606,19,0.175,0.175,0.0,AR_ASO1
AR,607,21,0.30063982989664806,0.35,-0.04936017010335192,AR_ASO3
AR,608,20,0.175,0.175,0.0,AR_ASO2
AR,609,20,0.175,0.175,0.0,AR_ASO2
AR,610,19,0.175,0.175,0.0,AR_ASO1
AR,611,21,0.30063982989664806,0.35,-0.04936017010335192,AR_ASO3
AR,612,21,0.30063982989664806,0.35,-0.04936017010335192,AR_ASO3
AR,613,20,0.175,0.175,0.0,AR_ASO2
AR,614,19,0.175,0.175,0.0,AR_ASO1
AR,615,21,0.30063982989664806,0.35,-0.04936017010335192,AR_ASO3
AR,616,20,0.175,0.175,0.0,AR_ASO2
AR,617,21,0.30063982989664806,0.35,-0.04936017010335192,AR_ASO3
AR,618,19,0.175,0.175,0.0,AR_ASO1
AR,619,20,0.175,0.175,0.0,AR_ASO2
AR,620,21,0.30063982989664806,0.35,-0.04936017010335192,AR_ASO3
AR,621,19,0.175,0.175,0.0,AR_ASO1
AR,622,19,0.175,0.175,0.0,AR_ASO1
AR,623,20,0.175,0.175,0.0,AR_ASO2
AR,624,21,0.30063982989664806,0.35,-0.04936017010335192,AR_ASO3
AR,625,21,0.30063982989664806,0.35,-0.04936017010335192,AR_ASO3
AR,626,21,0.30063982989664806,0.35,-0.04936017010335192,AR_ASO3
AR,627,20,0.175,0.175,0.0,AR_ASO2
AR,628,20,0.175,0.175,0.0,AR_ASO2
AR,629,20,0.175,0.175,0.0,AR_ASO2
AR,630,21,0.30063982989664806,0.35,-0.04936017010335192,AR_ASO3
AR,631,19,0.175,0.175,0.0,AR_ASO1
AR,632,19,0.175,0.175,0.0,AR_ASO1
AR,633,21,0.30063982989664806,0.35,-0.04936017010335192,AR_ASO3
AR,634,19,0.175,0.175,0.0,AR_ASO1
AR,635,19,0.175,0.175,0.0,AR_ASO1
AR,636,21,0.30063982989664806,0.35,-0.04936017010335192,AR_ASO3
AR,637,19,0.175,0.175,0.0,AR_ASO1
AR,638,21,0.30063982989664806,0.35,-0.04936017010335192,AR_ASO3
AR,639,21,0.30063982989664806,0.35,-0.04936017010335192,AR_ASO3
AR,640,19,0.175,0.175,0.0,AR_ASO1
AR,641,20,0.175,0.175,0.0,AR_ASO2
AR,642,19,0.175,0.175,0.0,AR_ASO1
AR,643,20,0.175,0.175,0.0,AR_ASO2
AR,644,20,0.175,0.175,0.0,AR_ASO2
AR,645,21,0.30063982989664806,0.35,-0.04936017010335192,AR_ASO3
AR,646,21,0.30063982989664806,0.35,-0.04936017010335192,AR_ASO3
AR,647,19,0.175,0.175,0.0,AR_ASO1
AR,648,19,0.175,0.175,0.0,AR_ASO1
AR,649,21,0.30063982989664806,0.35,-0.04936017010335192,AR_ASO3
AR,650,19,0.175,0.175,0.0,AR_ASO1
AR,651,19,0.175,0.175,0.0,AR_ASO1
AR,652,20,0.175,0.175,0.0,AR_ASO2
AR,653,19,0.175,0.175,0.0,AR_ASO1
AR,654,21,0.30063982989664806,0.35,-0.04936017010335192,AR_ASO3
AR,655,21,0.30063982989664806,0.35,-0.04936017010335192,AR_ASO3
AR,656,19,0.175,0.175,0.0,AR_ASO1
AR,657,20,0.175,0.175,0.0,AR_ASO2
AR,658,20,0.175,0.175,0.0,AR_ASO2
AR,659,19,0.175,0.175,0.0,AR_ASO1
AR,660,20,0.175,0.175,0.0,AR_ASO2
AR,661,21,0.30063982989664806,0.35,-0.04936017010335192,AR_ASO3
AR,662,20,0.175,0.175,0.0,AR_ASO2
AR,663,19,0.175,0.175,0.0,AR_ASO1
AR,664,19,0.175,0.175,0.0,AR_ASO1
AR,665,20,0.175,0.175,0.0,AR_ASO2
AR,666,20,0.175,0.175,0.0,AR_ASO2
AR,667,19,0.175,0.175,0.0,AR_ASO1
AR,668,20,0.175,0.175,0.0,AR_ASO2
AR,669,19,0.175,0.175,0.0,AR_ASO1
AR,670,20,0.175,0.175,0.0,AR_ASO2
AR,671,21,0.30063982989664806,0.35,-0.04936017010335192,AR_ASO3
AR,672,19,0.175,0.175,0.0,AR_ASO1
AR,673,21,0.30063982989664806,0.35,-0.04936017010335192,AR_ASO3
AR,674,19,0.175,0.175,0.0,AR_ASO1
AR,675,20,0.175,0.175,0.0,AR_ASO2
AR,676,21,0.30063982989664806,0.35,-0.04936017010335192,AR_ASO3
AR,677,19,0.175,0.175,0.0,AR_ASO1
AR,678,21,0.30063982989664806,0.35,-0.04936017010335192,AR_ASO3
AR,679,20,0.175,0.175,0.0,AR_ASO2
AR,680,20,0.175,0.175,0.0,AR_ASO2
AR,681,19,0.175,0.175,0.0,AR_ASO1
AR,682,19,0.175,0.175,0.0,AR_ASO1
AR,683,21,0.30063982989664806,0.35,-0.04936017010335192,AR_ASO3
AR,684,20,0.175,0.175,0.0,AR_ASO2
AR,685,21,0.30063982989664806,0.35,-0.04936017010335192,AR_ASO3
AR,686,21,0.30063982989664806,0.35,-0.04936017010335192,AR_ASO3
AR,687,20,0.175,0.175,0.0,AR_ASO2
AR,688,21,0.30063982989664806,0.35,-0.04936017010335192,AR_ASO3
AR,689,20,0.175,0.175,0.0,AR_ASO2
AR,690,19,0.175,0.175,0.0,AR_ASO1
AR,691,19,0.175,0.175,0.0,AR_ASO1
AR,692,20,0.175,0.175,0.0,AR_ASO2
AR,693,19,0.175,0.175,0.0,AR_ASO1
AR,694,19,0.175,0.175,0.0,AR_ASO1
AR,695,20,0.175,0.175,0.0,AR_ASO2
AR,696,20,0.175,0.175,0.0,AR_ASO2
AR,697,20,0.175,0.175,0.0,AR_ASO2
AR,698,20,0.175,0.175,0.0,AR_ASO2
AR,699,21,0.30063982989664806,0.35,-0.04936017010335192,AR_ASO3
AR,700,21,0.30063982989664806,0.35,-0.04936017010335192,AR_ASO3
AR,701,21,0.30063982989664806,0.35,-0.04936017010335192,AR_ASO3
AR,702,19,0.175,0.175,0.0,AR_ASO1
AR,703,19,0.175,0.175,0.0,AR_ASO1
AR,704,20,0.175,0.175,0.0,AR_ASO2
AR,705,20,0.175,0.175,0.0,AR_ASO2
AR,706,21,0.30063982989664806,0.35,-0.04936017010335192,AR_ASO3
AR,707,21,0.30063982989664806,0.35,-0.04936017010335192,AR_ASO3
AR,708,21,0.30063982989664806,0.35,-0.04936017010335192,AR_ASO3
AR,709,19,0.175,0.175,0.0,AR_ASO1
AR,710,19,0.175,0.175,0.0,AR_ASO1
AR,711,19,0.175,0.175,0.0,AR_ASO1
AR,712,19,0.175,0.175,0.0,AR_ASO1
AR,713,21,0.30063982989664806,0.35,-0.04936017010335192,AR_ASO3
AR,714,20,0.175,0.175,0.0,AR_ASO2
AR,715,21,0.30063982989664806,0.35,-0.04936017010335192,AR_ASO3
AR,716,19,0.175,0.175,0.0,AR_ASO1
AR,717,20,0.175,0.175,0.0,AR_ASO2
AR,718,19,0.175,0.175,0.0,AR_ASO1
AR,719,19,0.175,0.175,0.0,AR_ASO1
AR,720,21,0.30063982989664806,0.35,-0.04936017010335192,AR_ASO3
AR,721,21,0.30063982989664806,0.35,-0.04936017010335192,AR_ASO3
AR,722,19,0.175,0.175,0.0,AR_ASO1
AR,723,20,0.175,0.175,0.0,AR_ASO2
AR,724,21,0.30063982989664806,0.35,-0.04936017010335192,AR_ASO3
AR,725,20,0.175,0.175,0.0,AR_ASO2
AR,726,21,0.30063982989664806,0.35,-0.04936017010335192,AR_ASO3
AR,727,19,0.175,0.175,0.0,AR_ASO1
AR,728,19,0.175,0.175,0.0,AR_ASO1
AR,729,19,0.175,0.175,0.0,AR_ASO1
AR,730,20,0.175,0.175,0.0,AR_ASO2
AR,731,19,0.175,0.175,0.0,AR_ASO1
AR,732,19,0.175,0.175,0.0,AR_ASO1
AR,733,20,0.175,0.175,0.0,AR_ASO2
AR,734,20,0.175,0.175,0.0,AR_ASO2
AR,735,19,0.175,0.175,0.0,AR_ASO1
AR,736,20,0.175,0.175,0.0,AR_ASO2
AR,737,21,0.30063982989664806,0.35,-0.04936017010335192,AR_ASO3
AR,738,21,0.30063982989664806,0.35,-0.04936017010335192,AR_ASO3
AR,739,19,0.175,0.175,0.0,AR_ASO1
AR,740,21,0.30063982989664806,0.35,-0.04936017010335192,AR_ASO3
AR,741,20,0.175,0.175,0.0,AR_ASO2
AR,742,20,0.175,0.175,0.0,AR_ASO2
AR,743,20,0.175,0.175,0.0,AR_ASO2
AR,744,21,0.30063982989664806,0.35,-0.04936017010335192,AR_ASO3
AR,745,19,0.175,0.175,0.0,AR_ASO1
AR,746,20,0.175,0.175,0.0,AR_ASO2
AR,747,21,0.30063982989664806,0.35,-0.04936017010335192,AR_ASO3
AR,748,20,0.175,0.175,0.0,AR_ASO2
AR,749,20,0.175,0.175,0.0,AR_ASO2
AR,750,19,0.175,0.175,0.0,AR_ASO1
AR,751,21,0.30063982989664806,0.35,-0.04936017010335192,AR_ASO3
AR,752,19,0.175,0.175,0.0,AR_ASO1
AR,753,19,0.175,0.175,0.0,AR_ASO1
AR,754,19,0.175,0.175,0.0,AR_ASO1
AR,755,20,0.175,0.175,0.0,AR_ASO2
AR,756,20,0.175,0.175,0.0,AR_ASO2
AR,757,20,0.175,0.175,0.0,AR_ASO2
AR,758,21,0.30063982989664806,0.35,-0.04936017010335192,AR_ASO3
AR,759,20,0.175,0.175,0.0,AR_ASO2
AR,760,21,0.30063982989664806,0.35,-0.04936017010335192,AR_ASO3
AR,761,19,0.175,0.175,0.0,AR_ASO1
AR,762,19,0.175,0.175,0.0,AR_ASO1
AR,763,19,0.175,0.175,0.0,AR_ASO1
AR,764,20,0.175,0.175,0.0,AR_ASO2
AR,765,21,0.30063982989664806,0.35,-0.04936017010335192,AR_ASO3
AR,766,19,0.175,0.175,0.0,AR_ASO1
AR,767,19,0.175,0.175,0.0,AR_ASO1
AR,768,20,0.175,0.175,0.0,AR_ASO2
AR,769,21,0.30063982989664806,0.35,-0.04936017010335192,AR_ASO3
AR,770,19,0.175,0.175,0.0,AR_ASO1
AR,771,21,0.30063982989664806,0.35,-0.04936017010335192,AR_ASO3
AR,772,21,0.30063982989664806,0.35,-0.04936017010335192,AR_ASO3
AR,773,20,0.175,0.175,0.0,AR_ASO2
AR,774,19,0.175,0.175,0.0,AR_ASO1
AR,775,20,0.175,0.175,0.0,AR_ASO2
AR,776,21,0.30063982989664806,0.35,-0.04936017010335192,AR_ASO3
AR,777,21,0.30063982989664806,0.35,-0.04936017010335192,AR_ASO3
AR,778,19,0.175,0.175,0.0,AR_ASO1
AR,779,21,0.30063982989664806,0.35,-0.04936017010335192,AR_ASO3
AR,780,20,0.175,0.175,0.0,AR_ASO2
AR,781,21,0.30063982989664806,0.35,-0.04936017010335192,AR_ASO3
AR,782,21,0.30063982989664806,0.35,-0.04936017010335192,AR_ASO3
AR,783,21,0.30063982989664806,0.35,-0.04936017010335192,AR_ASO3
AR,784,21,0.30063982989664806,0.35,-0.04936017010335192,AR_ASO3
AR,785,21,0.30063982989664806,0.35,-0.04936017010335192,AR_ASO3
AR,786,20,0.175,0.175,0.0,AR_ASO2
AR,787,21,0.30063982989664806,0.35,-0.04936017010335192,AR_ASO3
AR,788,20,0.175,0.175,0.0,AR_ASO2
AR,789,21,0.30063982989664806,0.35,-0.04936017010335192,AR_ASO3
AR,790,19,0.175,0.175,0.0,AR_ASO1
AR,791,19,0.175,0.175,0.0,AR_ASO1
AR,792,20,0.175,0.175,0.0,AR_ASO2
AR,793,21,0.30063982989664806,0.35,-0.04936017010335192,AR_ASO3
AR,794,21,0.30063982989664806,0.35,-0.04936017010335192,AR_ASO3
AR,795,19,0.175,0.175,0.0,AR_ASO1
AR,796,21,0.30063982989664806,0.35,-0.04936017010335192,AR_ASO3
AR,797,20,0.175,0.175,0.0,AR_ASO2
AR,798,21,0.30063982989664806,0.35,-0.04936017010335192,AR_ASO3
AR,799,20,0.175,0.175,0.0,AR_ASO2
AR,800,21,0.30063982989664806,0.35,-0.04936017010335192,AR_ASO3
AR,801,19,0.175,0.175,0.0,AR_ASO1
AR,802,20,0.175,0.175,0.0,AR_ASO2
AR,803,21,0.30063982989664806,0.35,-0.04936017010335192,AR_ASO3
AR,804,21,0.30063982989664806,0.35,-0.04936017010335192,AR_ASO3
AR,805,19,0.175,0.175,0.0,AR_ASO1
AR,806,19,0.175,0.175,0.0,AR_ASO1
AR,807,19,0.175,0.175,0.0,AR_ASO1
AR,808,21,0.30063982989664806,0.35,-0.04936017010335192,AR_ASO3
AR,809,19,0.175,0.175,0.0,AR_ASO1
AR,810,20,0.175,0.175,0.0,AR_ASO2
AR,811,21,0.30063982989664806,0.35,-0.04936017010335192,AR_ASO3
AR,812,21,0.30063982989664806,0.35,-0.04936017010335192,AR_ASO3
AR,813,19,0.175,0.175,0.0,AR_ASO1
AR,814,20,0.175,0.175,0.0,AR_ASO2
AR,815,21,0.30063982989664806,0.35,-0.04936017010335192,AR_ASO3
AR,816,20,0.175,0.175,0.0,AR_ASO2
AR,817,19,0.175,0.175,0.0,AR_ASO1
AR,818,21,0.30063982989664806,0.35,-0.04936017010335192,AR_ASO3
AR,819,20,0.175,0.175,0.0,AR_ASO2
AR,820,21,0.30063982989664806,0.35,-0.04936017010335192,AR_ASO3
AR,821,21,0.30063982989664806,0.35,-0.04936017010335192,AR_ASO3
AR,822,20,0.175,0.175,0.0,AR_ASO2
AR,823,21,0.30063982989664806,0.35,-0.04936017010335192,AR_ASO3
AR,824,21,0.30063982989664806,0.35,-0.04936017010335192,AR_ASO3
AR,825,21,0.30063982989664806,0.35,-0.04936017010335192,AR_ASO3
AR,826,20,0.175,0.175,0.0,AR_ASO2
AR,827,20,0.175,0.175,0.0,AR_ASO2
AR,828,21,0.30063982989664806,0.35,-0.04936017010335192,AR_ASO3
AR,829,21,0.30063982989664806,0.35,-0.04936017010335192,AR_ASO3
AR,830,20,0.175,0.175,0.0,AR_ASO2
AR,831,21,0.30063982989664806,0.35,-0.04936017010335192,AR_ASO3
AR,832,19,0.175,0.175,0.0,AR_ASO1
AR,833,21,0.30063982989664806,0.35,-0.04936017010335192,AR_ASO3
AR,834,19,0.175,0.175,0.0,AR_ASO1
AR,835,21,0.30063982989664806,0.35,-0.04936017010335192,AR_ASO3
AR,836,20,0.175,0.175,0.0,AR_ASO2
AR,837,20,0.175,0.175,0.0,AR_ASO2
AR,838,19,0.175,0.175,0.0,AR_ASO1
AR,839,20,0.175,0.175,0.0,AR_ASO2
AR,840,19,0.175,0.175,0.0,AR_ASO1
AR,841,20,0.175,0.175,0.0,AR_ASO2
AR,842,21,0.30063982989664806,0.35,-0.04936017010335192,AR_ASO3
AR,843,19,0.175,0.175,0.0,AR_ASO1
AR,844,19,0.175,0.175,0.0,AR_ASO1
AR,845,21,0.30063982989664806,0.35,-0.04936017010335192,AR_ASO3
AR,846,19,0.175,0.175,0.0,AR_ASO1
AR,847,19,0.175,0.175,0.0,AR_ASO1
AR,848,19,0.175,0.175,0.0,AR_ASO1
AR,849,20,0.175,0.175,0.0,AR_ASO2
AR,850,20,0.175,0.175,0.0,AR_ASO2
AR,851,20,0.175,0.175,0.0,AR_ASO2
AR,852,19,0.175,0.175,0.0,AR_ASO1
AR,853,21,0.30063982989664806,0.35,-0.04936017010335192,AR_ASO3
AR,854,19,0.175,0.175,0.0,AR_ASO1
AR,855,21,0.30063982989664806,0.35,-0.04936017010335192,AR_ASO3
AR,856,21,0.30063982989664806,0.35,-0.04936017010335192,AR_ASO3
AR,857,19,0.175,0.175,0.0,AR_ASO1
AR,858,19,0.175,0.175,0.0,AR_ASO1
AR,859,20,0.175,0.175,0.0,AR_ASO2
AR,860,19,0.175,0.175,0.0,AR_ASO1
AR,861,20,0.175,0.175,0.0,AR_ASO2
AR,862,20,0.175,0.175,0.0,AR_ASO2
AR,863,20,0.175,0.175,0.0,AR_ASO2
AR,864,21,0.30063982989664806,0.35,-0.04936017010335192,AR_ASO3
AR,865,21,0.30063982989664806,0.35,-0.04936017010335192,AR_ASO3
AR,866,19,0.175,0.175,0.0,AR_ASO1
AR,867,20,0.175,0.175,0.0,AR_ASO2
AR,868,21,0.30063982989664806,0.35,-0.04936017010335192,AR_ASO3
AR,869,21,0.30063982989664806,0.35,-0.04936017010335192,AR_ASO3
AR,870,21,0.30063982989664806,0.35,-0.04936017010335192,AR_ASO3
AR,871,20,0.175,0.175,0.0,AR_ASO2
AR,872,20,0.175,0.175,0.0,AR_ASO2
AR,873,20,0.175,0.175,0.0,AR_ASO2
AR,874,20,0.175,0.175,0.0,AR_ASO2
AR,875,19,0.175,0.175,0.0,AR_ASO1
AR,876,20,0.175,0.175,0.0,AR_ASO2
AR,877,19,0.175,0.175,0.0,AR_ASO1
AR,878,20,0.175,0.175,0.0,AR_ASO2
AR,879,21,0.30063982989664806,0.35,-0.04936017010335192,AR_ASO3
AR,880,21,0.30063982989664806,0.35,-0.04936017010335192,AR_ASO3
AR,881,21,0.30063982989664806,0.35,-0.04936017010335192,AR_ASO3
AR,882,19,0.175,0.175,0.0,AR_ASO1
AR,883,19,0.175,0.175,0.0,AR_ASO1
AR,884,20,0.175,0.175,0.0,AR_ASO2
AR,885,21,0.30063982989664806,0.35,-0.04936017010335192,AR_ASO3
AR,886,19,0.175,0.175,0.0,AR_ASO1
AR,887,21,0.30063982989664806,0.35,-0.04936017010335192,AR_ASO3
AR,888,19,0.175,0.175,0.0,AR_ASO1
AR,889,20,0.175,0.175,0.0,AR_ASO2
AR,890,19,0.175,0.175,0.0,AR_ASO1
AR,891,21,0.30063982989664806,0.35,-0.04936017010335192,AR_ASO3
AR,892,21,0.30063982989664806,0.35,-0.04936017010335192,AR_ASO3
AR,893,20,0.175,0.175,0.0,AR_ASO2
AR,894,21,0.30063982989664806,0.35,-0.04936017010335192,AR_ASO3
AR,895,20,0.175,0.175,0.0,AR_ASO2
AR,896,21,0.30063982989664806,0.35,-0.04936017010335192,AR_ASO3
AR,897,19,0.175,0.175,0.0,AR_ASO1
AR,898,19,0.175,0.175,0.0,AR_ASO1
AR,899,19,0.175,0.175,0.0,AR_ASO1
AR,900,20,0.175,0.175,0.0,AR_ASO2
AR,901,21,0.30063982989664806,0.35,-0.04936017010335192,AR_ASO3
AR,902,21,0.30063982989664806,0.35,-0.04936017010335192,AR_ASO3
AR,903,21,0.30063982989664806,0.35,-0.04936017010335192,AR_ASO3
AR,904,19,0.175,0.175,0.0,AR_ASO1
AR,905,21,0.30063982989664806,0.35,-0.04936017010335192,AR_ASO3
AR,906,19,0.175,0.175,0.0,AR_ASO1
AR,907,20,0.175,0.175,0.0,AR_ASO2
AR,908,20,0.175,0.175,0.0,AR_ASO2
AR,909,20,0.175,0.175,0.0,AR_ASO2
AR,910,20,0.175,0.175,0.0,AR_ASO2
AR,911,20,0.175,0.175,0.0,AR_ASO2
AR,912,19,0.175,0.175,0.0,AR_ASO1
AR,913,21,0.30063982989664806,0.35,-0.04936017010335192,AR_ASO3
AR,914,21,0.30063982989664806,0.35,-0.04936017010335192,AR_ASO3
AR,915,20,0.175,0.175,0.0,AR_ASO2
AR,916,20,0.175,0.175,0.0,AR_ASO2
AR,917,19,0.175,0.175,0.0,AR_ASO1
AR,918,20,0.175,0.175,0.0,AR_ASO2
AR,919,21,0.30063982989664806,0.35,-0.04936017010335192,AR_ASO3
AR,920,21,0.30063982989664806,0.35,-0.04936017010335192,AR_ASO3
AR,921,21,0.30063982989664806,0.35,-0.04936017010335192,AR_ASO3
AR,922,19,0.175,0.175,0.0,AR_ASO1
AR,923,19,0.175,0.175,0.0,AR_ASO1
AR,924,21,0.30063982989664806,0.35,-0.04936017010335192,AR_ASO3
AR,925,19,0.175,0.175,0.0,AR_ASO1
AR,926,19,0.175,0.175,0.0,AR_ASO1
AR,927,20,0.175,0.175,0.0,AR_ASO2
AR,928,19,0.175,0.175,0.0,AR_ASO1
AR,929,21,0.30063982989664806,0.35,-0.04936017010335192,AR_ASO3
AR,930,19,0.175,0.175,0.0,AR_ASO1
AR,931,20,0.175,0.175,0.0,AR_ASO2
AR,932,20,0.175,0.175,0.0,AR_ASO2
AR,933,19,0.175,0.175,0.0,AR_ASO1
AR,934,20,0.175,0.175,0.0,AR_ASO2
AR,935,19,0.175,0.175,0.0,AR_ASO1
AR,936,21,0.30063982989664806,0.35,-0.04936017010335192,AR_ASO3
AR,937,20,0.175,0.175,0.0,AR_ASO2
AR,938,19,0.175,0.175,0.0,AR_ASO1
AR,939,21,0.30063982989664806,0.35,-0.04936017010335192,AR_ASO3
AR,940,21,0.30063982989664806,0.35,-0.04936017010335192,AR_ASO3
AR,941,19,0.175,0.175,0.0,AR_ASO1
AR,942,20,0.175,0.175,0.0,AR_ASO2
AR,943,19,0.175,0.175,0.0,AR_ASO1
AR,944,20,0.175,0.175,0.0,AR_ASO2
AR,945,20,0.175,0.175,0.0,AR_ASO2
AR,946,19,0.175,0.175,0.0,AR_ASO1
AR,947,19,0.175,0.175,0.0,AR_ASO1
AR,948,20,0.175,0.175,0.0,AR_ASO2
AR,949,19,0.175,0.175,0.0,AR_ASO1
AR,950,21,0.30063982989664806,0.35,-0.04936017010335192,AR_ASO3
AR,951,21,0.30063982989664806,0.35,-0.04936017010335192,AR_ASO3
AR,952,21,0.30063982989664806,0.35,-0.04936017010335192,AR_ASO3
AR,953,21,0.30063982989664806,0.35,-0.04936017010335192,AR_ASO3
AR,954,21,0.30063982989664806,0.35,-0.04936017010335192,AR_ASO3
AR,955,20,0.175,0.175,0.0,AR_ASO2
AR,956,20,0.175,0.175,0.0,AR_ASO2
AR,957,19,0.175,0.175,0.0,AR_ASO1
AR,958,19,0.175,0.175,0.0,AR_ASO1
AR,959,19,0.175,0.175,0.0,AR_ASO1
AR,960,21,0.30063982989664806,0.35,-0.04936017010335192,AR_ASO3
AR,961,20,0.175,0.175,0.0,AR_ASO2
AR,962,21,0.30063982989664806,0.35,-0.04936017010335192,AR_ASO3
AR,963,20,0.175,0.175,0.0,AR_ASO2
AR,964,20,0.175,0.175,0.0,AR_ASO2
AR,965,20,0.175,0.175,0.0,AR_ASO2
AR,966,21,0.30063982989664806,0.35,-0.04936017010335192,AR_ASO3
AR,967,20,0.175,0.175,0.0,AR_ASO2
AR,968,20,0.175,0.175,0.0,AR_ASO2
AR,969,20,0.175,0.175,0.0,AR_ASO2
AR,970,21,0.30063982989664806,0.35,-0.04936017010335192,AR_ASO3
AR,971,21,0.30063982989664806,0.35,-0.04936017010335192,AR_ASO3
AR,972,20,0.175,0.175,0.0,AR_ASO2
AR,973,20,0.175,0.175,0.0,AR_ASO2
AR,974,19,0.175,0.175,0.0,AR_ASO1
AR,975,20,0.175,0.175,0.0,AR_ASO2
AR,976,19,0.175,0.175,0.0,AR_ASO1
AR,977,20,0.175,0.175,0.0,AR_ASO2
AR,978,19,0.175,0.175,0.0,AR_ASO1
AR,979,20,0.175,0.175,0.0,AR_ASO2
AR,980,20,0.175,0.175,0.0,AR_ASO2
AR,981,20,0.175,0.175,0.0,AR_ASO2
AR,982,20,0.175,0.175,0.0,AR_ASO2
AR,983,19,0.175,0.175,0.0,AR_ASO1
AR,984,19,0.175,0.175,0.0,AR_ASO1
AR,985,20,0.175,0.175,0.0,AR_ASO2
AR,986,21,0.30063982989664806,0.35,-0.04936017010335192,AR_ASO3
AR,987,20,0.175,0.175,0.0,AR_ASO2
AR,988,20,0.175,0.175,0.0,AR_ASO2
AR,989,20,0.175,0.175,0.0,AR_ASO2
AR,990,21,0.30063982989664806,0.35,-0.04936017010335192,AR_ASO3
AR,991,20,0.175,0.175,0.0,AR_ASO2
AR,992,20,0.175,0.175,0.0,AR_ASO2
AR,993,20,0.175,0.175,0.0,AR_ASO2
AR,994,20,0.175,0.175,0.0,AR_ASO2
AR,995,21,0.30063982989664806,0.35,-0.04936017010335192,AR_ASO3
AR,996,19,0.175,0.175,0.0,AR_ASO1
AR,997,20,0.175,0.175,0.0,AR_ASO2
AR,998,19,0.175,0.175,0.0,AR_ASO1
AR,999,21,0.30063982989664806,0.35,-0.04936017010335192,AR_ASO3
ATXN2,0,7,0.10481132740159582,0.020000000000000018,0.0848113274015958,ASO7
ATXN2,1,6,0.0848113274015958,0.020000000000000018,0.06481132740159579,Atxn2_ASO
ATXN2,2,6,0.0848113274015958,0.020000000000000018,0.06481132740159579,Atxn2_ASO
ATXN2,3,7,0.10481132740159582,0.020000000000000018,0.0848113274015958,ASO7
ATXN2,4,6,0.0848113274015958,0.020000000000000018,0.06481132740159579,Atxn2_ASO
ATXN2,5,7,0.10481132740159582,0.020000000000000018,0.0848113274015958,ASO7
ATXN2,6,6,0.0848113274015958,0.020000000000000018,0.06481132740159579,Atxn2_ASO
ATXN2,7,6,0.0848113274015958,0.020000000000000018,0.06481132740159579,Atxn2_ASO
ATXN2,8,7,0.10481132740159582,0.020000000000000018,0.0848113274015958,ASO7
ATXN2,9,6,0.0848113274015958,0.020000000000000018,0.06481132740159579,Atxn2_ASO
ATXN2,10,6,0.0848113274015958,0.020000000000000018,0.06481132740159579,Atxn2_ASO
ATXN2,11,6,0.0848113274015958,0.020000000000000018,0.06481132740159579,Atxn2_ASO
ATXN2,12,6,0.0848113274015958,0.020000000000000018,0.06481132740159579,Atxn2_ASO
ATXN2,13,6,0.0848113274015958,0.020000000000000018,0.06481132740159579,Atxn2_ASO
ATXN2,14,7,0.10481132740159582,0.020000000000000018,0.0848113274015958,ASO7
ATXN2,15,7,0.10481132740159582,0.020000000000000018,0.0848113274015958,ASO7
ATXN2,16,7,0.10481132740159582,0.020000000000000018,0.0848113274015958,ASO7
ATXN2,17,7,0.10481132740159582,0.020000000000000018,0.0848113274015958,ASO7
ATXN2,18,6,0.0848113274015958,0.020000000000000018,0.06481132740159579,Atxn2_ASO
ATXN2,19,7,0.10481132740159582,0.020000000000000018,0.0848113274015958,ASO7
ATXN2,20,6,0.0848113274015958,0.020000000000000018,0.06481132740159579,Atxn2_ASO
ATXN2,21,7,0.10481132740159582,0.020000000000000018,0.0848113274015958,ASO7
ATXN2,22,6,0.0848113274015958,0.020000000000000018,0.06481132740159579,Atxn2_ASO
ATXN2,23,7,0.10481132740159582,0.020000000000000018,0.0848113274015958,ASO7
ATXN2,24,7,0.10481132740159582,0.020000000000000018,0.0848113274015958,ASO7
ATXN2,25,7,0.10481132740159582,0.020000000000000018,0.0848113274015958,ASO7
ATXN2,26,6,0.0848113274015958,0.020000000000000018,0.06481132740159579,Atxn2_ASO
ATXN2,27,7,0.10481132740159582,0.020000000000000018,0.0848113274015958,ASO7
ATXN2,28,6,0.0848113274015958,0.020000000000000018,0.06481132740159579,Atxn2_ASO
ATXN2,29,6,0.0848113274015958,0.020000000000000018,0.06481132740159579,Atxn2_ASO
ATXN2,30,6,0.0848113274015958,0.020000000000000018,0.06481132740159579,Atxn2_ASO
ATXN2,31,7,0.10481132740159582,0.020000000000000018,0.0848113274015958,ASO7
ATXN2,32,7,0.10481132740159582,0.020000000000000018,0.0848113274015958,ASO7
ATXN2,33,6,0.0848113274015958,0.020000000000000018,0.06481132740159579,Atxn2_ASO
ATXN2,34,6,0.0848113274015958,0.020000000000000018,0.06481132740159579,Atxn2_ASO
ATXN2,35,7,0.10481132740159582,0.020000000000000018,0.0848113274015958,ASO7
ATXN2,36,7,0.10481132740159582,0.020000000000000018,0.0848113274015958,ASO7
ATXN2,37,7,0.10481132740159582,0.020000000000000018,0.0848113274015958,ASO7
ATXN2,38,7,0.10481132740159582,0.020000000000000018,0.0848113274015958,ASO7
ATXN2,39,6,0.0848113274015958,0.020000000000000018,0.06481132740159579,Atxn2_ASO
ATXN2,40,7,0.10481132740159582,0.020000000000000018,0.0848113274015958,ASO7
ATXN2,41,6,0.0848113274015958,0.020000000000000018,0.06481132740159579,Atxn2_ASO
ATXN2,42,6,0.0848113274015958,0.020000000000000018,0.06481132740159579,Atxn2_ASO
ATXN2,43,7,0.10481132740159582,0.020000000000000018,0.0848113274015958,ASO7
ATXN2,44,6,0.0848113274015958,0.020000000000000018,0.06481132740159579,Atxn2_ASO
ATXN2,45,6,0.0848113274015958,0.020000000000000018,0.06481132740159579,Atxn2_ASO
ATXN2,46,6,0.0848113274015958,0.020000000000000018,0.06481132740159579,Atxn2_ASO
ATXN2,47,6,0.0848113274015958,0.020000000000000018,0.06481132740159579,Atxn2_ASO
ATXN2,48,7,0.10481132740159582,0.020000000000000018,0.0848113274015958,ASO7
ATXN2,49,6,0.0848113274015958,0.020000000000000018,0.06481132740159579,Atxn2_ASO
ATXN2,50,6,0.0848113274015958,0.020000000000000018,0.06481132740159579,Atxn2_ASO
ATXN2,51,7,0.10481132740159582,0.020000000000000018,0.0848113274015958,ASO7
ATXN2,52,6,0.0848113274015958,0.020000000000000018,0.06481132740159579,Atxn2_ASO
ATXN2,53,7,0.10481132740159582,0.020000000000000018,0.0848113274015958,ASO7
ATXN2,54,6,0.0848113274015958,0.020000000000000018,0.06481132740159579,Atxn2_ASO
ATXN2,55,6,0.0848113274015958,0.020000000000000018,0.06481132740159579,Atxn2_ASO
ATXN2,56,7,0.10481132740159582,0.020000000000000018,0.0848113274015958,ASO7
ATXN2,57,7,0.10481132740159582,0.020000000000000018,0.0848113274015958,ASO7
ATXN2,58,7,0.10481132740159582,0.020000000000000018,0.0848113274015958,ASO7
ATXN2,59,6,0.0848113274015958,0.020000000000000018,0.06481132740159579,Atxn2_ASO
ATXN2,60,6,0.0848113274015958,0.020000000000000018,0.06481132740159579,Atxn2_ASO
ATXN2,61,7,0.10481132740159582,0.020000000000000018,0.0848113274015958,ASO7
ATXN2,62,7,0.10481132740159582,0.020000000000000018,0.0848113274015958,ASO7
ATXN2,63,7,0.10481132740159582,0.020000000000000018,0.0848113274015958,ASO7
ATXN2,64,6,0.0848113274015958,0.020000000000000018,0.06481132740159579,Atxn2_ASO
ATXN2,65,7,0.10481132740159582,0.020000000000000018,0.0848113274015958,ASO7
ATXN2,66,7,0.10481132740159582,0.020000000000000018,0.0848113274015958,ASO7
ATXN2,67,6,0.0848113274015958,0.020000000000000018,0.06481132740159579,Atxn2_ASO
ATXN2,68,7,0.10481132740159582,0.020000000000000018,0.0848113274015958,ASO7
ATXN2,69,6,0.0848113274015958,0.020000000000000018,0.06481132740159579,Atxn2_ASO
ATXN2,70,7,0.10481132740159582,0.020000000000000018,0.0848113274015958,ASO7
ATXN2,71,6,0.0848113274015958,0.020000000000000018,0.06481132740159579,Atxn2_ASO
ATXN2,72,6,0.0848113274015958,0.020000000000000018,0.06481132740159579,Atxn2_ASO
ATXN2,73,6,0.0848113274015958,0.020000000000000018,0.06481132740159579,Atxn2_ASO
ATXN2,74,6,0.0848113274015958,0.020000000000000018,0.06481132740159579,Atxn2_ASO
ATXN2,75,7,0.10481132740159582,0.020000000000000018,0.0848113274015958,ASO7
ATXN2,76,6,0.0848113274015958,0.020000000000000018,0.06481132740159579,Atxn2_ASO
ATXN2,77,6,0.0848113274015958,0.020000000000000018,0.06481132740159579,Atxn2_ASO
ATXN2,78,6,0.0848113274015958,0.020000000000000018,0.06481132740159579,Atxn2_ASO
ATXN2,79,7,0.10481132740159582,0.020000000000000018,0.0848113274015958,ASO7
ATXN2,80,6,0.0848113274015958,0.020000000000000018,0.06481132740159579,Atxn2_ASO
ATXN2,81,7,0.10481132740159582,0.020000000000000018,0.0848113274015958,ASO7
ATXN2,82,6,0.0848113274015958,0.020000000000000018,0.06481132740159579,Atxn2_ASO
ATXN2,83,6,0.0848113274015958,0.020000000000000018,0.06481132740159579,Atxn2_ASO
ATXN2,84,6,0.0848113274015958,0.020000000000000018,0.06481132740159579,Atxn2_ASO
ATXN2,85,7,0.10481132740159582,0.020000000000000018,0.0848113274015958,ASO7
ATXN2,86,6,0.0848113274015958,0.020000000000000018,0.06481132740159579,Atxn2_ASO
ATXN2,87,7,0.10481132740159582,0.020000000000000018,0.0848113274015958,ASO7
ATXN2,88,6,0.0848113274015958,0.020000000000000018,0.06481132740159579,Atxn2_ASO
ATXN2,89,7,0.10481132740159582,0.020000000000000018,0.0848113274015958,ASO7
ATXN2,90,7,0.10481132740159582,0.020000000000000018,0.0848113274015958,ASO7
ATXN2,91,6,0.0848113274015958,0.020000000000000018,0.06481132740159579,Atxn2_ASO
ATXN2,92,6,0.0848113274015958,0.020000000000000018,0.06481132740159579,Atxn2_ASO
ATXN2,93,6,0.0848113274015958,0.020000000000000018,0.06481132740159579,Atxn2_ASO
ATXN2,94,6,0.0848113274015958,0.020000000000000018,0.06481132740159579,Atxn2_ASO
ATXN2,95,7,0.10481132740159582,0.020000000000000018,0.0848113274015958,ASO7
ATXN2,96,7,0.10481132740159582,0.020000000000000018,0.0848113274015958,ASO7
ATXN2,97,7,0.10481132740159582,0.020000000000000018,0.0848113274015958,ASO7
ATXN2,98,7,0.10481132740159582,0.020000000000000018,0.0848113274015958,ASO7
ATXN2,99,7,0.10481132740159582,0.020000000000000018,0.0848113274015958,ASO7
ATXN2,100,7,0.10481132740159582,0.020000000000000018,0.0848113274015958,ASO7
ATXN2,101,6,0.0848113274015958,0.020000000000000018,0.06481132740159579,Atxn2_ASO
ATXN2,102,7,0.10481132740159582,0.020000000000000018,0.0848113274015958,ASO7
ATXN2,103,6,0.0848113274015958,0.020000000000000018,0.06481132740159579,Atxn2_ASO
ATXN2,104,6,0.0848113274015958,0.020000000000000018,0.06481132740159579,Atxn2_ASO
ATXN2,105,6,0.0848113274015958,0.020000000000000018,0.06481132740159579,Atxn2_ASO
ATXN2,106,7,0.10481132740159582,0.020000000000000018,0.0848113274015958,ASO7
ATXN2,107,6,0.0848113274015958,0.020000000000000018,0.06481132740159579,Atxn2_ASO
ATXN2,108,6,0.0848113274015958,0.020000000000000018,0.06481132740159579,Atxn2_ASO
ATXN2,109,7,0.10481132740159582,0.020000000000000018,0.0848113274015958,ASO7
ATXN2,110,7,0.10481132740159582,0.020000000000000018,0.0848113274015958,ASO7
ATXN2,111,6,0.0848113274015958,0.020000000000000018,0.06481132740159579,Atxn2_ASO
ATXN2,112,6,0.0848113274015958,0.020000000000000018,0.06481132740159579,Atxn2_ASO
ATXN2,113,7,0.10481132740159582,0.020000000000000018,0.0848113274015958,ASO7
ATXN2,114,6,0.0848113274015958,0.020000000000000018,0.06481132740159579,Atxn2_ASO
ATXN2,115,6,0.0848113274015958,0.020000000000000018,0.06481132740159579,Atxn2_ASO
ATXN2,116,7,0.10481132740159582,0.020000000000000018,0.0848113274015958,ASO7
ATXN2,117,7,0.10481132740159582,0.020000000000000018,0.0848113274015958,ASO7
ATXN2,118,7,0.10481132740159582,0.020000000000000018,0.0848113274015958,ASO7
ATXN2,119,7,0.10481132740159582,0.020000000000000018,0.0848113274015958,ASO7
ATXN2,120,7,0.10481132740159582,0.020000000000000018,0.0848113274015958,ASO7
ATXN2,121,7,0.10481132740159582,0.020000000000000018,0.0848113274015958,ASO7
ATXN2,122,7,0.10481132740159582,0.020000000000000018,0.0848113274015958,ASO7
ATXN2,123,7,0.10481132740159582,0.020000000000000018,0.0848113274015958,ASO7
ATXN2,124,7,0.10481132740159582,0.020000000000000018,0.0848113274015958,ASO7
ATXN2,125,6,0.0848113274015958,0.020000000000000018,0.06481132740159579,Atxn2_ASO
ATXN2,126,7,0.10481132740159582,0.020000000000000018,0.0848113274015958,ASO7
ATXN2,127,6,0.0848113274015958,0.020000000000000018,0.06481132740159579,Atxn2_ASO
ATXN2,128,7,0.10481132740159582,0.020000000000000018,0.0848113274015958,ASO7
ATXN2,129,6,0.0848113274015958,0.020000000000000018,0.06481132740159579,Atxn2_ASO
ATXN2,130,7,0.10481132740159582,0.020000000000000018,0.0848113274015958,ASO7
ATXN2,131,6,0.0848113274015958,0.020000000000000018,0.06481132740159579,Atxn2_ASO
ATXN2,132,7,0.10481132740159582,0.020000000000000018,0.0848113274015958,ASO7
ATXN2,133,7,0.10481132740159582,0.020000000000000018,0.0848113274015958,ASO7
ATXN2,134,7,0.10481132740159582,0.020000000000000018,0.0848113274015958,ASO7
ATXN2,135,6,0.0848113274015958,0.020000000000000018,0.06481132740159579,Atxn2_ASO
ATXN2,136,6,0.0848113274015958,0.020000000000000018,0.06481132740159579,Atxn2_ASO
ATXN2,137,7,0.10481132740159582,0.020000000000000018,0.0848113274015958,ASO7
ATXN2,138,6,0.0848113274015958,0.020000000000000018,0.06481132740159579,Atxn2_ASO
ATXN2,139,6,0.0848113274015958,0.020000000000000018,0.06481132740159579,Atxn2_ASO
ATXN2,140,6,0.0848113274015958,0.020000000000000018,0.06481132740159579,Atxn2_ASO
ATXN2,141,6,0.0848113274015958,0.020000000000000018,0.06481132740159579,Atxn2_ASO
ATXN2,142,6,0.0848113274015958,0.020000000000000018,0.06481132740159579,Atxn2_ASO
ATXN2,143,6,0.0848113274015958,0.020000000000000018,0.06481132740159579,Atxn2_ASO
ATXN2,144,6,0.0848113274015958,0.020000000000000018,0.06481132740159579,Atxn2_ASO
ATXN2,145,6,0.0848113274015958,0.020000000000000018,0.06481132740159579,Atxn2_ASO
ATXN2,146,6,0.0848113274015958,0.020000000000000018,0.06481132740159579,Atxn2_ASO
ATXN2,147,6,0.0848113274015958,0.020000000000000018,0.06481132740159579,Atxn2_ASO
ATXN2,148,6,0.0848113274015958,0.020000000000000018,0.06481132740159579,Atxn2_ASO
ATXN2,149,6,0.0848113274015958,0.020000000000000018,0.06481132740159579,Atxn2_ASO
ATXN2,150,7,0.10481132740159582,0.020000000000000018,0.0848113274015958,ASO7
ATXN2,151,6,0.0848113274015958,0.020000000000000018,0.06481132740159579,Atxn2_ASO
ATXN2,152,6,0.0848113274015958,0.020000000000000018,0.06481132740159579,Atxn2_ASO
ATXN2,153,7,0.10481132740159582,0.020000000000000018,0.0848113274015958,ASO7
ATXN2,154,7,0.10481132740159582,0.020000000000000018,0.0848113274015958,ASO7
ATXN2,155,6,0.0848113274015958,0.020000000000000018,0.06481132740159579,Atxn2_ASO
ATXN2,156,6,0.0848113274015958,0.020000000000000018,0.06481132740159579,Atxn2_ASO
ATXN2,157,6,0.0848113274015958,0.020000000000000018,0.06481132740159579,Atxn2_ASO
ATXN2,158,6,0.0848113274015958,0.020000000000000018,0.06481132740159579,Atxn2_ASO
ATXN2,159,7,0.10481132740159582,0.020000000000000018,0.0848113274015958,ASO7
ATXN2,160,7,0.10481132740159582,0.020000000000000018,0.0848113274015958,ASO7
ATXN2,161,7,0.10481132740159582,0.020000000000000018,0.0848113274015958,ASO7
ATXN2,162,7,0.10481132740159582,0.020000000000000018,0.0848113274015958,ASO7
ATXN2,163,7,0.10481132740159582,0.020000000000000018,0.0848113274015958,ASO7
ATXN2,164,6,0.0848113274015958,0.020000000000000018,0.06481132740159579,Atxn2_ASO
ATXN2,165,6,0.0848113274015958,0.020000000000000018,0.06481132740159579,Atxn2_ASO
ATXN2,166,6,0.0848113274015958,0.020000000000000018,0.06481132740159579,Atxn2_ASO
ATXN2,167,7,0.10481132740159582,0.020000000000000018,0.0848113274015958,ASO7
ATXN2,168,7,0.10481132740159582,0.020000000000000018,0.0848113274015958,ASO7
ATXN2,169,7,0.10481132740159582,0.020000000000000018,0.0848113274015958,ASO7
ATXN2,170,6,0.0848113274015958,0.020000000000000018,0.06481132740159579,Atxn2_ASO
ATXN2,171,7,0.10481132740159582,0.020000000000000018,0.0848113274015958,ASO7
ATXN2,172,7,0.10481132740159582,0.020000000000000018,0.0848113274015958,ASO7
ATXN2,173,7,0.10481132740159582,0.020000000000000018,0.0848113274015958,ASO7
ATXN2,174,7,0.10481132740159582,0.020000000000000018,0.0848113274015958,ASO7
ATXN2,175,6,0.0848113274015958,0.020000000000000018,0.06481132740159579,Atxn2_ASO
ATXN2,176,6,0.0848113274015958,0.020000000000000018,0.06481132740159579,Atxn2_ASO
ATXN2,177,6,0.0848113274015958,0.020000000000000018,0.06481132740159579,Atxn2_ASO
ATXN2,178,7,0.10481132740159582,0.020000000000000018,0.0848113274015958,ASO7
ATXN2,179,6,0.0848113274015958,0.020000000000000018,0.06481132740159579,Atxn2_ASO
ATXN2,180,7,0.10481132740159582,0.020000000000000018,0.0848113274015958,ASO7
ATXN2,181,7,0.10481132740159582,0.020000000000000018,0.0848113274015958,ASO7
ATXN2,182,7,0.10481132740159582,0.020000000000000018,0.0848113274015958,ASO7
ATXN2,183,6,0.0848113274015958,0.020000000000000018,0.06481132740159579,Atxn2_ASO
ATXN2,184,7,0.10481132740159582,0.020000000000000018,0.0848113274015958,ASO7
ATXN2,185,7,0.10481132740159582,0.020000000000000018,0.0848113274015958,ASO7
ATXN2,186,6,0.0848113274015958,0.020000000000000018,0.06481132740159579,Atxn2_ASO
ATXN2,187,6,0.0848113274015958,0.020000000000000018,0.06481132740159579,Atxn2_ASO
ATXN2,188,6,0.0848113274015958,0.020000000000000018,0.06481132740159579,Atxn2_ASO
ATXN2,189,7,0.10481132740159582,0.020000000000000018,0.0848113274015958,ASO7
ATXN2,190,7,0.10481132740159582,0.020000000000000018,0.0848113274015958,ASO7
ATXN2,191,6,0.0848113274015958,0.020000000000000018,0.06481132740159579,Atxn2_ASO
ATXN2,192,6,0.0848113274015958,0.020000000000000018,0.06481132740159579,Atxn2_ASO
ATXN2,193,7,0.10481132740159582,0.020000000000000018,0.0848113274015958,ASO7
ATXN2,194,6,0.0848113274015958,0.020000000000000018,0.06481132740159579,Atxn2_ASO
ATXN2,195,6,0.0848113274015958,0.020000000000000018,0.06481132740159579,Atxn2_ASO
ATXN2,196,6,0.0848113274015958,0.020000000000000018,0.06481132740159579,Atxn2_ASO
ATXN2,197,7,0.10481132740159582,0.020000000000000018,0.0848113274015958,ASO7
ATXN2,198,7,0.10481132740159582,0.020000000000000018,0.0848113274015958,ASO7
ATXN2,199,6,0.0848113274015958,0.020000000000000018,0.06481132740159579,Atxn2_ASO
ATXN2,200,7,0.10481132740159582,0.020000000000000018,0.0848113274015958,ASO7
ATXN2,201,6,0.0848113274015958,0.020000000000000018,0.06481132740159579,Atxn2_ASO
ATXN2,202,6,0.0848113274015958,0.020000000000000018,0.06481132740159579,Atxn2_ASO
ATXN2,203,7,0.10481132740159582,0.020000000000000018,0.0848113274015958,ASO7
ATXN2,204,7,0.10481132740159582,0.020000000000000018,0.0848113274015958,ASO7
ATXN2,205,7,0.10481132740159582,0.020000000000000018,0.0848113274015958,ASO7
ATXN2,206,6,0.0848113274015958,0.020000000000000018,0.06481132740159579,Atxn2_ASO
ATXN2,207,7,0.10481132740159582,0.020000000000000018,0.0848113274015958,ASO7
ATXN2,208,7,0.10481132740159582,0.020000000000000018,0.0848113274015958,ASO7
ATXN2,209,7,0.10481132740159582,0.020000000000000018,0.0848113274015958,ASO7
ATXN2,210,6,0.0848113274015958,0.020000000000000018,0.06481132740159579,Atxn2_ASO
ATXN2,211,7,0.10481132740159582,0.020000000000000018,0.0848113274015958,ASO7
ATXN2,212,6,0.0848113274015958,0.020000000000000018,0.06481132740159579,Atxn2_ASO
ATXN2,213,6,0.0848113274015958,0.020000000000000018,0.06481132740159579,Atxn2_ASO
ATXN2,214,7,0.10481132740159582,0.020000000000000018,0.0848113274015958,ASO7
ATXN2,215,7,0.10481132740159582,0.020000000000000018,0.0848113274015958,ASO7
ATXN2,216,7,0.10481132740159582,0.020000000000000018,0.0848113274015958,ASO7
ATXN2,217,6,0.0848113274015958,0.020000000000000018,0.06481132740159579,Atxn2_ASO
ATXN2,218,6,0.0848113274015958,0.020000000000000018,0.06481132740159579,Atxn2_ASO
ATXN2,219,6,0.0848113274015958,0.020000000000000018,0.06481132740159579,Atxn2_ASO
ATXN2,220,7,0.10481132740159582,0.020000000000000018,0.0848113274015958,ASO7
ATXN2,221,6,0.0848113274015958,0.020000000000000018,0.06481132740159579,Atxn2_ASO
ATXN2,222,7,0.10481132740159582,0.020000000000000018,0.0848113274015958,ASO7
ATXN2,223,6,0.0848113274015958,0.020000000000000018,0.06481132740159579,Atxn2_ASO
ATXN2,224,7,0.10481132740159582,0.020000000000000018,0.0848113274015958,ASO7
ATXN2,225,6,0.0848113274015958,0.020000000000000018,0.06481132740159579,Atxn2_ASO
ATXN2,226,6,0.0848113274015958,0.020000000000000018,0.06481132740159579,Atxn2_ASO
ATXN2,227,6,0.0848113274015958,0.020000000000000018,0.06481132740159579,Atxn2_ASO
ATXN2,228,7,0.10481132740159582,0.020000000000000018,0.0848113274015958,ASO7
ATXN2,229,7,0.10481132740159582,0.020000000000000018,0.0848113274015958,ASO7
ATXN2,230,7,0.10481132740159582,0.020000000000000018,0.0848113274015958,ASO7
ATXN2,231,6,0.0848113274015958,0.020000000000000018,0.06481132740159579,Atxn2_ASO
ATXN2,232,7,0.10481132740159582,0.020000000000000018,0.0848113274015958,ASO7
ATXN2,233,7,0.10481132740159582,0.020000000000000018,0.0848113274015958,ASO7
ATXN2,234,7,0.10481132740159582,0.020000000000000018,0.0848113274015958,ASO7
ATXN2,235,6,0.0848113274015958,0.020000000000000018,0.06481132740159579,Atxn2_ASO
ATXN2,236,7,0.10481132740159582,0.020000000000000018,0.0848113274015958,ASO7
ATXN2,237,6,0.0848113274015958,0.020000000000000018,0.06481132740159579,Atxn2_ASO
ATXN2,238,6,0.0848113274015958,0.020000000000000018,0.06481132740159579,Atxn2_ASO
ATXN2,239,7,0.10481132740159582,0.020000000000000018,0.0848113274015958,ASO7
ATXN2,240,6,0.0848113274015958,0.020000000000000018,0.06481132740159579,Atxn2_ASO
ATXN2,241,7,0.10481132740159582,0.020000000000000018,0.0848113274015958,ASO7
ATXN2,242,7,0.10481132740159582,0.020000000000000018,0.0848113274015958,ASO7
ATXN2,243,6,0.0848113274015958,0.020000000000000018,0.06481132740159579,Atxn2_ASO
ATXN2,244,6,0.0848113274015958,0.020000000000000018,0.06481132740159579,Atxn2_ASO
ATXN2,245,6,0.0848113274015958,0.020000000000000018,0.06481132740159579,Atxn2_ASO
ATXN2,246,6,0.0848113274015958,0.020000000000000018,0.06481132740159579,Atxn2_ASO
ATXN2,247,7,0.10481132740159582,0.020000000000000018,0.0848113274015958,ASO7
ATXN2,248,6,0.0848113274015958,0.020000000000000018,0.06481132740159579,Atxn2_ASO
ATXN2,249,7,0.10481132740159582,0.020000000000000018,0.0848113274015958,ASO7
ATXN2,250,7,0.10481132740159582,0.020000000000000018,0.0848113274015958,ASO7
ATXN2,251,6,0.0848113274015958,0.020000000000000018,0.06481132740159579,Atxn2_ASO
ATXN2,252,6,0.0848113274015958,0.020000000000000018,0.06481132740159579,Atxn2_ASO
ATXN2,253,7,0.10481132740159582,0.020000000000000018,0.0848113274015958,ASO7
ATXN2,254,6,0.0848113274015958,0.020000000000000018,0.06481132740159579,Atxn2_ASO
ATXN2,255,6,0.0848113274015958,0.020000000000000018,0.06481132740159579,Atxn2_ASO
ATXN2,256,7,0.10481132740159582,0.020000000000000018,0.0848113274015958,ASO7
ATXN2,257,7,0.10481132740159582,0.020000000000000018,0.0848113274015958,ASO7
ATXN2,258,7,0.10481132740159582,0.020000000000000018,0.0848113274015958,ASO7
ATXN2,259,7,0.10481132740159582,0.020000000000000018,0.0848113274015958,ASO7
ATXN2,260,6,0.0848113274015958,0.020000000000000018,0.06481132740159579,Atxn2_ASO
ATXN2,261,6,0.0848113274015958,0.020000000000000018,0.06481132740159579,Atxn2_ASO
ATXN2,262,7,0.10481132740159582,0.020000000000000018,0.0848113274015958,ASO7
ATXN2,263,7,0.10481132740159582,0.020000000000000018,0.0848113274015958,ASO7
ATXN2,264,6,0.0848113274015958,0.020000000000000018,0.06481132740159579,Atxn2_ASO
ATXN2,265,6,0.0848113274015958,0.020000000000000018,0.06481132740159579,Atxn2_ASO
ATXN2,266,7,0.10481132740159582,0.020000000000000018,0.0848113274015958,ASO7
ATXN2,267,6,0.0848113274015958,0.020000000000000018,0.06481132740159579,Atxn2_ASO
ATXN2,268,7,0.10481132740159582,0.020000000000000018,0.0848113274015958,ASO7
ATXN2,269,6,0.0848113274015958,0.020000000000000018,0.06481132740159579,Atxn2_ASO
ATXN2,270,6,0.0848113274015958,0.020000000000000018,0.06481132740159579,Atxn2_ASO
ATXN2,271,7,0.10481132740159582,0.020000000000000018,0.0848113274015958,ASO7
ATXN2,272,6,0.0848113274015958,0.020000000000000018,0.06481132740159579,Atxn2_ASO
ATXN2,273,7,0.10481132740159582,0.020000000000000018,0.0848113274015958,ASO7
ATXN2,274,7,0.10481132740159582,0.020000000000000018,0.0848113274015958,ASO7
ATXN2,275,6,0.0848113274015958,0.020000000000000018,0.06481132740159579,Atxn2_ASO
ATXN2,276,6,0.0848113274015958,0.020000000000000018,0.06481132740159579,Atxn2_ASO
ATXN2,277,6,0.0848113274015958,0.020000000000000018,0.06481132740159579,Atxn2_ASO
ATXN2,278,6,0.0848113274015958,0.020000000000000018,0.06481132740159579,Atxn2_ASO
ATXN2,279,7,0.10481132740159582,0.020000000000000018,0.0848113274015958,ASO7
ATXN2,280,7,0.10481132740159582,0.020000000000000018,0.0848113274015958,ASO7
ATXN2,281,6,0.0848113274015958,0.020000000000000018,0.06481132740159579,Atxn2_ASO
ATXN2,282,7,0.10481132740159582,0.020000000000000018,0.0848113274015958,ASO7
ATXN2,283,6,0.0848113274015958,0.020000000000000018,0.06481132740159579,Atxn2_ASO
ATXN2,284,6,0.0848113274015958,0.020000000000000018,0.06481132740159579,Atxn2_ASO
ATXN2,285,7,0.10481132740159582,0.020000000000000018,0.0848113274015958,ASO7
ATXN2,286,7,0.10481132740159582,0.020000000000000018,0.0848113274015958,ASO7
ATXN2,287,6,0.0848113274015958,0.020000000000000018,0.06481132740159579,Atxn2_ASO
ATXN2,288,6,0.0848113274015958,0.020000000000000018,0.06481132740159579,Atxn2_ASO
ATXN2,289,7,0.10481132740159582,0.020000000000000018,0.0848113274015958,ASO7
ATXN2,290,7,0.10481132740159582,0.020000000000000018,0.0848113274015958,ASO7
ATXN2,291,7,0.10481132740159582,0.020000000000000018,0.0848113274015958,ASO7
ATXN2,292,6,0.0848113274015958,0.020000000000000018,0.06481132740159579,Atxn2_ASO
ATXN2,293,7,0.10481132740159582,0.020000000000000018,0.0848113274015958,ASO7
ATXN2,294,6,0.0848113274015958,0.020000000000000018,0.06481132740159579,Atxn2_ASO
ATXN2,295,6,0.0848113274015958,0.020000000000000018,0.06481132740159579,Atxn2_ASO
ATXN2,296,7,0.10481132740159582,0.020000000000000018,0.0848113274015958,ASO7
ATXN2,297,6,0.0848113274015958,0.020000000000000018,0.06481132740159579,Atxn2_ASO
ATXN2,298,7,0.10481132740159582,0.020000000000000018,0.0848113274015958,ASO7
ATXN2,299,6,0.0848113274015958,0.020000000000000018,0.06481132740159579,Atxn2_ASO
ATXN2,300,7,0.10481132740159582,0.020000000000000018,0.0848113274015958,ASO7
ATXN2,301,6,0.0848113274015958,0.020000000000000018,0.06481132740159579,Atxn2_ASO
ATXN2,302,7,0.10481132740159582,0.020000000000000018,0.0848113274015958,ASO7
ATXN2,303,6,0.0848113274015958,0.020000000000000018,0.06481132740159579,Atxn2_ASO
ATXN2,304,7,0.10481132740159582,0.020000000000000018,0.0848113274015958,ASO7
ATXN2,305,7,0.10481132740159582,0.020000000000000018,0.0848113274015958,ASO7
ATXN2,306,7,0.10481132740159582,0.020000000000000018,0.0848113274015958,ASO7
ATXN2,307,6,0.0848113274015958,0.020000000000000018,0.06481132740159579,Atxn2_ASO
ATXN2,308,6,0.0848113274015958,0.020000000000000018,0.06481132740159579,Atxn2_ASO
ATXN2,309,7,0.10481132740159582,0.020000000000000018,0.0848113274015958,ASO7
ATXN2,310,7,0.10481132740159582,0.020000000000000018,0.0848113274015958,ASO7
ATXN2,311,7,0.10481132740159582,0.020000000000000018,0.0848113274015958,ASO7
ATXN2,312,7,0.10481132740159582,0.020000000000000018,0.0848113274015958,ASO7
ATXN2,313,6,0.0848113274015958,0.020000000000000018,0.06481132740159579,Atxn2_ASO
ATXN2,314,6,0.0848113274015958,0.020000000000000018,0.06481132740159579,Atxn2_ASO
ATXN2,315,6,0.0848113274015958,0.020000000000000018,0.06481132740159579,Atxn2_ASO
ATXN2,316,6,0.0848113274015958,0.020000000000000018,0.06481132740159579,Atxn2_ASO
ATXN2,317,6,0.0848113274015958,0.020000000000000018,0.06481132740159579,Atxn2_ASO
ATXN2,318,7,0.10481132740159582,0.020000000000000018,0.0848113274015958,ASO7
ATXN2,319,6,0.0848113274015958,0.020000000000000018,0.06481132740159579,Atxn2_ASO
ATXN2,320,6,0.0848113274015958,0.020000000000000018,0.06481132740159579,Atxn2_ASO
ATXN2,321,7,0.10481132740159582,0.020000000000000018,0.0848113274015958,ASO7
ATXN2,322,7,0.10481132740159582,0.020000000000000018,0.0848113274015958,ASO7
ATXN2,323,6,0.0848113274015958,0.020000000000000018,0.06481132740159579,Atxn2_ASO
ATXN2,324,6,0.0848113274015958,0.020000000000000018,0.06481132740159579,Atxn2_ASO
ATXN2,325,7,0.10481132740159582,0.020000000000000018,0.0848113274015958,ASO7
ATXN2,326,6,0.0848113274015958,0.020000000000000018,0.06481132740159579,Atxn2_ASO
ATXN2,327,6,0.0848113274015958,0.020000000000000018,0.06481132740159579,Atxn2_ASO
ATXN2,328,7,0.10481132740159582,0.020000000000000018,0.0848113274015958,ASO7
ATXN2,329,6,0.0848113274015958,0.020000000000000018,0.06481132740159579,Atxn2_ASO
ATXN2,330,6,0.0848113274015958,0.020000000000000018,0.06481132740159579,Atxn2_ASO
ATXN2,331,6,0.0848113274015958,0.020000000000000018,0.06481132740159579,Atxn2_ASO
ATXN2,332,6,0.0848113274015958,0.020000000000000018,0.06481132740159579,Atxn2_ASO
ATXN2,333,6,0.0848113274015958,0.020000000000000018,0.06481132740159579,Atxn2_ASO
ATXN2,334,6,0.0848113274015958,0.020000000000000018,0.06481132740159579,Atxn2_ASO
ATXN2,335,6,0.0848113274015958,0.020000000000000018,0.06481132740159579,Atxn2_ASO
ATXN2,336,7,0.10481132740159582,0.020000000000000018,0.0848113274015958,ASO7
ATXN2,337,6,0.0848113274015958,0.020000000000000018,0.06481132740159579,Atxn2_ASO
ATXN2,338,7,0.10481132740159582,0.020000000000000018,0.0848113274015958,ASO7
ATXN2,339,6,0.0848113274015958,0.020000000000000018,0.06481132740159579,Atxn2_ASO
ATXN2,340,6,0.0848113274015958,0.020000000000000018,0.06481132740159579,Atxn2_ASO
ATXN2,341,7,0.10481132740159582,0.020000000000000018,0.0848113274015958,ASO7
ATXN2,342,6,0.0848113274015958,0.020000000000000018,0.06481132740159579,Atxn2_ASO
ATXN2,343,6,0.0848113274015958,0.020000000000000018,0.06481132740159579,Atxn2_ASO
ATXN2,344,7,0.10481132740159582,0.020000000000000018,0.0848113274015958,ASO7
ATXN2,345,7,0.10481132740159582,0.020000000000000018,0.0848113274015958,ASO7
ATXN2,346,7,0.10481132740159582,0.020000000000000018,0.0848113274015958,ASO7
ATXN2,347,6,0.0848113274015958,0.020000000000000018,0.06481132740159579,Atxn2_ASO
ATXN2,348,7,0.10481132740159582,0.020000000000000018,0.0848113274015958,ASO7
ATXN2,349,6,0.0848113274015958,0.020000000000000018,0.06481132740159579,Atxn2_ASO
ATXN2,350,6,0.0848113274015958,0.020000000000000018,0.06481132740159579,Atxn2_ASO
ATXN2,351,6,0.0848113274015958,0.020000000000000018,0.06481132740159579,Atxn2_ASO
ATXN2,352,6,0.0848113274015958,0.020000000000000018,0.06481132740159579,Atxn2_ASO
ATXN2,353,7,0.10481132740159582,0.020000000000000018,0.0848113274015958,ASO7
ATXN2,354,7,0.10481132740159582,0.020000000000000018,0.0848113274015958,ASO7
ATXN2,355,6,0.0848113274015958,0.020000000000000018,0.06481132740159579,Atxn2_ASO
ATXN2,356,6,0.0848113274015958,0.020000000000000018,0.06481132740159579,Atxn2_ASO
ATXN2,357,7,0.10481132740159582,0.020000000000000018,0.0848113274015958,ASO7
ATXN2,358,7,0.10481132740159582,0.020000000000000018,0.0848113274015958,ASO7
ATXN2,359,7,0.10481132740159582,0.020000000000000018,0.0848113274015958,ASO7
ATXN2,360,7,0.10481132740159582,0.020000000000000018,0.0848113274015958,ASO7
ATXN2,361,6,0.0848113274015958,0.020000000000000018,0.06481132740159579,Atxn2_ASO
ATXN2,362,7,0.10481132740159582,0.020000000000000018,0.0848113274015958,ASO7
ATXN2,363,6,0.0848113274015958,0.020000000000000018,0.06481132740159579,Atxn2_ASO
ATXN2,364,6,0.0848113274015958,0.020000000000000018,0.06481132740159579,Atxn2_ASO
ATXN2,365,7,0.10481132740159582,0.020000000000000018,0.0848113274015958,ASO7
ATXN2,366,6,0.0848113274015958,0.020000000000000018,0.06481132740159579,Atxn2_ASO
ATXN2,367,6,0.0848113274015958,0.020000000000000018,0.06481132740159579,Atxn2_ASO
ATXN2,368,7,0.10481132740159582,0.020000000000000018,0.0848113274015958,ASO7
ATXN2,369,6,0.0848113274015958,0.020000000000000018,0.06481132740159579,Atxn2_ASO
ATXN2,370,7,0.10481132740159582,0.020000000000000018,0.0848113274015958,ASO7
ATXN2,371,6,0.0848113274015958,0.020000000000000018,0.06481132740159579,Atxn2_ASO
ATXN2,372,6,0.0848113274015958,0.020000000000000018,0.06481132740159579,Atxn2_ASO
ATXN2,373,7,0.10481132740159582,0.020000000000000018,0.0848113274015958,ASO7
ATXN2,374,6,0.0848113274015958,0.020000000000000018,0.06481132740159579,Atxn2_ASO
ATXN2,375,7,0.10481132740159582,0.020000000000000018,0.0848113274015958,ASO7
ATXN2,376,7,0.10481132740159582,0.020000000000000018,0.0848113274015958,ASO7
ATXN2,377,7,0.10481132740159582,0.020000000000000018,0.0848113274015958,ASO7
ATXN2,378,6,0.0848113274015958,0.020000000000000018,0.06481132740159579,Atxn2_ASO
ATXN2,379,7,0.10481132740159582,0.020000000000000018,0.0848113274015958,ASO7
ATXN2,380,7,0.10481132740159582,0.020000000000000018,0.0848113274015958,ASO7
ATXN2,381,6,0.0848113274015958,0.020000000000000018,0.06481132740159579,Atxn2_ASO
ATXN2,382,7,0.10481132740159582,0.020000000000000018,0.0848113274015958,ASO7
ATXN2,383,6,0.0848113274015958,0.020000000000000018,0.06481132740159579,Atxn2_ASO
ATXN2,384,6,0.0848113274015958,0.020000000000000018,0.06481132740159579,Atxn2_ASO
ATXN2,385,6,0.0848113274015958,0.020000000000000018,0.06481132740159579,Atxn2_ASO
ATXN2,386,6,0.0848113274015958,0.020000000000000018,0.06481132740159579,Atxn2_ASO
ATXN2,387,7,0.10481132740159582,0.020000000000000018,0.0848113274015958,ASO7
ATXN2,388,7,0.10481132740159582,0.020000000000000018,0.0848113274015958,ASO7
ATXN2,389,7,0.10481132740159582,0.020000000000000018,0.0848113274015958,ASO7
ATXN2,390,6,0.0848113274015958,0.020000000000000018,0.06481132740159579,Atxn2_ASO
ATXN2,391,6,0.0848113274015958,0.020000000000000018,0.06481132740159579,Atxn2_ASO
ATXN2,392,6,0.0848113274015958,0.020000000000000018,0.06481132740159579,Atxn2_ASO
ATXN2,393,7,0.10481132740159582,0.020000000000000018,0.0848113274015958,ASO7
ATXN2,394,6,0.0848113274015958,0.020000000000000018,0.06481132740159579,Atxn2_ASO
ATXN2,395,6,0.0848113274015958,0.020000000000000018,0.06481132740159579,Atxn2_ASO
ATXN2,396,6,0.0848113274015958,0.020000000000000018,0.06481132740159579,Atxn2_ASO
ATXN2,397,7,0.10481132740159582,0.020000000000000018,0.0848113274015958,ASO7
ATXN2,398,6,0.0848113274015958,0.020000000000000018,0.06481132740159579,Atxn2_ASO
ATXN2,399,6,0.0848113274015958,0.020000000000000018,0.06481132740159579,Atxn2_ASO
ATXN2,400,7,0.10481132740159582,0.020000000000000018,0.0848113274015958,ASO7
ATXN2,401,7,0.10481132740159582,0.020000000000000018,0.0848113274015958,ASO7
ATXN2,402,6,0.0848113274015958,0.020000000000000018,0.06481132740159579,Atxn2_ASO
ATXN2,403,6,0.0848113274015958,0.020000000000000018,0.06481132740159579,Atxn2_ASO
ATXN2,404,7,0.10481132740159582,0.020000000000000018,0.0848113274015958,ASO7
ATXN2,405,7,0.10481132740159582,0.020000000000000018,0.0848113274015958,ASO7
ATXN2,406,7,0.10481132740159582,0.020000000000000018,0.0848113274015958,ASO7
ATXN2,407,6,0.0848113274015958,0.020000000000000018,0.06481132740159579,Atxn2_ASO
ATXN2,408,6,0.0848113274015958,0.020000000000000018,0.06481132740159579,Atxn2_ASO
ATXN2,409,6,0.0848113274015958,0.020000000000000018,0.06481132740159579,Atxn2_ASO
ATXN2,410,6,0.0848113274015958,0.020000000000000018,0.06481132740159579,Atxn2_ASO
ATXN2,411,6,0.0848113274015958,0.020000000000000018,0.06481132740159579,Atxn2_ASO
ATXN2,412,7,0.10481132740159582,0.020000000000000018,0.0848113274015958,ASO7
ATXN2,413,7,0.10481132740159582,0.020000000000000018,0.0848113274015958,ASO7
ATXN2,414,6,0.0848113274015958,0.020000000000000018,0.06481132740159579,Atxn2_ASO
ATXN2,415,6,0.0848113274015958,0.020000000000000018,0.06481132740159579,Atxn2_ASO
ATXN2,416,7,0.10481132740159582,0.020000000000000018,0.0848113274015958,ASO7
ATXN2,417,7,0.10481132740159582,0.020000000000000018,0.0848113274015958,ASO7
ATXN2,418,7,0.10481132740159582,0.020000000000000018,0.0848113274015958,ASO7
ATXN2,419,7,0.10481132740159582,0.020000000000000018,0.0848113274015958,ASO7
ATXN2,420,7,0.10481132740159582,0.020000000000000018,0.0848113274015958,ASO7
ATXN2,421,7,0.10481132740159582,0.020000000000000018,0.0848113274015958,ASO7
ATXN2,422,6,0.0848113274015958,0.020000000000000018,0.06481132740159579,Atxn2_ASO
ATXN2,423,6,0.0848113274015958,0.020000000000000018,0.06481132740159579,Atxn2_ASO
ATXN2,424,7,0.10481132740159582,0.020000000000000018,0.0848113274015958,ASO7
ATXN2,425,7,0.10481132740159582,0.020000000000000018,0.0848113274015958,ASO7
ATXN2,426,7,0.10481132740159582,0.020000000000000018,0.0848113274015958,ASO7
ATXN2,427,7,0.10481132740159582,0.020000000000000018,0.0848113274015958,ASO7
ATXN2,428,6,0.0848113274015958,0.020000000000000018,0.06481132740159579,Atxn2_ASO
ATXN2,429,7,0.10481132740159582,0.020000000000000018,0.0848113274015958,ASO7
ATXN2,430,7,0.10481132740159582,0.020000000000000018,0.0848113274015958,ASO7
ATXN2,431,7,0.10481132740159582,0.020000000000000018,0.0848113274015958,ASO7
ATXN2,432,6,0.0848113274015958,0.020000000000000018,0.06481132740159579,Atxn2_ASO
ATXN2,433,7,0.10481132740159582,0.020000000000000018,0.0848113274015958,ASO7
ATXN2,434,6,0.0848113274015958,0.020000000000000018,0.06481132740159579,Atxn2_ASO
ATXN2,435,7,0.10481132740159582,0.020000000000000018,0.0848113274015958,ASO7
ATXN2,436,7,0.10481132740159582,0.020000000000000018,0.0848113274015958,ASO7
ATXN2,437,7,0.10481132740159582,0.020000000000000018,0.0848113274015958,ASO7
ATXN2,438,7,0.10481132740159582,0.020000000000000018,0.0848113274015958,ASO7
ATXN2,439,6,0.0848113274015958,0.020000000000000018,0.06481132740159579,Atxn2_ASO
ATXN2,440,6,0.0848113274015958,0.020000000000000018,0.06481132740159579,Atxn2_ASO
ATXN2,441,6,0.0848113274015958,0.020000000000000018,0.06481132740159579,Atxn2_ASO
ATXN2,442,7,0.10481132740159582,0.020000000000000018,0.0848113274015958,ASO7
ATXN2,443,7,0.10481132740159582,0.020000000000000018,0.0848113274015958,ASO7
ATXN2,444,7,0.10481132740159582,0.020000000000000018,0.0848113274015958,ASO7
ATXN2,445,6,0.0848113274015958,0.020000000000000018,0.06481132740159579,Atxn2_ASO
ATXN2,446,7,0.10481132740159582,0.020000000000000018,0.0848113274015958,ASO7
ATXN2,447,6,0.0848113274015958,0.020000000000000018,0.06481132740159579,Atxn2_ASO
ATXN2,448,7,0.10481132740159582,0.020000000000000018,0.0848113274015958,ASO7
ATXN2,449,6,0.0848113274015958,0.020000000000000018,0.06481132740159579,Atxn2_ASO
ATXN2,450,7,0.10481132740159582,0.020000000000000018,0.0848113274015958,ASO7
ATXN2,451,7,0.10481132740159582,0.020000000000000018,0.0848113274015958,ASO7
ATXN2,452,7,0.10481132740159582,0.020000000000000018,0.0848113274015958,ASO7
ATXN2,453,7,0.10481132740159582,0.020000000000000018,0.0848113274015958,ASO7
ATXN2,454,7,0.10481132740159582,0.020000000000000018,0.0848113274015958,ASO7
ATXN2,455,6,0.0848113274015958,0.020000000000000018,0.06481132740159579,Atxn2_ASO
ATXN2,456,7,0.10481132740159582,0.020000000000000018,0.0848113274015958,ASO7
ATXN2,457,7,0.10481132740159582,0.020000000000000018,0.0848113274015958,ASO7
ATXN2,458,7,0.10481132740159582,0.020000000000000018,0.0848113274015958,ASO7
ATXN2,459,6,0.0848113274015958,0.020000000000000018,0.06481132740159579,Atxn2_ASO
ATXN2,460,6,0.0848113274015958,0.020000000000000018,0.06481132740159579,Atxn2_ASO
ATXN2,461,7,0.10481132740159582,0.020000000000000018,0.0848113274015958,ASO7
ATXN2,462,6,0.0848113274015958,0.020000000000000018,0.06481132740159579,Atxn2_ASO
ATXN2,463,6,0.0848113274015958,0.020000000000000018,0.06481132740159579,Atxn2_ASO
ATXN2,464,7,0.10481132740159582,0.020000000000000018,0.0848113274015958,ASO7
ATXN2,465,7,0.10481132740159582,0.020000000000000018,0.0848113274015958,ASO7
ATXN2,466,6,0.0848113274015958,0.020000000000000018,0.06481132740159579,Atxn2_ASO
ATXN2,467,7,0.10481132740159582,0.020000000000000018,0.0848113274015958,ASO7
ATXN2,468,6,0.0848113274015958,0.020000000000000018,0.06481132740159579,Atxn2_ASO
ATXN2,469,7,0.10481132740159582,0.020000000000000018,0.0848113274015958,ASO7
ATXN2,470,7,0.10481132740159582,0.020000000000000018,0.0848113274015958,ASO7
ATXN2,471,6,0.0848113274015958,0.020000000000000018,0.06481132740159579,Atxn2_ASO
ATXN2,472,6,0.0848113274015958,0.020000000000000018,0.06481132740159579,Atxn2_ASO
ATXN2,473,7,0.10481132740159582,0.020000000000000018,0.0848113274015958,ASO7
ATXN2,474,7,0.10481132740159582,0.020000000000000018,0.0848113274015958,ASO7
ATXN2,475,6,0.0848113274015958,0.020000000000000018,0.06481132740159579,Atxn2_ASO
ATXN2,476,7,0.10481132740159582,0.020000000000000018,0.0848113274015958,ASO7
ATXN2,477,6,0.0848113274015958,0.020000000000000018,0.06481132740159579,Atxn2_ASO
ATXN2,478,6,0.0848113274015958,0.020000000000000018,0.06481132740159579,Atxn2_ASO
ATXN2,479,7,0.10481132740159582,0.020000000000000018,0.0848113274015958,ASO7
ATXN2,480,7,0.10481132740159582,0.020000000000000018,0.0848113274015958,ASO7
ATXN2,481,6,0.0848113274015958,0.020000000000000018,0.06481132740159579,Atxn2_ASO
ATXN2,482,6,0.0848113274015958,0.020000000000000018,0.06481132740159579,Atxn2_ASO
ATXN2,483,7,0.10481132740159582,0.020000000000000018,0.0848113274015958,ASO7
ATXN2,484,7,0.10481132740159582,0.020000000000000018,0.0848113274015958,ASO7
ATXN2,485,7,0.10481132740159582,0.020000000000000018,0.0848113274015958,ASO7
ATXN2,486,7,0.10481132740159582,0.020000000000000018,0.0848113274015958,ASO7
ATXN2,487,6,0.0848113274015958,0.020000000000000018,0.06481132740159579,Atxn2_ASO
ATXN2,488,6,0.0848113274015958,0.020000000000000018,0.06481132740159579,Atxn2_ASO
ATXN2,489,6,0.0848113274015958,0.020000000000000018,0.06481132740159579,Atxn2_ASO
ATXN2,490,7,0.10481132740159582,0.020000000000000018,0.0848113274015958,ASO7
ATXN2,491,7,0.10481132740159582,0.020000000000000018,0.0848113274015958,ASO7
ATXN2,492,7,0.10481132740159582,0.020000000000000018,0.0848113274015958,ASO7
ATXN2,493,7,0.10481132740159582,0.020000000000000018,0.0848113274015958,ASO7
ATXN2,494,6,0.0848113274015958,0.020000000000000018,0.06481132740159579,Atxn2_ASO
ATXN2,495,6,0.0848113274015958,0.020000000000000018,0.06481132740159579,Atxn2_ASO
ATXN2,496,6,0.0848113274015958,0.020000000000000018,0.06481132740159579,Atxn2_ASO
ATXN2,497,7,0.10481132740159582,0.020000000000000018,0.0848113274015958,ASO7
ATXN2,498,7,0.10481132740159582,0.020000000000000018,0.0848113274015958,ASO7
ATXN2,499,6,0.0848113274015958,0.020000000000000018,0.06481132740159579,Atxn2_ASO
ATXN2,500,7,0.10481132740159582,0.020000000000000018,0.0848113274015958,ASO7
ATXN2,501,6,0.0848113274015958,0.020000000000000018,0.06481132740159579,Atxn2_ASO
ATXN2,502,6,0.0848113274015958,0.020000000000000018,0.06481132740159579,Atxn2_ASO
ATXN2,503,7,0.10481132740159582,0.020000000000000018,0.0848113274015958,ASO7
ATXN2,504,6,0.0848113274015958,0.020000000000000018,0.06481132740159579,Atxn2_ASO
ATXN2,505,7,0.10481132740159582,0.020000000000000018,0.0848113274015958,ASO7
ATXN2,506,7,0.10481132740159582,0.020000000000000018,0.0848113274015958,ASO7
ATXN2,507,7,0.10481132740159582,0.020000000000000018,0.0848113274015958,ASO7
ATXN2,508,7,0.10481132740159582,0.020000000000000018,0.0848113274015958,ASO7
ATXN2,509,6,0.0848113274015958,0.020000000000000018,0.06481132740159579,Atxn2_ASO
ATXN2,510,7,0.10481132740159582,0.020000000000000018,0.0848113274015958,ASO7
ATXN2,511,7,0.10481132740159582,0.020000000000000018,0.0848113274015958,ASO7
ATXN2,512,7,0.10481132740159582,0.020000000000000018,0.0848113274015958,ASO7
ATXN2,513,6,0.0848113274015958,0.020000000000000018,0.06481132740159579,Atxn2_ASO
ATXN2,514,6,0.0848113274015958,0.020000000000000018,0.06481132740159579,Atxn2_ASO
ATXN2,515,6,0.0848113274015958,0.020000000000000018,0.06481132740159579,Atxn2_ASO
ATXN2,516,6,0.0848113274015958,0.020000000000000018,0.06481132740159579,Atxn2_ASO
ATXN2,517,7,0.10481132740159582,0.020000000000000018,0.0848113274015958,ASO7
ATXN2,518,6,0.0848113274015958,0.020000000000000018,0.06481132740159579,Atxn2_ASO
ATXN2,519,7,0.10481132740159582,0.020000000000000018,0.0848113274015958,ASO7
ATXN2,520,7,0.10481132740159582,0.020000000000000018,0.0848113274015958,ASO7
ATXN2,521,6,0.0848113274015958,0.020000000000000018,0.06481132740159579,Atxn2_ASO
ATXN2,522,7,0.10481132740159582,0.020000000000000018,0.0848113274015958,ASO7
ATXN2,523,6,0.0848113274015958,0.020000000000000018,0.06481132740159579,Atxn2_ASO
ATXN2,524,6,0.0848113274015958,0.020000000000000018,0.06481132740159579,Atxn2_ASO
ATXN2,525,7,0.10481132740159582,0.020000000000000018,0.0848113274015958,ASO7
ATXN2,526,7,0.10481132740159582,0.020000000000000018,0.0848113274015958,ASO7
ATXN2,527,7,0.10481132740159582,0.020000000000000018,0.0848113274015958,ASO7
ATXN2,528,6,0.0848113274015958,0.020000000000000018,0.06481132740159579,Atxn2_ASO
ATXN2,529,6,0.0848113274015958,0.020000000000000018,0.06481132740159579,Atxn2_ASO
ATXN2,530,6,0.0848113274015958,0.020000000000000018,0.06481132740159579,Atxn2_ASO
ATXN2,531,7,0.10481132740159582,0.020000000000000018,0.0848113274015958,ASO7
ATXN2,532,6,0.0848113274015958,0.020000000000000018,0.06481132740159579,Atxn2_ASO
ATXN2,533,6,0.0848113274015958,0.020000000000000018,0.06481132740159579,Atxn2_ASO
ATXN2,534,7,0.10481132740159582,0.020000000000000018,0.0848113274015958,ASO7
ATXN2,535,7,0.10481132740159582,0.020000000000000018,0.0848113274015958,ASO7
ATXN2,536,6,0.0848113274015958,0.020000000000000018,0.06481132740159579,Atxn2_ASO
ATXN2,537,7,0.10481132740159582,0.020000000000000018,0.0848113274015958,ASO7
ATXN2,538,7,0.10481132740159582,0.020000000000000018,0.0848113274015958,ASO7
ATXN2,539,6,0.0848113274015958,0.020000000000000018,0.06481132740159579,Atxn2_ASO
ATXN2,540,7,0.10481132740159582,0.020000000000000018,0.0848113274015958,ASO7
ATXN2,541,6,0.0848113274015958,0.020000000000000018,0.06481132740159579,Atxn2_ASO
ATXN2,542,7,0.10481132740159582,0.020000000000000018,0.0848113274015958,ASO7
ATXN2,543,7,0.10481132740159582,0.020000000000000018,0.0848113274015958,ASO7
ATXN2,544,6,0.0848113274015958,0.020000000000000018,0.06481132740159579,Atxn2_ASO
ATXN2,545,6,0.0848113274015958,0.020000000000000018,0.06481132740159579,Atxn2_ASO
ATXN2,546,7,0.10481132740159582,0.020000000000000018,0.0848113274015958,ASO7
ATXN2,547,7,0.10481132740159582,0.020000000000000018,0.0848113274015958,ASO7
ATXN2,548,6,0.0848113274015958,0.020000000000000018,0.06481132740159579,Atxn2_ASO
ATXN2,549,7,0.10481132740159582,0.020000000000000018,0.0848113274015958,ASO7
ATXN2,550,6,0.0848113274015958,0.020000000000000018,0.06481132740159579,Atxn2_ASO
ATXN2,551,6,0.0848113274015958,0.020000000000000018,0.06481132740159579,Atxn2_ASO
ATXN2,552,7,0.10481132740159582,0.020000000000000018,0.0848113274015958,ASO7
ATXN2,553,7,0.10481132740159582,0.020000000000000018,0.0848113274015958,ASO7
ATXN2,554,7,0.10481132740159582,0.020000000000000018,0.0848113274015958,ASO7
ATXN2,555,6,0.0848113274015958,0.020000000000000018,0.06481132740159579,Atxn2_ASO
ATXN2,556,6,0.0848113274015958,0.020000000000000018,0.06481132740159579,Atxn2_ASO
ATXN2,557,6,0.0848113274015958,0.020000000000000018,0.06481132740159579,Atxn2_ASO
ATXN2,558,6,0.0848113274015958,0.020000000000000018,0.06481132740159579,Atxn2_ASO
ATXN2,559,6,0.0848113274015958,0.020000000000000018,0.06481132740159579,Atxn2_ASO
ATXN2,560,6,0.0848113274015958,0.020000000000000018,0.06481132740159579,Atxn2_ASO
ATXN2,561,6,0.0848113274015958,0.020000000000000018,0.06481132740159579,Atxn2_ASO
ATXN2,562,7,0.10481132740159582,0.020000000000000018,0.0848113274015958,ASO7
ATXN2,563,6,0.0848113274015958,0.020000000000000018,0.06481132740159579,Atxn2_ASO
ATXN2,564,6,0.0848113274015958,0.020000000000000018,0.06481132740159579,Atxn2_ASO
ATXN2,565,7,0.10481132740159582,0.020000000000000018,0.0848113274015958,ASO7
ATXN2,566,7,0.10481132740159582,0.020000000000000018,0.0848113274015958,ASO7
ATXN2,567,6,0.0848113274015958,0.020000000000000018,0.06481132740159579,Atxn2_ASO
ATXN2,568,6,0.0848113274015958,0.020000000000000018,0.06481132740159579,Atxn2_ASO
ATXN2,569,6,0.0848113274015958,0.020000000000000018,0.06481132740159579,Atxn2_ASO
ATXN2,570,7,0.10481132740159582,0.020000000000000018,0.0848113274015958,ASO7
ATXN2,571,6,0.0848113274015958,0.020000000000000018,0.06481132740159579,Atxn2_ASO
ATXN2,572,6,0.0848113274015958,0.020000000000000018,0.06481132740159579,Atxn2_ASO
ATXN2,573,7,0.10481132740159582,0.020000000000000018,0.0848113274015958,ASO7
ATXN2,574,7,0.10481132740159582,0.020000000000000018,0.0848113274015958,ASO7
ATXN2,575,6,0.0848113274015958,0.020000000000000018,0.06481132740159579,Atxn2_ASO
ATXN2,576,7,0.10481132740159582,0.020000000000000018,0.0848113274015958,ASO7
ATXN2,577,6,0.0848113274015958,0.020000000000000018,0.06481132740159579,Atxn2_ASO
ATXN2,578,6,0.0848113274015958,0.020000000000000018,0.06481132740159579,Atxn2_ASO
ATXN2,579,6,0.0848113274015958,0.020000000000000018,0.06481132740159579,Atxn2_ASO
ATXN2,580,6,0.0848113274015958,0.020000000000000018,0.06481132740159579,Atxn2_ASO
ATXN2,581,7,0.10481132740159582,0.020000000000000018,0.0848113274015958,ASO7
ATXN2,582,7,0.10481132740159582,0.020000000000000018,0.0848113274015958,ASO7
ATXN2,583,6,0.0848113274015958,0.020000000000000018,0.06481132740159579,Atxn2_ASO
ATXN2,584,6,0.0848113274015958,0.020000000000000018,0.06481132740159579,Atxn2_ASO
ATXN2,585,6,0.0848113274015958,0.020000000000000018,0.06481132740159579,Atxn2_ASO
ATXN2,586,7,0.10481132740159582,0.020000000000000018,0.0848113274015958,ASO7
ATXN2,587,7,0.10481132740159582,0.020000000000000018,0.0848113274015958,ASO7
ATXN2,588,7,0.10481132740159582,0.020000000000000018,0.0848113274015958,ASO7
ATXN2,589,7,0.10481132740159582,0.020000000000000018,0.0848113274015958,ASO7
ATXN2,590,6,0.0848113274015958,0.020000000000000018,0.06481132740159579,Atxn2_ASO
ATXN2,591,6,0.0848113274015958,0.020000000000000018,0.06481132740159579,Atxn2_ASO
ATXN2,592,7,0.10481132740159582,0.020000000000000018,0.0848113274015958,ASO7
ATXN2,593,6,0.0848113274015958,0.020000000000000018,0.06481132740159579,Atxn2_ASO
ATXN2,594,7,0.10481132740159582,0.020000000000000018,0.0848113274015958,ASO7
ATXN2,595,6,0.0848113274015958,0.020000000000000018,0.06481132740159579,Atxn2_ASO
ATXN2,596,7,0.10481132740159582,0.020000000000000018,0.0848113274015958,ASO7
ATXN2,597,6,0.0848113274015958,0.020000000000000018,0.06481132740159579,Atxn2_ASO
ATXN2,598,6,0.0848113274015958,0.020000000000000018,0.06481132740159579,Atxn2_ASO
ATXN2,599,7,0.10481132740159582,0.020000000000000018,0.0848113274015958,ASO7
ATXN2,600,7,0.10481132740159582,0.020000000000000018,0.0848113274015958,ASO7
ATXN2,601,7,0.10481132740159582,0.020000000000000018,0.0848113274015958,ASO7
ATXN2,602,7,0.10481132740159582,0.020000000000000018,0.0848113274015958,ASO7
ATXN2,603,7,0.10481132740159582,0.020000000000000018,0.0848113274015958,ASO7
ATXN2,604,6,0.0848113274015958,0.020000000000000018,0.06481132740159579,Atxn2_ASO
ATXN2,605,6,0.0848113274015958,0.020000000000000018,0.06481132740159579,Atxn2_ASO
ATXN2,606,7,0.10481132740159582,0.020000000000000018,0.0848113274015958,ASO7
ATXN2,607,7,0.10481132740159582,0.020000000000000018,0.0848113274015958,ASO7
ATXN2,608,6,0.0848113274015958,0.020000000000000018,0.06481132740159579,Atxn2_ASO
ATXN2,609,7,0.10481132740159582,0.020000000000000018,0.0848113274015958,ASO7
ATXN2,610,6,0.0848113274015958,0.020000000000000018,0.06481132740159579,Atxn2_ASO
ATXN2,611,6,0.0848113274015958,0.020000000000000018,0.06481132740159579,Atxn2_ASO
ATXN2,612,7,0.10481132740159582,0.020000000000000018,0.0848113274015958,ASO7
ATXN2,613,6,0.0848113274015958,0.020000000000000018,0.06481132740159579,Atxn2_ASO
ATXN2,614,6,0.0848113274015958,0.020000000000000018,0.06481132740159579,Atxn2_ASO
ATXN2,615,6,0.0848113274015958,0.020000000000000018,0.06481132740159579,Atxn2_ASO
ATXN2,616,6,0.0848113274015958,0.020000000000000018,0.06481132740159579,Atxn2_ASO
ATXN2,617,7,0.10481132740159582,0.020000000000000018,0.0848113274015958,ASO7
ATXN2,618,6,0.0848113274015958,0.020000000000000018,0.06481132740159579,Atxn2_ASO
ATXN2,619,7,0.10481132740159582,0.020000000000000018,0.0848113274015958,ASO7
ATXN2,620,6,0.0848113274015958,0.020000000000000018,0.06481132740159579,Atxn2_ASO
ATXN2,621,6,0.0848113274015958,0.020000000000000018,0.06481132740159579,Atxn2_ASO
ATXN2,622,6,0.0848113274015958,0.020000000000000018,0.06481132740159579,Atxn2_ASO
ATXN2,623,6,0.0848113274015958,0.020000000000000018,0.06481132740159579,Atxn2_ASO
ATXN2,624,7,0.10481132740159582,0.020000000000000018,0.0848113274015958,ASO7
ATXN2,625,7,0.10481132740159582,0.020000000000000018,0.0848113274015958,ASO7
ATXN2,626,6,0.0848113274015958,0.020000000000000018,0.06481132740159579,Atxn2_ASO
ATXN2,627,6,0.0848113274015958,0.020000000000000018,0.06481132740159579,Atxn2_ASO
ATXN2,628,7,0.10481132740159582,0.020000000000000018,0.0848113274015958,ASO7
ATXN2,629,6,0.0848113274015958,0.020000000000000018,0.06481132740159579,Atxn2_ASO
ATXN2,630,7,0.10481132740159582,0.020000000000000018,0.0848113274015958,ASO7
ATXN2,631,6,0.0848113274015958,0.020000000000000018,0.06481132740159579,Atxn2_ASO
ATXN2,632,7,0.10481132740159582,0.020000000000000018,0.0848113274015958,ASO7
ATXN2,633,6,0.0848113274015958,0.020000000000000018,0.06481132740159579,Atxn2_ASO
ATXN2,634,6,0.0848113274015958,0.020000000000000018,0.06481132740159579,Atxn2_ASO
ATXN2,635,7,0.10481132740159582,0.020000000000000018,0.0848113274015958,ASO7
ATXN2,636,6,0.0848113274015958,0.020000000000000018,0.06481132740159579,Atxn2_ASO
ATXN2,637,6,0.0848113274015958,0.020000000000000018,0.06481132740159579,Atxn2_ASO
ATXN2,638,6,0.0848113274015958,0.020000000000000018,0.06481132740159579,Atxn2_ASO
ATXN2,639,7,0.10481132740159582,0.020000000000000018,0.0848113274015958,ASO7
ATXN2,640,6,0.0848113274015958,0.020000000000000018,0.06481132740159579,Atxn2_ASO
ATXN2,641,7,0.10481132740159582,0.020000000000000018,0.0848113274015958,ASO7
ATXN2,642,6,0.0848113274015958,0.020000000000000018,0.06481132740159579,Atxn2_ASO
ATXN2,643,6,0.0848113274015958,0.020000000000000018,0.06481132740159579,Atxn2_ASO
ATXN2,644,6,0.0848113274015958,0.020000000000000018,0.06481132740159579,Atxn2_ASO
ATXN2,645,6,0.0848113274015958,0.020000000000000018,0.06481132740159579,Atxn2_ASO
ATXN2,646,6,0.0848113274015958,0.020000000000000018,0.06481132740159579,Atxn2_ASO
ATXN2,647,7,0.10481132740159582,0.020000000000000018,0.0848113274015958,ASO7
ATXN2,648,7,0.10481132740159582,0.020000000000000018,0.0848113274015958,ASO7
ATXN2,649,7,0.10481132740159582,0.020000000000000018,0.0848113274015958,ASO7
ATXN2,650,7,0.10481132740159582,0.020000000000000018,0.0848113274015958,ASO7
ATXN2,651,6,0.0848113274015958,0.020000000000000018,0.06481132740159579,Atxn2_ASO
ATXN2,652,7,0.10481132740159582,0.020000000000000018,0.0848113274015958,ASO7
ATXN2,653,6,0.0848113274015958,0.020000000000000018,0.06481132740159579,Atxn2_ASO
ATXN2,654,6,0.0848113274015958,0.020000000000000018,0.06481132740159579,Atxn2_ASO
ATXN2,655,6,0.0848113274015958,0.020000000000000018,0.06481132740159579,Atxn2_ASO
ATXN2,656,6,0.0848113274015958,0.020000000000000018,0.06481132740159579,Atxn2_ASO
ATXN2,657,7,0.10481132740159582,0.020000000000000018,0.0848113274015958,ASO7
ATXN2,658,6,0.0848113274015958,0.020000000000000018,0.06481132740159579,Atxn2_ASO
ATXN2,659,6,0.0848113274015958,0.020000000000000018,0.06481132740159579,Atxn2_ASO
ATXN2,660,6,0.0848113274015958,0.020000000000000018,0.06481132740159579,Atxn2_ASO
ATXN2,661,7,0.10481132740159582,0.020000000000000018,0.0848113274015958,ASO7
ATXN2,662,6,0.0848113274015958,0.020000000000000018,0.06481132740159579,Atxn2_ASO
ATXN2,663,7,0.10481132740159582,0.020000000000000018,0.0848113274015958,ASO7
ATXN2,664,6,0.0848113274015958,0.020000000000000018,0.06481132740159579,Atxn2_ASO
ATXN2,665,6,0.0848113274015958,0.020000000000000018,0.06481132740159579,Atxn2_ASO
ATXN2,666,6,0.0848113274015958,0.020000000000000018,0.06481132740159579,Atxn2_ASO
ATXN2,667,6,0.0848113274015958,0.020000000000000018,0.06481132740159579,Atxn2_ASO
ATXN2,668,6,0.0848113274015958,0.020000000000000018,0.06481132740159579,Atxn2_ASO
ATXN2,669,6,0.0848113274015958,0.020000000000000018,0.06481132740159579,Atxn2_ASO
ATXN2,670,6,0.0848113274015958,0.020000000000000018,0.06481132740159579,Atxn2_ASO
ATXN2,671,7,0.10481132740159582,0.020000000000000018,0.0848113274015958,ASO7
ATXN2,672,6,0.0848113274015958,0.020000000000000018,0.06481132740159579,Atxn2_ASO
ATXN2,673,6,0.0848113274015958,0.020000000000000018,0.06481132740159579,Atxn2_ASO
ATXN2,674,6,0.0848113274015958,0.020000000000000018,0.06481132740159579,Atxn2_ASO
ATXN2,675,7,0.10481132740159582,0.020000000000000018,0.0848113274015958,ASO7
ATXN2,676,6,0.0848113274015958,0.020000000000000018,0.06481132740159579,Atxn2_ASO
ATXN2,677,6,0.0848113274015958,0.020000000000000018,0.06481132740159579,Atxn2_ASO
ATXN2,678,7,0.10481132740159582,0.020000000000000018,0.0848113274015958,ASO7
ATXN2,679,7,0.10481132740159582,0.020000000000000018,0.0848113274015958,ASO7
ATXN2,680,7,0.10481132740159582,0.020000000000000018,0.0848113274015958,ASO7
ATXN2,681,6,0.0848113274015958,0.020000000000000018,0.06481132740159579,Atxn2_ASO
ATXN2,682,6,0.0848113274015958,0.020000000000000018,0.06481132740159579,Atxn2_ASO
ATXN2,683,7,0.10481132740159582,0.020000000000000018,0.0848113274015958,ASO7
ATXN2,684,7,0.10481132740159582,0.020000000000000018,0.0848113274015958,ASO7
ATXN2,685,6,0.0848113274015958,0.020000000000000018,0.06481132740159579,Atxn2_ASO
ATXN2,686,6,0.0848113274015958,0.020000000000000018,0.06481132740159579,Atxn2_ASO
ATXN2,687,6,0.0848113274015958,0.020000000000000018,0.06481132740159579,Atxn2_ASO
ATXN2,688,7,0.10481132740159582,0.020000000000000018,0.0848113274015958,ASO7
ATXN2,689,6,0.0848113274015958,0.020000000000000018,0.06481132740159579,Atxn2_ASO
ATXN2,690,7,0.10481132740159582,0.020000000000000018,0.0848113274015958,ASO7
ATXN2,691,7,0.10481132740159582,0.020000000000000018,0.0848113274015958,ASO7
ATXN2,692,6,0.0848113274015958,0.020000000000000018,0.06481132740159579,Atxn2_ASO
ATXN2,693,7,0.10481132740159582,0.020000000000000018,0.0848113274015958,ASO7
ATXN2,694,7,0.10481132740159582,0.020000000000000018,0.0848113274015958,ASO7
ATXN2,695,7,0.10481132740159582,0.020000000000000018,0.0848113274015958,ASO7
ATXN2,696,6,0.0848113274015958,0.020000000000000018,0.06481132740159579,Atxn2_ASO
ATXN2,697,6,0.0848113274015958,0.020000000000000018,0.06481132740159579,Atxn2_ASO
ATXN2,698,7,0.10481132740159582,0.020000000000000018,0.0848113274015958,ASO7
ATXN2,699,7,0.10481132740159582,0.020000000000000018,0.0848113274015958,ASO7
ATXN2,700,7,0.10481132740159582,0.020000000000000018,0.0848113274015958,ASO7
ATXN2,701,6,0.0848113274015958,0.020000000000000018,0.06481132740159579,Atxn2_ASO
ATXN2,702,7,0.10481132740159582,0.020000000000000018,0.0848113274015958,ASO7
ATXN2,703,7,0.10481132740159582,0.020000000000000018,0.0848113274015958,ASO7
ATXN2,704,6,0.0848113274015958,0.020000000000000018,0.06481132740159579,Atxn2_ASO
ATXN2,705,7,0.10481132740159582,0.020000000000000018,0.0848113274015958,ASO7
ATXN2,706,7,0.10481132740159582,0.020000000000000018,0.0848113274015958,ASO7
ATXN2,707,6,0.0848113274015958,0.020000000000000018,0.06481132740159579,Atxn2_ASO
ATXN2,708,6,0.0848113274015958,0.020000000000000018,0.06481132740159579,Atxn2_ASO
ATXN2,709,7,0.10481132740159582,0.020000000000000018,0.0848113274015958,ASO7
ATXN2,710,7,0.10481132740159582,0.020000000000000018,0.0848113274015958,ASO7
ATXN2,711,6,0.0848113274015958,0.020000000000000018,0.06481132740159579,Atxn2_ASO
ATXN2,712,6,0.0848113274015958,0.020000000000000018,0.06481132740159579,Atxn2_ASO
ATXN2,713,7,0.10481132740159582,0.020000000000000018,0.0848113274015958,ASO7
ATXN2,714,7,0.10481132740159582,0.020000000000000018,0.0848113274015958,ASO7
ATXN2,715,6,0.0848113274015958,0.020000000000000018,0.06481132740159579,Atxn2_ASO
ATXN2,716,7,0.10481132740159582,0.020000000000000018,0.0848113274015958,ASO7
ATXN2,717,7,0.10481132740159582,0.020000000000000018,0.0848113274015958,ASO7
ATXN2,718,6,0.0848113274015958,0.020000000000000018,0.06481132740159579,Atxn2_ASO
ATXN2,719,6,0.0848113274015958,0.020000000000000018,0.06481132740159579,Atxn2_ASO
ATXN2,720,6,0.0848113274015958,0.020000000000000018,0.06481132740159579,Atxn2_ASO
ATXN2,721,6,0.0848113274015958,0.020000000000000018,0.06481132740159579,Atxn2_ASO
ATXN2,722,6,0.0848113274015958,0.020000000000000018,0.06481132740159579,Atxn2_ASO
ATXN2,723,7,0.10481132740159582,0.020000000000000018,0.0848113274015958,ASO7
ATXN2,724,7,0.10481132740159582,0.020000000000000018,0.0848113274015958,ASO7
ATXN2,725,6,0.0848113274015958,0.020000000000000018,0.06481132740159579,Atxn2_ASO
ATXN2,726,6,0.0848113274015958,0.020000000000000018,0.06481132740159579,Atxn2_ASO
ATXN2,727,6,0.0848113274015958,0.020000000000000018,0.06481132740159579,Atxn2_ASO
ATXN2,728,7,0.10481132740159582,0.020000000000000018,0.0848113274015958,ASO7
ATXN2,729,7,0.10481132740159582,0.020000000000000018,0.0848113274015958,ASO7
ATXN2,730,7,0.10481132740159582,0.020000000000000018,0.0848113274015958,ASO7
ATXN2,731,7,0.10481132740159582,0.020000000000000018,0.0848113274015958,ASO7
ATXN2,732,7,0.10481132740159582,0.020000000000000018,0.0848113274015958,ASO7
ATXN2,733,7,0.10481132740159582,0.020000000000000018,0.0848113274015958,ASO7
ATXN2,734,6,0.0848113274015958,0.020000000000000018,0.06481132740159579,Atxn2_ASO
ATXN2,735,7,0.10481132740159582,0.020000000000000018,0.0848113274015958,ASO7
ATXN2,736,7,0.10481132740159582,0.020000000000000018,0.0848113274015958,ASO7
ATXN2,737,6,0.0848113274015958,0.020000000000000018,0.06481132740159579,Atxn2_ASO
ATXN2,738,7,0.10481132740159582,0.020000000000000018,0.0848113274015958,ASO7
ATXN2,739,7,0.10481132740159582,0.020000000000000018,0.0848113274015958,ASO7
ATXN2,740,6,0.0848113274015958,0.020000000000000018,0.06481132740159579,Atxn2_ASO
ATXN2,741,7,0.10481132740159582,0.020000000000000018,0.0848113274015958,ASO7
ATXN2,742,6,0.0848113274015958,0.020000000000000018,0.06481132740159579,Atxn2_ASO
ATXN2,743,7,0.10481132740159582,0.020000000000000018,0.0848113274015958,ASO7
ATXN2,744,7,0.10481132740159582,0.020000000000000018,0.0848113274015958,ASO7
ATXN2,745,6,0.0848113274015958,0.020000000000000018,0.06481132740159579,Atxn2_ASO
ATXN2,746,7,0.10481132740159582,0.020000000000000018,0.0848113274015958,ASO7
ATXN2,747,6,0.0848113274015958,0.020000000000000018,0.06481132740159579,Atxn2_ASO
ATXN2,748,7,0.10481132740159582,0.020000000000000018,0.0848113274015958,ASO7
ATXN2,749,7,0.10481132740159582,0.020000000000000018,0.0848113274015958,ASO7
ATXN2,750,6,0.0848113274015958,0.020000000000000018,0.06481132740159579,Atxn2_ASO
ATXN2,751,6,0.0848113274015958,0.020000000000000018,0.06481132740159579,Atxn2_ASO
ATXN2,752,7,0.10481132740159582,0.020000000000000018,0.0848113274015958,ASO7
ATXN2,753,7,0.10481132740159582,0.020000000000000018,0.0848113274015958,ASO7
ATXN2,754,6,0.0848113274015958,0.020000000000000018,0.06481132740159579,Atxn2_ASO
ATXN2,755,7,0.10481132740159582,0.020000000000000018,0.0848113274015958,ASO7
ATXN2,756,7,0.10481132740159582,0.020000000000000018,0.0848113274015958,ASO7
ATXN2,757,7,0.10481132740159582,0.020000000000000018,0.0848113274015958,ASO7
ATXN2,758,6,0.0848113274015958,0.020000000000000018,0.06481132740159579,Atxn2_ASO
ATXN2,759,6,0.0848113274015958,0.020000000000000018,0.06481132740159579,Atxn2_ASO
ATXN2,760,7,0.10481132740159582,0.020000000000000018,0.0848113274015958,ASO7
ATXN2,761,7,0.10481132740159582,0.020000000000000018,0.0848113274015958,ASO7
ATXN2,762,7,0.10481132740159582,0.020000000000000018,0.0848113274015958,ASO7
ATXN2,763,7,0.10481132740159582,0.020000000000000018,0.0848113274015958,ASO7
ATXN2,764,7,0.10481132740159582,0.020000000000000018,0.0848113274015958,ASO7
ATXN2,765,7,0.10481132740159582,0.020000000000000018,0.0848113274015958,ASO7
ATXN2,766,7,0.10481132740159582,0.020000000000000018,0.0848113274015958,ASO7
ATXN2,767,7,0.10481132740159582,0.020000000000000018,0.0848113274015958,ASO7
ATXN2,768,7,0.10481132740159582,0.020000000000000018,0.0848113274015958,ASO7
ATXN2,769,7,0.10481132740159582,0.020000000000000018,0.0848113274015958,ASO7
ATXN2,770,6,0.0848113274015958,0.020000000000000018,0.06481132740159579,Atxn2_ASO
ATXN2,771,7,0.10481132740159582,0.020000000000000018,0.0848113274015958,ASO7
ATXN2,772,7,0.10481132740159582,0.020000000000000018,0.0848113274015958,ASO7
ATXN2,773,7,0.10481132740159582,0.020000000000000018,0.0848113274015958,ASO7
ATXN2,774,7,0.10481132740159582,0.020000000000000018,0.0848113274015958,ASO7
ATXN2,775,7,0.10481132740159582,0.020000000000000018,0.0848113274015958,ASO7
ATXN2,776,7,0.10481132740159582,0.020000000000000018,0.0848113274015958,ASO7
ATXN2,777,6,0.0848113274015958,0.020000000000000018,0.06481132740159579,Atxn2_ASO
ATXN2,778,7,0.10481132740159582,0.020000000000000018,0.0848113274015958,ASO7
ATXN2,779,7,0.10481132740159582,0.020000000000000018,0.0848113274015958,ASO7
ATXN2,780,6,0.0848113274015958,0.020000000000000018,0.06481132740159579,Atxn2_ASO
ATXN2,781,7,0.10481132740159582,0.020000000000000018,0.0848113274015958,ASO7
ATXN2,782,7,0.10481132740159582,0.020000000000000018,0.0848113274015958,ASO7
ATXN2,783,6,0.0848113274015958,0.020000000000000018,0.06481132740159579,Atxn2_ASO
ATXN2,784,6,0.0848113274015958,0.020000000000000018,0.06481132740159579,Atxn2_ASO
ATXN2,785,6,0.0848113274015958,0.020000000000000018,0.06481132740159579,Atxn2_ASO
ATXN2,786,7,0.10481132740159582,0.020000000000000018,0.0848113274015958,ASO7
ATXN2,787,6,0.0848113274015958,0.020000000000000018,0.06481132740159579,Atxn2_ASO
ATXN2,788,7,0.10481132740159582,0.020000000000000018,0.0848113274015958,ASO7
ATXN2,789,7,0.10481132740159582,0.020000000000000018,0.0848113274015958,ASO7
ATXN2,790,6,0.0848113274015958,0.020000000000000018,0.06481132740159579,Atxn2_ASO
ATXN2,791,7,0.10481132740159582,0.020000000000000018,0.0848113274015958,ASO7
ATXN2,792,6,0.0848113274015958,0.020000000000000018,0.06481132740159579,Atxn2_ASO
ATXN2,793,6,0.0848113274015958,0.020000000000000018,0.06481132740159579,Atxn2_ASO
ATXN2,794,7,0.10481132740159582,0.020000000000000018,0.0848113274015958,ASO7
ATXN2,795,6,0.0848113274015958,0.020000000000000018,0.06481132740159579,Atxn2_ASO
ATXN2,796,6,0.0848113274015958,0.020000000000000018,0.06481132740159579,Atxn2_ASO
ATXN2,797,7,0.10481132740159582,0.020000000000000018,0.0848113274015958,ASO7
ATXN2,798,7,0.10481132740159582,0.020000000000000018,0.0848113274015958,ASO7
ATXN2,799,7,0.10481132740159582,0.020000000000000018,0.0848113274015958,ASO7
ATXN2,800,6,0.0848113274015958,0.020000000000000018,0.06481132740159579,Atxn2_ASO
ATXN2,801,7,0.10481132740159582,0.020000000000000018,0.0848113274015958,ASO7
ATXN2,802,7,0.10481132740159582,0.020000000000000018,0.0848113274015958,ASO7
ATXN2,803,7,0.10481132740159582,0.020000000000000018,0.0848113274015958,ASO7
ATXN2,804,6,0.0848113274015958,0.020000000000000018,0.06481132740159579,Atxn2_ASO
ATXN2,805,7,0.10481132740159582,0.020000000000000018,0.0848113274015958,ASO7
ATXN2,806,6,0.0848113274015958,0.020000000000000018,0.06481132740159579,Atxn2_ASO
ATXN2,807,6,0.0848113274015958,0.020000000000000018,0.06481132740159579,Atxn2_ASO
ATXN2,808,6,0.0848113274015958,0.020000000000000018,0.06481132740159579,Atxn2_ASO
ATXN2,809,7,0.10481132740159582,0.020000000000000018,0.0848113274015958,ASO7
ATXN2,810,7,0.10481132740159582,0.020000000000000018,0.0848113274015958,ASO7
ATXN2,811,7,0.10481132740159582,0.020000000000000018,0.0848113274015958,ASO7
ATXN2,812,6,0.0848113274015958,0.020000000000000018,0.06481132740159579,Atxn2_ASO
ATXN2,813,7,0.10481132740159582,0.020000000000000018,0.0848113274015958,ASO7
ATXN2,814,6,0.0848113274015958,0.020000000000000018,0.06481132740159579,Atxn2_ASO
ATXN2,815,6,0.0848113274015958,0.020000000000000018,0.06481132740159579,Atxn2_ASO
ATXN2,816,6,0.0848113274015958,0.020000000000000018,0.06481132740159579,Atxn2_ASO
ATXN2,817,6,0.0848113274015958,0.020000000000000018,0.06481132740159579,Atxn2_ASO
ATXN2,818,7,0.10481132740159582,0.020000000000000018,0.0848113274015958,ASO7
ATXN2,819,6,0.0848113274015958,0.020000000000000018,0.06481132740159579,Atxn2_ASO
ATXN2,820,7,0.10481132740159582,0.020000000000000018,0.0848113274015958,ASO7
ATXN2,821,7,0.10481132740159582,0.020000000000000018,0.0848113274015958,ASO7
ATXN2,822,6,0.0848113274015958,0.020000000000000018,0.06481132740159579,Atxn2_ASO
ATXN2,823,7,0.10481132740159582,0.020000000000000018,0.0848113274015958,ASO7
ATXN2,824,7,0.10481132740159582,0.020000000000000018,0.0848113274015958,ASO7
ATXN2,825,7,0.10481132740159582,0.020000000000000018,0.0848113274015958,ASO7
ATXN2,826,7,0.10481132740159582,0.020000000000000018,0.0848113274015958,ASO7
ATXN2,827,6,0.0848113274015958,0.020000000000000018,0.06481132740159579,Atxn2_ASO
ATXN2,828,7,0.10481132740159582,0.020000000000000018,0.0848113274015958,ASO7
ATXN2,829,6,0.0848113274015958,0.020000000000000018,0.06481132740159579,Atxn2_ASO
ATXN2,830,7,0.10481132740159582,0.020000000000000018,0.0848113274015958,ASO7
ATXN2,831,7,0.10481132740159582,0.020000000000000018,0.0848113274015958,ASO7
ATXN2,832,7,0.10481132740159582,0.020000000000000018,0.0848113274015958,ASO7
ATXN2,833,6,0.0848113274015958,0.020000000000000018,0.06481132740159579,Atxn2_ASO
ATXN2,834,6,0.0848113274015958,0.020000000000000018,0.06481132740159579,Atxn2_ASO
ATXN2,835,6,0.0848113274015958,0.020000000000000018,0.06481132740159579,Atxn2_ASO
ATXN2,836,7,0.10481132740159582,0.020000000000000018,0.0848113274015958,ASO7
ATXN2,837,7,0.10481132740159582,0.020000000000000018,0.0848113274015958,ASO7
ATXN2,838,7,0.10481132740159582,0.020000000000000018,0.0848113274015958,ASO7
ATXN2,839,6,0.0848113274015958,0.020000000000000018,0.06481132740159579,Atxn2_ASO
ATXN2,840,6,0.0848113274015958,0.020000000000000018,0.06481132740159579,Atxn2_ASO
ATXN2,841,6,0.0848113274015958,0.020000000000000018,0.06481132740159579,Atxn2_ASO
ATXN2,842,6,0.0848113274015958,0.020000000000000018,0.06481132740159579,Atxn2_ASO
ATXN2,843,6,0.0848113274015958,0.020000000000000018,0.06481132740159579,Atxn2_ASO
ATXN2,844,7,0.10481132740159582,0.020000000000000018,0.0848113274015958,ASO7
ATXN2,845,6,0.0848113274015958,0.020000000000000018,0.06481132740159579,Atxn2_ASO
ATXN2,846,6,0.0848113274015958,0.020000000000000018,0.06481132740159579,Atxn2_ASO
ATXN2,847,7,0.10481132740159582,0.020000000000000018,0.0848113274015958,ASO7
ATXN2,848,7,0.10481132740159582,0.020000000000000018,0.0848113274015958,ASO7
ATXN2,849,6,0.0848113274015958,0.020000000000000018,0.06481132740159579,Atxn2_ASO
ATXN2,850,7,0.10481132740159582,0.020000000000000018,0.0848113274015958,ASO7
ATXN2,851,6,0.0848113274015958,0.020000000000000018,0.06481132740159579,Atxn2_ASO
ATXN2,852,7,0.10481132740159582,0.020000000000000018,0.0848113274015958,ASO7
ATXN2,853,7,0.10481132740159582,0.020000000000000018,0.0848113274015958,ASO7
ATXN2,854,7,0.10481132740159582,0.020000000000000018,0.0848113274015958,ASO7
ATXN2,855,7,0.10481132740159582,0.020000000000000018,0.0848113274015958,ASO7
ATXN2,856,7,0.10481132740159582,0.020000000000000018,0.0848113274015958,ASO7
ATXN2,857,6,0.0848113274015958,0.020000000000000018,0.06481132740159579,Atxn2_ASO
ATXN2,858,6,0.0848113274015958,0.020000000000000018,0.06481132740159579,Atxn2_ASO
ATXN2,859,7,0.10481132740159582,0.020000000000000018,0.0848113274015958,ASO7
ATXN2,860,6,0.0848113274015958,0.020000000000000018,0.06481132740159579,Atxn2_ASO
ATXN2,861,6,0.0848113274015958,0.020000000000000018,0.06481132740159579,Atxn2_ASO
ATXN2,862,6,0.0848113274015958,0.020000000000000018,0.06481132740159579,Atxn2_ASO
ATXN2,863,7,0.10481132740159582,0.020000000000000018,0.0848113274015958,ASO7
ATXN2,864,7,0.10481132740159582,0.020000000000000018,0.0848113274015958,ASO7
ATXN2,865,7,0.10481132740159582,0.020000000000000018,0.0848113274015958,ASO7
ATXN2,866,7,0.10481132740159582,0.020000000000000018,0.0848113274015958,ASO7
ATXN2,867,6,0.0848113274015958,0.020000000000000018,0.06481132740159579,Atxn2_ASO
ATXN2,868,7,0.10481132740159582,0.020000000000000018,0.0848113274015958,ASO7
ATXN2,869,7,0.10481132740159582,0.020000000000000018,0.0848113274015958,ASO7
ATXN2,870,7,0.10481132740159582,0.020000000000000018,0.0848113274015958,ASO7
ATXN2,871,6,0.0848113274015958,0.020000000000000018,0.06481132740159579,Atxn2_ASO
ATXN2,872,7,0.10481132740159582,0.020000000000000018,0.0848113274015958,ASO7
ATXN2,873,6,0.0848113274015958,0.020000000000000018,0.06481132740159579,Atxn2_ASO
ATXN2,874,6,0.0848113274015958,0.020000000000000018,0.06481132740159579,Atxn2_ASO
ATXN2,875,6,0.0848113274015958,0.020000000000000018,0.06481132740159579,Atxn2_ASO
ATXN2,876,7,0.10481132740159582,0.020000000000000018,0.0848113274015958,ASO7
ATXN2,877,7,0.10481132740159582,0.020000000000000018,0.0848113274015958,ASO7
ATXN2,878,6,0.0848113274015958,0.020000000000000018,0.06481132740159579,Atxn2_ASO
ATXN2,879,7,0.10481132740159582,0.020000000000000018,0.0848113274015958,ASO7
ATXN2,880,6,0.0848113274015958,0.020000000000000018,0.06481132740159579,Atxn2_ASO
ATXN2,881,7,0.10481132740159582,0.020000000000000018,0.0848113274015958,ASO7
ATXN2,882,7,0.10481132740159582,0.020000000000000018,0.0848113274015958,ASO7
ATXN2,883,7,0.10481132740159582,0.020000000000000018,0.0848113274015958,ASO7
ATXN2,884,7,0.10481132740159582,0.020000000000000018,0.0848113274015958,ASO7
ATXN2,885,6,0.0848113274015958,0.020000000000000018,0.06481132740159579,Atxn2_ASO
ATXN2,886,7,0.10481132740159582,0.020000000000000018,0.0848113274015958,ASO7
ATXN2,887,6,0.0848113274015958,0.020000000000000018,0.06481132740159579,Atxn2_ASO
ATXN2,888,7,0.10481132740159582,0.020000000000000018,0.0848113274015958,ASO7
ATXN2,889,7,0.10481132740159582,0.020000000000000018,0.0848113274015958,ASO7
ATXN2,890,7,0.10481132740159582,0.020000000000000018,0.0848113274015958,ASO7
ATXN2,891,6,0.0848113274015958,0.020000000000000018,0.06481132740159579,Atxn2_ASO
ATXN2,892,7,0.10481132740159582,0.020000000000000018,0.0848113274015958,ASO7
ATXN2,893,7,0.10481132740159582,0.020000000000000018,0.0848113274015958,ASO7
ATXN2,894,6,0.0848113274015958,0.020000000000000018,0.06481132740159579,Atxn2_ASO
ATXN2,895,7,0.10481132740159582,0.020000000000000018,0.0848113274015958,ASO7
ATXN2,896,7,0.10481132740159582,0.020000000000000018,0.0848113274015958,ASO7
ATXN2,897,7,0.10481132740159582,0.020000000000000018,0.0848113274015958,ASO7
ATXN2,898,6,0.0848113274015958,0.020000000000000018,0.06481132740159579,Atxn2_ASO
ATXN2,899,6,0.0848113274015958,0.020000000000000018,0.06481132740159579,Atxn2_ASO
ATXN2,900,6,0.0848113274015958,0.020000000000000018,0.06481132740159579,Atxn2_ASO
ATXN2,901,7,0.10481132740159582,0.020000000000000018,0.0848113274015958,ASO7
ATXN2,902,7,0.10481132740159582,0.020000000000000018,0.0848113274015958,ASO7
ATXN2,903,6,0.0848113274015958,0.020000000000000018,0.06481132740159579,Atxn2_ASO
ATXN2,904,7,0.10481132740159582,0.020000000000000018,0.0848113274015958,ASO7
ATXN2,905,7,0.10481132740159582,0.020000000000000018,0.0848113274015958,ASO7
ATXN2,906,6,0.0848113274015958,0.020000000000000018,0.06481132740159579,Atxn2_ASO
ATXN2,907,6,0.0848113274015958,0.020000000000000018,0.06481132740159579,Atxn2_ASO
ATXN2,908,7,0.10481132740159582,0.020000000000000018,0.0848113274015958,ASO7
ATXN2,909,6,0.0848113274015958,0.020000000000000018,0.06481132740159579,Atxn2_ASO
ATXN2,910,6,0.0848113274015958,0.020000000000000018,0.06481132740159579,Atxn2_ASO
ATXN2,911,7,0.10481132740159582,0.020000000000000018,0.0848113274015958,ASO7
ATXN2,912,7,0.10481132740159582,0.020000000000000018,0.0848113274015958,ASO7
ATXN2,913,6,0.0848113274015958,0.020000000000000018,0.06481132740159579,Atxn2_ASO
ATXN2,914,7,0.10481132740159582,0.020000000000000018,0.0848113274015958,ASO7
ATXN2,915,6,0.0848113274015958,0.020000000000000018,0.06481132740159579,Atxn2_ASO
ATXN2,916,6,0.0848113274015958,0.020000000000000018,0.06481132740159579,Atxn2_ASO
ATXN2,917,7,0.10481132740159582,0.020000000000000018,0.0848113274015958,ASO7
ATXN2,918,6,0.0848113274015958,0.020000000000000018,0.06481132740159579,Atxn2_ASO
ATXN2,919,7,0.10481132740159582,0.020000000000000018,0.0848113274015958,ASO7
ATXN2,920,6,0.0848113274015958,0.020000000000000018,0.06481132740159579,Atxn2_ASO
ATXN2,921,7,0.10481132740159582,0.020000000000000018,0.0848113274015958,ASO7
ATXN2,922,6,0.0848113274015958,0.020000000000000018,0.06481132740159579,Atxn2_ASO
ATXN2,923,7,0.10481132740159582,0.020000000000000018,0.0848113274015958,ASO7
ATXN2,924,7,0.10481132740159582,0.020000000000000018,0.0848113274015958,ASO7
ATXN2,925,7,0.10481132740159582,0.020000000000000018,0.0848113274015958,ASO7
ATXN2,926,7,0.10481132740159582,0.020000000000000018,0.0848113274015958,ASO7
ATXN2,927,7,0.10481132740159582,0.020000000000000018,0.0848113274015958,ASO7
ATXN2,928,6,0.0848113274015958,0.020000000000000018,0.06481132740159579,Atxn2_ASO
ATXN2,929,6,0.0848113274015958,0.020000000000000018,0.06481132740159579,Atxn2_ASO
ATXN2,930,6,0.0848113274015958,0.020000000000000018,0.06481132740159579,Atxn2_ASO
ATXN2,931,7,0.10481132740159582,0.020000000000000018,0.0848113274015958,ASO7
ATXN2,932,7,0.10481132740159582,0.020000000000000018,0.0848113274015958,ASO7
ATXN2,933,6,0.0848113274015958,0.020000000000000018,0.06481132740159579,Atxn2_ASO
ATXN2,934,6,0.0848113274015958,0.020000000000000018,0.06481132740159579,Atxn2_ASO
ATXN2,935,7,0.10481132740159582,0.020000000000000018,0.0848113274015958,ASO7
ATXN2,936,7,0.10481132740159582,0.020000000000000018,0.0848113274015958,ASO7
ATXN2,937,7,0.10481132740159582,0.020000000000000018,0.0848113274015958,ASO7
ATXN2,938,6,0.0848113274015958,0.020000000000000018,0.06481132740159579,Atxn2_ASO
ATXN2,939,7,0.10481132740159582,0.020000000000000018,0.0848113274015958,ASO7
ATXN2,940,7,0.10481132740159582,0.020000000000000018,0.0848113274015958,ASO7
ATXN2,941,7,0.10481132740159582,0.020000000000000018,0.0848113274015958,ASO7
ATXN2,942,7,0.10481132740159582,0.020000000000000018,0.0848113274015958,ASO7
ATXN2,943,6,0.0848113274015958,0.020000000000000018,0.06481132740159579,Atxn2_ASO
ATXN2,944,7,0.10481132740159582,0.020000000000000018,0.0848113274015958,ASO7
ATXN2,945,7,0.10481132740159582,0.020000000000000018,0.0848113274015958,ASO7
ATXN2,946,7,0.10481132740159582,0.020000000000000018,0.0848113274015958,ASO7
ATXN2,947,7,0.10481132740159582,0.020000000000000018,0.0848113274015958,ASO7
ATXN2,948,6,0.0848113274015958,0.020000000000000018,0.06481132740159579,Atxn2_ASO
ATXN2,949,7,0.10481132740159582,0.020000000000000018,0.0848113274015958,ASO7
ATXN2,950,7,0.10481132740159582,0.020000000000000018,0.0848113274015958,ASO7
ATXN2,951,6,0.0848113274015958,0.020000000000000018,0.06481132740159579,Atxn2_ASO
ATXN2,952,6,0.0848113274015958,0.020000000000000018,0.06481132740159579,Atxn2_ASO
ATXN2,953,7,0.10481132740159582,0.020000000000000018,0.0848113274015958,ASO7
ATXN2,954,6,0.0848113274015958,0.020000000000000018,0.06481132740159579,Atxn2_ASO
ATXN2,955,7,0.10481132740159582,0.020000000000000018,0.0848113274015958,ASO7
ATXN2,956,6,0.0848113274015958,0.020000000000000018,0.06481132740159579,Atxn2_ASO
ATXN2,957,7,0.10481132740159582,0.020000000000000018,0.0848113274015958,ASO7
ATXN2,958,6,0.0848113274015958,0.020000000000000018,0.06481132740159579,Atxn2_ASO
ATXN2,959,6,0.0848113274015958,0.020000000000000018,0.06481132740159579,Atxn2_ASO
ATXN2,960,7,0.10481132740159582,0.020000000000000018,0.0848113274015958,ASO7
ATXN2,961,7,0.10481132740159582,0.020000000000000018,0.0848113274015958,ASO7
ATXN2,962,6,0.0848113274015958,0.020000000000000018,0.06481132740159579,Atxn2_ASO
ATXN2,963,7,0.10481132740159582,0.020000000000000018,0.0848113274015958,ASO7
ATXN2,964,6,0.0848113274015958,0.020000000000000018,0.06481132740159579,Atxn2_ASO
ATXN2,965,7,0.10481132740159582,0.020000000000000018,0.0848113274015958,ASO7
ATXN2,966,7,0.10481132740159582,0.020000000000000018,0.0848113274015958,ASO7
ATXN2,967,6,0.0848113274015958,0.020000000000000018,0.06481132740159579,Atxn2_ASO
ATXN2,968,6,0.0848113274015958,0.020000000000000018,0.06481132740159579,Atxn2_ASO
ATXN2,969,6,0.0848113274015958,0.020000000000000018,0.06481132740159579,Atxn2_ASO
ATXN2,970,6,0.0848113274015958,0.020000000000000018,0.06481132740159579,Atxn2_ASO
ATXN2,971,7,0.10481132740159582,0.020000000000000018,0.0848113274015958,ASO7
ATXN2,972,7,0.10481132740159582,0.020000000000000018,0.0848113274015958,ASO7
ATXN2,973,6,0.0848113274015958,0.020000000000000018,0.06481132740159579,Atxn2_ASO
ATXN2,974,7,0.10481132740159582,0.020000000000000018,0.0848113274015958,ASO7
ATXN2,975,6,0.0848113274015958,0.020000000000000018,0.06481132740159579,Atxn2_ASO
ATXN2,976,6,0.0848113274015958,0.020000000000000018,0.06481132740159579,Atxn2_ASO
ATXN2,977,7,0.10481132740159582,0.020000000000000018,0.0848113274015958,ASO7
ATXN2,978,7,0.10481132740159582,0.020000000000000018,0.0848113274015958,ASO7
ATXN2,979,7,0.10481132740159582,0.020000000000000018,0.0848113274015958,ASO7
ATXN2,980,7,0.10481132740159582,0.020000000000000018,0.0848113274015958,ASO7
ATXN2,981,7,0.10481132740159582,0.020000000000000018,0.0848113274015958,ASO7
ATXN2,982,6,0.0848113274015958,0.020000000000000018,0.06481132740159579,Atxn2_ASO
ATXN2,983,6,0.0848113274015958,0.020000000000000018,0.06481132740159579,Atxn2_ASO
ATXN2,984,6,0.0848113274015958,0.020000000000000018,0.06481132740159579,Atxn2_ASO
ATXN2,985,7,0.10481132740159582,0.020000000000000018,0.0848113274015958,ASO7
ATXN2,986,7,0.10481132740159582,0.020000000000000018,0.0848113274015958,ASO7
ATXN2,987,6,0.0848113274015958,0.020000000000000018,0.06481132740159579,Atxn2_ASO
ATXN2,988,6,0.0848113274015958,0.020000000000000018,0.06481132740159579,Atxn2_ASO
ATXN2,989,7,0.10481132740159582,0.020000000000000018,0.0848113274015958,ASO7
ATXN2,990,7,0.10481132740159582,0.020000000000000018,0.0848113274015958,ASO7
ATXN2,991,7,0.10481132740159582,0.020000000000000018,0.0848113274015958,ASO7
ATXN2,992,7,0.10481132740159582,0.020000000000000018,0.0848113274015958,ASO7
ATXN2,993,6,0.0848113274015958,0.020000000000000018,0.06481132740159579,Atxn2_ASO
ATXN2,994,6,0.0848113274015958,0.020000000000000018,0.06481132740159579,Atxn2_ASO
ATXN2,995,6,0.0848113274015958,0.020000000000000018,0.06481132740159579,Atxn2_ASO
ATXN2,996,6,0.0848113274015958,0.020000000000000018,0.06481132740159579,Atxn2_ASO
ATXN2,997,6,0.0848113274015958,0.020000000000000018,0.06481132740159579,Atxn2_ASO
ATXN2,998,6,0.0848113274015958,0.020000000000000018,0.06481132740159579,Atxn2_ASO
ATXN2,999,6,0.0848113274015958,0.020000000000000018,0.06481132740159579,Atxn2_ASO
C9ORF72,0,11,0.11254804487111808,0.0675,0.045048044871118076,ASO4
C9ORF72,1,8,0.11254804487111808,0.0675,0.045048044871118076,ASO1
C9ORF72,2,10,0.11254804487111808,0.0675,0.045048044871118076,ASO3
C9ORF72,3,12,0.11509608974223615,0.19500000000000003,-0.07990391025776389,ASO5
C9ORF72,4,11,0.11254804487111808,0.0675,0.045048044871118076,ASO4
C9ORF72,5,10,0.11254804487111808,0.0675,0.045048044871118076,ASO3
C9ORF72,6,9,0.08754804487111809,0.1425,-0.0549519551288819,ASO2
C9ORF72,7,10,0.11254804487111808,0.0675,0.045048044871118076,ASO3
C9ORF72,8,10,0.11254804487111808,0.0675,0.045048044871118076,ASO3
C9ORF72,9,11,0.11254804487111808,0.0675,0.045048044871118076,ASO4
C9ORF72,10,12,0.11509608974223615,0.19500000000000003,-0.07990391025776389,ASO5
C9ORF72,11,12,0.11509608974223615,0.19500000000000003,-0.07990391025776389,ASO5
C9ORF72,12,11,0.11254804487111808,0.0675,0.045048044871118076,ASO4
C9ORF72,13,9,0.08754804487111809,0.1425,-0.0549519551288819,ASO2
C9ORF72,14,11,0.11254804487111808,0.0675,0.045048044871118076,ASO4
C9ORF72,15,9,0.08754804487111809,0.1425,-0.0549519551288819,ASO2
C9ORF72,16,10,0.11254804487111808,0.0675,0.045048044871118076,ASO3
C9ORF72,17,8,0.11254804487111808,0.0675,0.045048044871118076,ASO1
C9ORF72,18,9,0.08754804487111809,0.1425,-0.0549519551288819,ASO2
C9ORF72,19,9,0.08754804487111809,0.1425,-0.0549519551288819,ASO2
C9ORF72,20,11,0.11254804487111808,0.0675,0.045048044871118076,ASO4
C9ORF72,21,8,0.11254804487111808,0.0675,0.045048044871118076,ASO1
C9ORF72,22,9,0.08754804487111809,0.1425,-0.0549519551288819,ASO2
C9ORF72,23,8,0.11254804487111808,0.0675,0.045048044871118076,ASO1
C9ORF72,24,8,0.11254804487111808,0.0675,0.045048044871118076,ASO1
C9ORF72,25,10,0.11254804487111808,0.0675,0.045048044871118076,ASO3
C9ORF72,26,9,0.08754804487111809,0.1425,-0.0549519551288819,ASO2
C9ORF72,27,8,0.11254804487111808,0.0675,0.045048044871118076,ASO1
C9ORF72,28,11,0.11254804487111808,0.0675,0.045048044871118076,ASO4
C9ORF72,29,8,0.11254804487111808,0.0675,0.045048044871118076,ASO1
C9ORF72,30,8,0.11254804487111808,0.0675,0.045048044871118076,ASO1
C9ORF72,31,12,0.11509608974223615,0.19500000000000003,-0.07990391025776389,ASO5
C9ORF72,32,12,0.11509608974223615,0.19500000000000003,-0.07990391025776389,ASO5
C9ORF72,33,8,0.11254804487111808,0.0675,0.045048044871118076,ASO1
C9ORF72,34,12,0.11509608974223615,0.19500000000000003,-0.07990391025776389,ASO5
C9ORF72,35,8,0.11254804487111808,0.0675,0.045048044871118076,ASO1
C9ORF72,36,10,0.11254804487111808,0.0675,0.045048044871118076,ASO3
C9ORF72,37,12,0.11509608974223615,0.19500000000000003,-0.07990391025776389,ASO5
C9ORF72,38,10,0.11254804487111808,0.0675,0.045048044871118076,ASO3
C9ORF72,39,11,0.11254804487111808,0.0675,0.045048044871118076,ASO4
C9ORF72,40,12,0.11509608974223615,0.19500000000000003,-0.07990391025776389,ASO5
C9ORF72,41,11,0.11254804487111808,0.0675,0.045048044871118076,ASO4
C9ORF72,42,8,0.11254804487111808,0.0675,0.045048044871118076,ASO1
C9ORF72,43,10,0.11254804487111808,0.0675,0.045048044871118076,ASO3
C9ORF72,44,8,0.11254804487111808,0.0675,0.045048044871118076,ASO1
C9ORF72,45,8,0.11254804487111808,0.0675,0.045048044871118076,ASO1
C9ORF72,46,12,0.11509608974223615,0.19500000000000003,-0.07990391025776389,ASO5
C9ORF72,47,12,0.11509608974223615,0.19500000000000003,-0.07990391025776389,ASO5
C9ORF72,48,12,0.11509608974223615,0.19500000000000003,-0.07990391025776389,ASO5
C9ORF72,49,10,0.11254804487111808,0.0675,0.045048044871118076,ASO3
C9ORF72,50,10,0.11254804487111808,0.0675,0.045048044871118076,ASO3
C9ORF72,51,9,0.08754804487111809,0.1425,-0.0549519551288819,ASO2
C9ORF72,52,12,0.11509608974223615,0.19500000000000003,-0.07990391025776389,ASO5
C9ORF72,53,8,0.11254804487111808,0.0675,0.045048044871118076,ASO1
C9ORF72,54,12,0.11509608974223615,0.19500000000000003,-0.07990391025776389,ASO5
C9ORF72,55,8,0.11254804487111808,0.0675,0.045048044871118076,ASO1
C9ORF72,56,9,0.08754804487111809,0.1425,-0.0549519551288819,ASO2
C9ORF72,57,10,0.11254804487111808,0.0675,0.045048044871118076,ASO3
C9ORF72,58,8,0.11254804487111808,0.0675,0.045048044871118076,ASO1
C9ORF72,59,10,0.11254804487111808,0.0675,0.045048044871118076,ASO3
C9ORF72,60,8,0.11254804487111808,0.0675,0.045048044871118076,ASO1
C9ORF72,61,10,0.11254804487111808,0.0675,0.045048044871118076,ASO3
C9ORF72,62,8,0.11254804487111808,0.0675,0.045048044871118076,ASO1
C9ORF72,63,11,0.11254804487111808,0.0675,0.045048044871118076,ASO4
C9ORF72,64,10,0.11254804487111808,0.0675,0.045048044871118076,ASO3
C9ORF72,65,12,0.11509608974223615,0.19500000000000003,-0.07990391025776389,ASO5
C9ORF72,66,10,0.11254804487111808,0.0675,0.045048044871118076,ASO3
C9ORF72,67,10,0.11254804487111808,0.0675,0.045048044871118076,ASO3
C9ORF72,68,9,0.08754804487111809,0.1425,-0.0549519551288819,ASO2
C9ORF72,69,9,0.08754804487111809,0.1425,-0.0549519551288819,ASO2
C9ORF72,70,11,0.11254804487111808,0.0675,0.045048044871118076,ASO4
C9ORF72,71,9,0.08754804487111809,0.1425,-0.0549519551288819,ASO2
C9ORF72,72,9,0.08754804487111809,0.1425,-0.0549519551288819,ASO2
C9ORF72,73,9,0.08754804487111809,0.1425,-0.0549519551288819,ASO2
C9ORF72,74,10,0.11254804487111808,0.0675,0.045048044871118076,ASO3
C9ORF72,75,10,0.11254804487111808,0.0675,0.045048044871118076,ASO3
C9ORF72,76,10,0.11254804487111808,0.0675,0.045048044871118076,ASO3
C9ORF72,77,11,0.11254804487111808,0.0675,0.045048044871118076,ASO4
C9ORF72,78,8,0.11254804487111808,0.0675,0.045048044871118076,ASO1
C9ORF72,79,10,0.11254804487111808,0.0675,0.045048044871118076,ASO3
C9ORF72,80,11,0.11254804487111808,0.0675,0.045048044871118076,ASO4
C9ORF72,81,8,0.11254804487111808,0.0675,0.045048044871118076,ASO1
C9ORF72,82,8,0.11254804487111808,0.0675,0.045048044871118076,ASO1
C9ORF72,83,8,0.11254804487111808,0.0675,0.045048044871118076,ASO1
C9ORF72,84,12,0.11509608974223615,0.19500000000000003,-0.07990391025776389,ASO5
C9ORF72,85,8,0.11254804487111808,0.0675,0.045048044871118076,ASO1
C9ORF72,86,10,0.11254804487111808,0.0675,0.045048044871118076,ASO3
C9ORF72,87,9,0.08754804487111809,0.1425,-0.0549519551288819,ASO2
C9ORF72,88,10,0.11254804487111808,0.0675,0.045048044871118076,ASO3
C9ORF72,89,11,0.11254804487111808,0.0675,0.045048044871118076,ASO4
C9ORF72,90,11,0.11254804487111808,0.0675,0.045048044871118076,ASO4
C9ORF72,91,10,0.11254804487111808,0.0675,0.045048044871118076,ASO3
C9ORF72,92,11,0.11254804487111808,0.0675,0.045048044871118076,ASO4
C9ORF72,93,11,0.11254804487111808,0.0675,0.045048044871118076,ASO4
C9ORF72,94,9,0.08754804487111809,0.1425,-0.0549519551288819,ASO2
C9ORF72,95,10,0.11254804487111808,0.0675,0.045048044871118076,ASO3
C9ORF72,96,12,0.11509608974223615,0.19500000000000003,-0.07990391025776389,ASO5
C9ORF72,97,8,0.11254804487111808,0.0675,0.045048044871118076,ASO1
C9ORF72,98,8,0.11254804487111808,0.0675,0.045048044871118076,ASO1
C9ORF72,99,9,0.08754804487111809,0.1425,-0.0549519551288819,ASO2
C9ORF72,100,10,0.11254804487111808,0.0675,0.045048044871118076,ASO3
C9ORF72,101,10,0.11254804487111808,0.0675,0.045048044871118076,ASO3
C9ORF72,102,11,0.11254804487111808,0.0675,0.045048044871118076,ASO4
C9ORF72,103,10,0.11254804487111808,0.0675,0.045048044871118076,ASO3
C9ORF72,104,9,0.08754804487111809,0.1425,-0.0549519551288819,ASO2
C9ORF72,105,9,0.08754804487111809,0.1425,-0.0549519551288819,ASO2
C9ORF72,106,11,0.11254804487111808,0.0675,0.045048044871118076,ASO4
C9ORF72,107,12,0.11509608974223615,0.19500000000000003,-0.07990391025776389,ASO5
C9ORF72,108,12,0.11509608974223615,0.19500000000000003,-0.07990391025776389,ASO5
C9ORF72,109,10,0.11254804487111808,0.0675,0.045048044871118076,ASO3
C9ORF72,110,11,0.11254804487111808,0.0675,0.045048044871118076,ASO4
C9ORF72,111,12,0.11509608974223615,0.19500000000000003,-0.07990391025776389,ASO5
C9ORF72,112,11,0.11254804487111808,0.0675,0.045048044871118076,ASO4
C9ORF72,113,9,0.08754804487111809,0.1425,-0.0549519551288819,ASO2
C9ORF72,114,8,0.11254804487111808,0.0675,0.045048044871118076,ASO1
C9ORF72,115,12,0.11509608974223615,0.19500000000000003,-0.07990391025776389,ASO5
C9ORF72,116,11,0.11254804487111808,0.0675,0.045048044871118076,ASO4
C9ORF72,117,8,0.11254804487111808,0.0675,0.045048044871118076,ASO1
C9ORF72,118,10,0.11254804487111808,0.0675,0.045048044871118076,ASO3
C9ORF72,119,11,0.11254804487111808,0.0675,0.045048044871118076,ASO4
C9ORF72,120,10,0.11254804487111808,0.0675,0.045048044871118076,ASO3
C9ORF72,121,8,0.11254804487111808,0.0675,0.045048044871118076,ASO1
C9ORF72,122,9,0.08754804487111809,0.1425,-0.0549519551288819,ASO2
C9ORF72,123,9,0.08754804487111809,0.1425,-0.0549519551288819,ASO2
C9ORF72,124,10,0.11254804487111808,0.0675,0.045048044871118076,ASO3
C9ORF72,125,12,0.11509608974223615,0.19500000000000003,-0.07990391025776389,ASO5
C9ORF72,126,9,0.08754804487111809,0.1425,-0.0549519551288819,ASO2
C9ORF72,127,9,0.08754804487111809,0.1425,-0.0549519551288819,ASO2
C9ORF72,128,12,0.11509608974223615,0.19500000000000003,-0.07990391025776389,ASO5
C9ORF72,129,12,0.11509608974223615,0.19500000000000003,-0.07990391025776389,ASO5
C9ORF72,130,8,0.11254804487111808,0.0675,0.045048044871118076,ASO1
C9ORF72,131,12,0.11509608974223615,0.19500000000000003,-0.07990391025776389,ASO5
C9ORF72,132,9,0.08754804487111809,0.1425,-0.0549519551288819,ASO2
C9ORF72,133,12,0.11509608974223615,0.19500000000000003,-0.07990391025776389,ASO5
C9ORF72,134,8,0.11254804487111808,0.0675,0.045048044871118076,ASO1
C9ORF72,135,9,0.08754804487111809,0.1425,-0.0549519551288819,ASO2
C9ORF72,136,10,0.11254804487111808,0.0675,0.045048044871118076,ASO3
C9ORF72,137,12,0.11509608974223615,0.19500000000000003,-0.07990391025776389,ASO5
C9ORF72,138,12,0.11509608974223615,0.19500000000000003,-0.07990391025776389,ASO5
C9ORF72,139,10,0.11254804487111808,0.0675,0.045048044871118076,ASO3
C9ORF72,140,10,0.11254804487111808,0.0675,0.045048044871118076,ASO3
C9ORF72,141,8,0.11254804487111808,0.0675,0.045048044871118076,ASO1
C9ORF72,142,8,0.11254804487111808,0.0675,0.045048044871118076,ASO1
C9ORF72,143,12,0.11509608974223615,0.19500000000000003,-0.07990391025776389,ASO5
C9ORF72,144,12,0.11509608974223615,0.19500000000000003,-0.07990391025776389,ASO5
C9ORF72,145,12,0.11509608974223615,0.19500000000000003,-0.07990391025776389,ASO5
C9ORF72,146,9,0.08754804487111809,0.1425,-0.0549519551288819,ASO2
C9ORF72,147,8,0.11254804487111808,0.0675,0.045048044871118076,ASO1
C9ORF72,148,10,0.11254804487111808,0.0675,0.045048044871118076,ASO3
C9ORF72,149,12,0.11509608974223615,0.19500000000000003,-0.07990391025776389,ASO5
C9ORF72,150,12,0.11509608974223615,0.19500000000000003,-0.07990391025776389,ASO5
C9ORF72,151,10,0.11254804487111808,0.0675,0.045048044871118076,ASO3
C9ORF72,152,10,0.11254804487111808,0.0675,0.045048044871118076,ASO3
C9ORF72,153,11,0.11254804487111808,0.0675,0.045048044871118076,ASO4
C9ORF72,154,12,0.11509608974223615,0.19500000000000003,-0.07990391025776389,ASO5
C9ORF72,155,9,0.08754804487111809,0.1425,-0.0549519551288819,ASO2
C9ORF72,156,10,0.11254804487111808,0.0675,0.045048044871118076,ASO3
C9ORF72,157,9,0.08754804487111809,0.1425,-0.0549519551288819,ASO2
C9ORF72,158,12,0.11509608974223615,0.19500000000000003,-0.07990391025776389,ASO5
C9ORF72,159,12,0.11509608974223615,0.19500000000000003,-0.07990391025776389,ASO5
C9ORF72,160,9,0.08754804487111809,0.1425,-0.0549519551288819,ASO2
C9ORF72,161,11,0.11254804487111808,0.0675,0.045048044871118076,ASO4
C9ORF72,162,9,0.08754804487111809,0.1425,-0.0549519551288819,ASO2
C9ORF72,163,8,0.11254804487111808,0.0675,0.045048044871118076,ASO1
C9ORF72,164,8,0.11254804487111808,0.0675,0.045048044871118076,ASO1
C9ORF72,165,9,0.08754804487111809,0.1425,-0.0549519551288819,ASO2
C9ORF72,166,9,0.08754804487111809,0.1425,-0.0549519551288819,ASO2
C9ORF72,167,12,0.11509608974223615,0.19500000000000003,-0.07990391025776389,ASO5
C9ORF72,168,11,0.11254804487111808,0.0675,0.045048044871118076,ASO4
C9ORF72,169,10,0.11254804487111808,0.0675,0.045048044871118076,ASO3
C9ORF72,170,9,0.08754804487111809,0.1425,-0.0549519551288819,ASO2
C9ORF72,171,9,0.08754804487111809,0.1425,-0.0549519551288819,ASO2
C9ORF72,172,8,0.11254804487111808,0.0675,0.045048044871118076,ASO1
C9ORF72,173,9,0.08754804487111809,0.1425,-0.0549519551288819,ASO2
C9ORF72,174,10,0.11254804487111808,0.0675,0.045048044871118076,ASO3
C9ORF72,175,12,0.11509608974223615,0.19500000000000003,-0.07990391025776389,ASO5
C9ORF72,176,12,0.11509608974223615,0.19500000000000003,-0.07990391025776389,ASO5
C9ORF72,177,10,0.11254804487111808,0.0675,0.045048044871118076,ASO3
C9ORF72,178,9,0.08754804487111809,0.1425,-0.0549519551288819,ASO2
C9ORF72,179,12,0.11509608974223615,0.19500000000000003,-0.07990391025776389,ASO5
C9ORF72,180,12,0.11509608974223615,0.19500000000000003,-0.07990391025776389,ASO5
C9ORF72,181,9,0.08754804487111809,0.1425,-0.0549519551288819,ASO2
C9ORF72,182,12,0.11509608974223615,0.19500000000000003,-0.07990391025776389,ASO5
C9ORF72,183,11,0.11254804487111808,0.0675,0.045048044871118076,ASO4
C9ORF72,184,9,0.08754804487111809,0.1425,-0.0549519551288819,ASO2
C9ORF72,185,9,0.08754804487111809,0.1425,-0.0549519551288819,ASO2
C9ORF72,186,8,0.11254804487111808,0.0675,0.045048044871118076,ASO1
C9ORF72,187,11,0.11254804487111808,0.0675,0.045048044871118076,ASO4
C9ORF72,188,10,0.11254804487111808,0.0675,0.045048044871118076,ASO3
C9ORF72,189,8,0.11254804487111808,0.0675,0.045048044871118076,ASO1
C9ORF72,190,8,0.11254804487111808,0.0675,0.045048044871118076,ASO1
C9ORF72,191,8,0.11254804487111808,0.0675,0.045048044871118076,ASO1
C9ORF72,192,12,0.11509608974223615,0.19500000000000003,-0.07990391025776389,ASO5
C9ORF72,193,9,0.08754804487111809,0.1425,-0.0549519551288819,ASO2
C9ORF72,194,11,0.11254804487111808,0.0675,0.045048044871118076,ASO4
C9ORF72,195,12,0.11509608974223615,0.19500000000000003,-0.07990391025776389,ASO5
C9ORF72,196,10,0.11254804487111808,0.0675,0.045048044871118076,ASO3
C9ORF72,197,9,0.08754804487111809,0.1425,-0.0549519551288819,ASO2
C9ORF72,198,9,0.08754804487111809,0.1425,-0.0549519551288819,ASO2
C9ORF72,199,10,0.11254804487111808,0.0675,0.045048044871118076,ASO3
C9ORF72,200,12,0.11509608974223615,0.19500000000000003,-0.07990391025776389,ASO5
C9ORF72,201,8,0.11254804487111808,0.0675,0.045048044871118076,ASO1
C9ORF72,202,12,0.11509608974223615,0.19500000000000003,-0.07990391025776389,ASO5
C9ORF72,203,10,0.11254804487111808,0.0675,0.045048044871118076,ASO3
C9ORF72,204,12,0.11509608974223615,0.19500000000000003,-0.07990391025776389,ASO5
C9ORF72,205,8,0.11254804487111808,0.0675,0.045048044871118076,ASO1
C9ORF72,206,12,0.11509608974223615,0.19500000000000003,-0.07990391025776389,ASO5
C9ORF72,207,8,0.11254804487111808,0.0675,0.045048044871118076,ASO1
C9ORF72,208,9,0.08754804487111809,0.1425,-0.0549519551288819,ASO2
C9ORF72,209,12,0.11509608974223615,0.19500000000000003,-0.07990391025776389,ASO5
C9ORF72,210,10,0.11254804487111808,0.0675,0.045048044871118076,ASO3
C9ORF72,211,9,0.08754804487111809,0.1425,-0.0549519551288819,ASO2
C9ORF72,212,12,0.11509608974223615,0.19500000000000003,-0.07990391025776389,ASO5
C9ORF72,213,8,0.11254804487111808,0.0675,0.045048044871118076,ASO1
C9ORF72,214,10,0.11254804487111808,0.0675,0.045048044871118076,ASO3
C9ORF72,215,11,0.11254804487111808,0.0675,0.045048044871118076,ASO4
C9ORF72,216,12,0.11509608974223615,0.19500000000000003,-0.07990391025776389,ASO5
C9ORF72,217,8,0.11254804487111808,0.0675,0.045048044871118076,ASO1
C9ORF72,218,8,0.11254804487111808,0.0675,0.045048044871118076,ASO1
C9ORF72,219,8,0.11254804487111808,0.0675,0.045048044871118076,ASO1
C9ORF72,220,8,0.11254804487111808,0.0675,0.045048044871118076,ASO1
C9ORF72,221,12,0.11509608974223615,0.19500000000000003,-0.07990391025776389,ASO5
C9ORF72,222,10,0.11254804487111808,0.0675,0.045048044871118076,ASO3
C9ORF72,223,9,0.08754804487111809,0.1425,-0.0549519551288819,ASO2
C9ORF72,224,9,0.08754804487111809,0.1425,-0.0549519551288819,ASO2
C9ORF72,225,12,0.11509608974223615,0.19500000000000003,-0.07990391025776389,ASO5
C9ORF72,226,10,0.11254804487111808,0.0675,0.045048044871118076,ASO3
C9ORF72,227,11,0.11254804487111808,0.0675,0.045048044871118076,ASO4
C9ORF72,228,10,0.11254804487111808,0.0675,0.045048044871118076,ASO3
C9ORF72,229,9,0.08754804487111809,0.1425,-0.0549519551288819,ASO2
C9ORF72,230,8,0.11254804487111808,0.0675,0.045048044871118076,ASO1
C9ORF72,231,8,0.11254804487111808,0.0675,0.045048044871118076,ASO1
C9ORF72,232,8,0.11254804487111808,0.0675,0.045048044871118076,ASO1
C9ORF72,233,8,0.11254804487111808,0.0675,0.045048044871118076,ASO1
C9ORF72,234,11,0.11254804487111808,0.0675,0.045048044871118076,ASO4
C9ORF72,235,10,0.11254804487111808,0.0675,0.045048044871118076,ASO3
C9ORF72,236,11,0.11254804487111808,0.0675,0.045048044871118076,ASO4
C9ORF72,237,9,0.08754804487111809,0.1425,-0.0549519551288819,ASO2
C9ORF72,238,9,0.08754804487111809,0.1425,-0.0549519551288819,ASO2
C9ORF72,239,12,0.11509608974223615,0.19500000000000003,-0.07990391025776389,ASO5
C9ORF72,240,12,0.11509608974223615,0.19500000000000003,-0.07990391025776389,ASO5
C9ORF72,241,10,0.11254804487111808,0.0675,0.045048044871118076,ASO3
C9ORF72,242,12,0.11509608974223615,0.19500000000000003,-0.07990391025776389,ASO5
C9ORF72,243,10,0.11254804487111808,0.0675,0.045048044871118076,ASO3
C9ORF72,244,11,0.11254804487111808,0.0675,0.045048044871118076,ASO4
C9ORF72,245,9,0.08754804487111809,0.1425,-0.0549519551288819,ASO2
C9ORF72,246,8,0.11254804487111808,0.0675,0.045048044871118076,ASO1
C9ORF72,247,11,0.11254804487111808,0.0675,0.045048044871118076,ASO4
C9ORF72,248,10,0.11254804487111808,0.0675,0.045048044871118076,ASO3
C9ORF72,249,11,0.11254804487111808,0.0675,0.045048044871118076,ASO4
C9ORF72,250,9,0.08754804487111809,0.1425,-0.0549519551288819,ASO2
C9ORF72,251,11,0.11254804487111808,0.0675,0.045048044871118076,ASO4
C9ORF72,252,12,0.11509608974223615,0.19500000000000003,-0.07990391025776389,ASO5
C9ORF72,253,11,0.11254804487111808,0.0675,0.045048044871118076,ASO4
C9ORF72,254,12,0.11509608974223615,0.19500000000000003,-0.07990391025776389,ASO5
C9ORF72,255,9,0.08754804487111809,0.1425,-0.0549519551288819,ASO2
C9ORF72,256,10,0.11254804487111808,0.0675,0.045048044871118076,ASO3
C9ORF72,257,8,0.11254804487111808,0.0675,0.045048044871118076,ASO1
C9ORF72,258,12,0.11509608974223615,0.19500000000000003,-0.07990391025776389,ASO5
C9ORF72,259,12,0.11509608974223615,0.19500000000000003,-0.07990391025776389,ASO5
C9ORF72,260,10,0.11254804487111808,0.0675,0.045048044871118076,ASO3
C9ORF72,261,9,0.08754804487111809,0.1425,-0.0549519551288819,ASO2
C9ORF72,262,10,0.11254804487111808,0.0675,0.045048044871118076,ASO3
C9ORF72,263,11,0.11254804487111808,0.0675,0.045048044871118076,ASO4
C9ORF72,264,12,0.11509608974223615,0.19500000000000003,-0.07990391025776389,ASO5
C9ORF72,265,12,0.11509608974223615,0.19500000000000003,-0.07990391025776389,ASO5
C9ORF72,266,9,0.08754804487111809,0.1425,-0.0549519551288819,ASO2
C9ORF72,267,11,0.11254804487111808,0.0675,0.045048044871118076,ASO4
C9ORF72,268,12,0.11509608974223615,0.19500000000000003,-0.07990391025776389,ASO5
C9ORF72,269,12,0.11509608974223615,0.19500000000000003,-0.07990391025776389,ASO5
C9ORF72,270,11,0.11254804487111808,0.0675,0.045048044871118076,ASO4
C9ORF72,271,8,0.11254804487111808,0.0675,0.045048044871118076,ASO1
C9ORF72,272,8,0.11254804487111808,0.0675,0.045048044871118076,ASO1
C9ORF72,273,11,0.11254804487111808,0.0675,0.045048044871118076,ASO4
C9ORF72,274,8,0.11254804487111808,0.0675,0.045048044871118076,ASO1
C9ORF72,275,8,0.11254804487111808,0.0675,0.045048044871118076,ASO1
C9ORF72,276,12,0.11509608974223615,0.19500000000000003,-0.07990391025776389,ASO5
C9ORF72,277,12,0.11509608974223615,0.19500000000000003,-0.07990391025776389,ASO5
C9ORF72,278,9,0.08754804487111809,0.1425,-0.0549519551288819,ASO2
C9ORF72,279,12,0.11509608974223615,0.19500000000000003,-0.07990391025776389,ASO5
C9ORF72,280,10,0.11254804487111808,0.0675,0.045048044871118076,ASO3
C9ORF72,281,8,0.11254804487111808,0.0675,0.045048044871118076,ASO1
C9ORF72,282,11,0.11254804487111808,0.0675,0.045048044871118076,ASO4
C9ORF72,283,8,0.11254804487111808,0.0675,0.045048044871118076,ASO1
C9ORF72,284,9,0.08754804487111809,0.1425,-0.0549519551288819,ASO2
C9ORF72,285,12,0.11509608974223615,0.19500000000000003,-0.07990391025776389,ASO5
C9ORF72,286,12,0.11509608974223615,0.19500000000000003,-0.07990391025776389,ASO5
C9ORF72,287,11,0.11254804487111808,0.0675,0.045048044871118076,ASO4
C9ORF72,288,9,0.08754804487111809,0.1425,-0.0549519551288819,ASO2
C9ORF72,289,12,0.11509608974223615,0.19500000000000003,-0.07990391025776389,ASO5
C9ORF72,290,8,0.11254804487111808,0.0675,0.045048044871118076,ASO1
C9ORF72,291,11,0.11254804487111808,0.0675,0.045048044871118076,ASO4
C9ORF72,292,11,0.11254804487111808,0.0675,0.045048044871118076,ASO4
C9ORF72,293,10,0.11254804487111808,0.0675,0.045048044871118076,ASO3
C9ORF72,294,9,0.08754804487111809,0.1425,-0.0549519551288819,ASO2
C9ORF72,295,10,0.11254804487111808,0.0675,0.045048044871118076,ASO3
C9ORF72,296,9,0.08754804487111809,0.1425,-0.0549519551288819,ASO2
C9ORF72,297,8,0.11254804487111808,0.0675,0.045048044871118076,ASO1
C9ORF72,298,11,0.11254804487111808,0.0675,0.045048044871118076,ASO4
C9ORF72,299,11,0.11254804487111808,0.0675,0.045048044871118076,ASO4
C9ORF72,300,9,0.08754804487111809,0.1425,-0.0549519551288819,ASO2
C9ORF72,301,9,0.08754804487111809,0.1425,-0.0549519551288819,ASO2
C9ORF72,302,12,0.11509608974223615,0.19500000000000003,-0.07990391025776389,ASO5
C9ORF72,303,8,0.11254804487111808,0.0675,0.045048044871118076,ASO1
C9ORF72,304,12,0.11509608974223615,0.19500000000000003,-0.07990391025776389,ASO5
C9ORF72,305,10,0.11254804487111808,0.0675,0.045048044871118076,ASO3
C9ORF72,306,10,0.11254804487111808,0.0675,0.045048044871118076,ASO3
C9ORF72,307,9,0.08754804487111809,0.1425,-0.0549519551288819,ASO2
C9ORF72,308,10,0.11254804487111808,0.0675,0.045048044871118076,ASO3
C9ORF72,309,11,0.11254804487111808,0.0675,0.045048044871118076,ASO4
C9ORF72,310,8,0.11254804487111808,0.0675,0.045048044871118076,ASO1
C9ORF72,311,8,0.11254804487111808,0.0675,0.045048044871118076,ASO1
C9ORF72,312,12,0.11509608974223615,0.19500000000000003,-0.07990391025776389,ASO5
C9ORF72,313,8,0.11254804487111808,0.0675,0.045048044871118076,ASO1
C9ORF72,314,12,0.11509608974223615,0.19500000000000003,-0.07990391025776389,ASO5
C9ORF72,315,10,0.11254804487111808,0.0675,0.045048044871118076,ASO3
C9ORF72,316,9,0.08754804487111809,0.1425,-0.0549519551288819,ASO2
C9ORF72,317,11,0.11254804487111808,0.0675,0.045048044871118076,ASO4
C9ORF72,318,9,0.08754804487111809,0.1425,-0.0549519551288819,ASO2
C9ORF72,319,8,0.11254804487111808,0.0675,0.045048044871118076,ASO1
C9ORF72,320,12,0.11509608974223615,0.19500000000000003,-0.07990391025776389,ASO5
C9ORF72,321,11,0.11254804487111808,0.0675,0.045048044871118076,ASO4
C9ORF72,322,12,0.11509608974223615,0.19500000000000003,-0.07990391025776389,ASO5
C9ORF72,323,12,0.11509608974223615,0.19500000000000003,-0.07990391025776389,ASO5
C9ORF72,324,9,0.08754804487111809,0.1425,-0.0549519551288819,ASO2
C9ORF72,325,9,0.08754804487111809,0.1425,-0.0549519551288819,ASO2
C9ORF72,326,11,0.11254804487111808,0.0675,0.045048044871118076,ASO4
C9ORF72,327,10,0.11254804487111808,0.0675,0.045048044871118076,ASO3
C9ORF72,328,8,0.11254804487111808,0.0675,0.045048044871118076,ASO1
C9ORF72,329,12,0.11509608974223615,0.19500000000000003,-0.07990391025776389,ASO5
C9ORF72,330,10,0.11254804487111808,0.0675,0.045048044871118076,ASO3
C9ORF72,331,11,0.11254804487111808,0.0675,0.045048044871118076,ASO4
C9ORF72,332,12,0.11509608974223615,0.19500000000000003,-0.07990391025776389,ASO5
C9ORF72,333,9,0.08754804487111809,0.1425,-0.0549519551288819,ASO2
C9ORF72,334,12,0.11509608974223615,0.19500000000000003,-0.07990391025776389,ASO5
C9ORF72,335,12,0.11509608974223615,0.19500000000000003,-0.07990391025776389,ASO5
C9ORF72,336,10,0.11254804487111808,0.0675,0.045048044871118076,ASO3
C9ORF72,337,9,0.08754804487111809,0.1425,-0.0549519551288819,ASO2
C9ORF72,338,11,0.11254804487111808,0.0675,0.045048044871118076,ASO4
C9ORF72,339,12,0.11509608974223615,0.19500000000000003,-0.07990391025776389,ASO5
C9ORF72,340,8,0.11254804487111808,0.0675,0.045048044871118076,ASO1
C9ORF72,341,10,0.11254804487111808,0.0675,0.045048044871118076,ASO3
C9ORF72,342,8,0.11254804487111808,0.0675,0.045048044871118076,ASO1
C9ORF72,343,11,0.11254804487111808,0.0675,0.045048044871118076,ASO4
C9ORF72,344,10,0.11254804487111808,0.0675,0.045048044871118076,ASO3
C9ORF72,345,12,0.11509608974223615,0.19500000000000003,-0.07990391025776389,ASO5
C9ORF72,346,10,0.11254804487111808,0.0675,0.045048044871118076,ASO3
C9ORF72,347,12,0.11509608974223615,0.19500000000000003,-0.07990391025776389,ASO5
C9ORF72,348,11,0.11254804487111808,0.0675,0.045048044871118076,ASO4
C9ORF72,349,12,0.11509608974223615,0.19500000000000003,-0.07990391025776389,ASO5
C9ORF72,350,11,0.11254804487111808,0.0675,0.045048044871118076,ASO4
C9ORF72,351,9,0.08754804487111809,0.1425,-0.0549519551288819,ASO2
C9ORF72,352,9,0.08754804487111809,0.1425,-0.0549519551288819,ASO2
C9ORF72,353,12,0.11509608974223615,0.19500000000000003,-0.07990391025776389,ASO5
C9ORF72,354,12,0.11509608974223615,0.19500000000000003,-0.07990391025776389,ASO5
C9ORF72,355,8,0.11254804487111808,0.0675,0.045048044871118076,ASO1
C9ORF72,356,8,0.11254804487111808,0.0675,0.045048044871118076,ASO1
C9ORF72,357,9,0.08754804487111809,0.1425,-0.0549519551288819,ASO2
C9ORF72,358,8,0.11254804487111808,0.0675,0.045048044871118076,ASO1
C9ORF72,359,11,0.11254804487111808,0.0675,0.045048044871118076,ASO4
C9ORF72,360,12,0.11509608974223615,0.19500000000000003,-0.07990391025776389,ASO5
C9ORF72,361,11,0.11254804487111808,0.0675,0.045048044871118076,ASO4
C9ORF72,362,8,0.11254804487111808,0.0675,0.045048044871118076,ASO1
C9ORF72,363,8,0.11254804487111808,0.0675,0.045048044871118076,ASO1
C9ORF72,364,12,0.11509608974223615,0.19500000000000003,-0.07990391025776389,ASO5
C9ORF72,365,9,0.08754804487111809,0.1425,-0.0549519551288819,ASO2
C9ORF72,366,12,0.11509608974223615,0.19500000000000003,-0.07990391025776389,ASO5
C9ORF72,367,9,0.08754804487111809,0.1425,-0.0549519551288819,ASO2
C9ORF72,368,11,0.11254804487111808,0.0675,0.045048044871118076,ASO4
C9ORF72,369,12,0.11509608974223615,0.19500000000000003,-0.07990391025776389,ASO5
C9ORF72,370,12,0.11509608974223615,0.19500000000000003,-0.07990391025776389,ASO5
C9ORF72,371,8,0.11254804487111808,0.0675,0.045048044871118076,ASO1
C9ORF72,372,9,0.08754804487111809,0.1425,-0.0549519551288819,ASO2
C9ORF72,373,12,0.11509608974223615,0.19500000000000003,-0.07990391025776389,ASO5
C9ORF72,374,10,0.11254804487111808,0.0675,0.045048044871118076,ASO3
C9ORF72,375,9,0.08754804487111809,0.1425,-0.0549519551288819,ASO2
C9ORF72,376,12,0.11509608974223615,0.19500000000000003,-0.07990391025776389,ASO5
C9ORF72,377,11,0.11254804487111808,0.0675,0.045048044871118076,ASO4
C9ORF72,378,8,0.11254804487111808,0.0675,0.045048044871118076,ASO1
C9ORF72,379,12,0.11509608974223615,0.19500000000000003,-0.07990391025776389,ASO5
C9ORF72,380,12,0.11509608974223615,0.19500000000000003,-0.07990391025776389,ASO5
C9ORF72,381,8,0.11254804487111808,0.0675,0.045048044871118076,ASO1
C9ORF72,382,12,0.11509608974223615,0.19500000000000003,-0.07990391025776389,ASO5
C9ORF72,383,10,0.11254804487111808,0.0675,0.045048044871118076,ASO3
C9ORF72,384,12,0.11509608974223615,0.19500000000000003,-0.07990391025776389,ASO5
C9ORF72,385,9,0.08754804487111809,0.1425,-0.0549519551288819,ASO2
C9ORF72,386,8,0.11254804487111808,0.0675,0.045048044871118076,ASO1
C9ORF72,387,11,0.11254804487111808,0.0675,0.045048044871118076,ASO4
C9ORF72,388,8,0.11254804487111808,0.0675,0.045048044871118076,ASO1
C9ORF72,389,12,0.11509608974223615,0.19500000000000003,-0.07990391025776389,ASO5
C9ORF72,390,9,0.08754804487111809,0.1425,-0.0549519551288819,ASO2
C9ORF72,391,9,0.08754804487111809,0.1425,-0.0549519551288819,ASO2
C9ORF72,392,11,0.11254804487111808,0.0675,0.045048044871118076,ASO4
C9ORF72,393,12,0.11509608974223615,0.19500000000000003,-0.07990391025776389,ASO5
C9ORF72,394,12,0.11509608974223615,0.19500000000000003,-0.07990391025776389,ASO5
C9ORF72,395,8,0.11254804487111808,0.0675,0.045048044871118076,ASO1
C9ORF72,396,11,0.11254804487111808,0.0675,0.045048044871118076,ASO4
C9ORF72,397,10,0.11254804487111808,0.0675,0.045048044871118076,ASO3
C9ORF72,398,11,0.11254804487111808,0.0675,0.045048044871118076,ASO4
C9ORF72,399,8,0.11254804487111808,0.0675,0.045048044871118076,ASO1
C9ORF72,400,10,0.11254804487111808,0.0675,0.045048044871118076,ASO3
C9ORF72,401,9,0.08754804487111809,0.1425,-0.0549519551288819,ASO2
C9ORF72,402,9,0.08754804487111809,0.1425,-0.0549519551288819,ASO2
C9ORF72,403,9,0.08754804487111809,0.1425,-0.0549519551288819,ASO2
C9ORF72,404,8,0.11254804487111808,0.0675,0.045048044871118076,ASO1
C9ORF72,405,11,0.11254804487111808,0.0675,0.045048044871118076,ASO4
C9ORF72,406,11,0.11254804487111808,0.0675,0.045048044871118076,ASO4
C9ORF72,407,9,0.08754804487111809,0.1425,-0.0549519551288819,ASO2
C9ORF72,408,11,0.11254804487111808,0.0675,0.045048044871118076,ASO4
C9ORF72,409,10,0.11254804487111808,0.0675,0.045048044871118076,ASO3
C9ORF72,410,11,0.11254804487111808,0.0675,0.045048044871118076,ASO4
C9ORF72,411,11,0.11254804487111808,0.0675,0.045048044871118076,ASO4
C9ORF72,412,11,0.11254804487111808,0.0675,0.045048044871118076,ASO4
C9ORF72,413,11,0.11254804487111808,0.0675,0.045048044871118076,ASO4
C9ORF72,414,11,0.11254804487111808,0.0675,0.045048044871118076,ASO4
C9ORF72,415,9,0.08754804487111809,0.1425,-0.0549519551288819,ASO2
C9ORF72,416,12,0.11509608974223615,0.19500000000000003,-0.07990391025776389,ASO5
C9ORF72,417,8,0.11254804487111808,0.0675,0.045048044871118076,ASO1
C9ORF72,418,11,0.11254804487111808,0.0675,0.045048044871118076,ASO4
C9ORF72,419,9,0.08754804487111809,0.1425,-0.0549519551288819,ASO2
C9ORF72,420,8,0.11254804487111808,0.0675,0.045048044871118076,ASO1
C9ORF72,421,10,0.11254804487111808,0.0675,0.045048044871118076,ASO3
C9ORF72,422,10,0.11254804487111808,0.0675,0.045048044871118076,ASO3
C9ORF72,423,12,0.11509608974223615,0.19500000000000003,-0.07990391025776389,ASO5
C9ORF72,424,11,0.11254804487111808,0.0675,0.045048044871118076,ASO4
C9ORF72,425,11,0.11254804487111808,0.0675,0.045048044871118076,ASO4
C9ORF72,426,10,0.11254804487111808,0.0675,0.045048044871118076,ASO3
C9ORF72,427,11,0.11254804487111808,0.0675,0.045048044871118076,ASO4
C9ORF72,428,10,0.11254804487111808,0.0675,0.045048044871118076,ASO3
C9ORF72,429,8,0.11254804487111808,0.0675,0.045048044871118076,ASO1
C9ORF72,430,11,0.11254804487111808,0.0675,0.045048044871118076,ASO4
C9ORF72,431,10,0.11254804487111808,0.0675,0.045048044871118076,ASO3
C9ORF72,432,12,0.11509608974223615,0.19500000000000003,-0.07990391025776389,ASO5
C9ORF72,433,9,0.08754804487111809,0.1425,-0.0549519551288819,ASO2
C9ORF72,434,10,0.11254804487111808,0.0675,0.045048044871118076,ASO3
C9ORF72,435,9,0.08754804487111809,0.1425,-0.0549519551288819,ASO2
C9ORF72,436,11,0.11254804487111808,0.0675,0.045048044871118076,ASO4
C9ORF72,437,12,0.11509608974223615,0.19500000000000003,-0.07990391025776389,ASO5
C9ORF72,438,9,0.08754804487111809,0.1425,-0.0549519551288819,ASO2
C9ORF72,439,8,0.11254804487111808,0.0675,0.045048044871118076,ASO1
C9ORF72,440,11,0.11254804487111808,0.0675,0.045048044871118076,ASO4
C9ORF72,441,8,0.11254804487111808,0.0675,0.045048044871118076,ASO1
C9ORF72,442,10,0.11254804487111808,0.0675,0.045048044871118076,ASO3
C9ORF72,443,9,0.08754804487111809,0.1425,-0.0549519551288819,ASO2
C9ORF72,444,9,0.08754804487111809,0.1425,-0.0549519551288819,ASO2
C9ORF72,445,11,0.11254804487111808,0.0675,0.045048044871118076,ASO4
C9ORF72,446,9,0.08754804487111809,0.1425,-0.0549519551288819,ASO2
C9ORF72,447,9,0.08754804487111809,0.1425,-0.0549519551288819,ASO2
C9ORF72,448,9,0.08754804487111809,0.1425,-0.0549519551288819,ASO2
C9ORF72,449,11,0.11254804487111808,0.0675,0.045048044871118076,ASO4
C9ORF72,450,10,0.11254804487111808,0.0675,0.045048044871118076,ASO3
C9ORF72,451,11,0.11254804487111808,0.0675,0.045048044871118076,ASO4
C9ORF72,452,12,0.11509608974223615,0.19500000000000003,-0.07990391025776389,ASO5
C9ORF72,453,10,0.11254804487111808,0.0675,0.045048044871118076,ASO3
C9ORF72,454,11,0.11254804487111808,0.0675,0.045048044871118076,ASO4
C9ORF72,455,12,0.11509608974223615,0.19500000000000003,-0.07990391025776389,ASO5
C9ORF72,456,9,0.08754804487111809,0.1425,-0.0549519551288819,ASO2
C9ORF72,457,9,0.08754804487111809,0.1425,-0.0549519551288819,ASO2
C9ORF72,458,10,0.11254804487111808,0.0675,0.045048044871118076,ASO3
C9ORF72,459,11,0.11254804487111808,0.0675,0.045048044871118076,ASO4
C9ORF72,460,10,0.11254804487111808,0.0675,0.045048044871118076,ASO3
C9ORF72,461,10,0.11254804487111808,0.0675,0.045048044871118076,ASO3
C9ORF72,462,8,0.11254804487111808,0.0675,0.045048044871118076,ASO1
C9ORF72,463,8,0.11254804487111808,0.0675,0.045048044871118076,ASO1
C9ORF72,464,10,0.11254804487111808,0.0675,0.045048044871118076,ASO3
C9ORF72,465,9,0.08754804487111809,0.1425,-0.0549519551288819,ASO2
C9ORF72,466,8,0.11254804487111808,0.0675,0.045048044871118076,ASO1
C9ORF72,467,10,0.11254804487111808,0.0675,0.045048044871118076,ASO3
C9ORF72,468,8,0.11254804487111808,0.0675,0.045048044871118076,ASO1
C9ORF72,469,12,0.11509608974223615,0.19500000000000003,-0.07990391025776389,ASO5
C9ORF72,470,11,0.11254804487111808,0.0675,0.045048044871118076,ASO4
C9ORF72,471,11,0.11254804487111808,0.0675,0.045048044871118076,ASO4
C9ORF72,472,11,0.11254804487111808,0.0675,0.045048044871118076,ASO4
C9ORF72,473,10,0.11254804487111808,0.0675,0.045048044871118076,ASO3
C9ORF72,474,9,0.08754804487111809,0.1425,-0.0549519551288819,ASO2
C9ORF72,475,8,0.11254804487111808,0.0675,0.045048044871118076,ASO1
C9ORF72,476,9,0.08754804487111809,0.1425,-0.0549519551288819,ASO2
C9ORF72,477,9,0.08754804487111809,0.1425,-0.0549519551288819,ASO2
C9ORF72,478,11,0.11254804487111808,0.0675,0.045048044871118076,ASO4
C9ORF72,479,8,0.11254804487111808,0.0675,0.045048044871118076,ASO1
C9ORF72,480,12,0.11509608974223615,0.19500000000000003,-0.07990391025776389,ASO5
C9ORF72,481,10,0.11254804487111808,0.0675,0.045048044871118076,ASO3
C9ORF72,482,9,0.08754804487111809,0.1425,-0.0549519551288819,ASO2
C9ORF72,483,10,0.11254804487111808,0.0675,0.045048044871118076,ASO3
C9ORF72,484,11,0.11254804487111808,0.0675,0.045048044871118076,ASO4
C9ORF72,485,11,0.11254804487111808,0.0675,0.045048044871118076,ASO4
C9ORF72,486,11,0.11254804487111808,0.0675,0.045048044871118076,ASO4
C9ORF72,487,10,0.11254804487111808,0.0675,0.045048044871118076,ASO3
C9ORF72,488,8,0.11254804487111808,0.0675,0.045048044871118076,ASO1
C9ORF72,489,10,0.11254804487111808,0.0675,0.045048044871118076,ASO3
C9ORF72,490,11,0.11254804487111808,0.0675,0.045048044871118076,ASO4
C9ORF72,491,9,0.08754804487111809,0.1425,-0.0549519551288819,ASO2
C9ORF72,492,9,0.08754804487111809,0.1425,-0.0549519551288819,ASO2
C9ORF72,493,8,0.11254804487111808,0.0675,0.045048044871118076,ASO1
C9ORF72,494,8,0.11254804487111808,0.0675,0.045048044871118076,ASO1
C9ORF72,495,12,0.11509608974223615,0.19500000000000003,-0.07990391025776389,ASO5
C9ORF72,496,11,0.11254804487111808,0.0675,0.045048044871118076,ASO4
C9ORF72,497,8,0.11254804487111808,0.0675,0.045048044871118076,ASO1
C9ORF72,498,12,0.11509608974223615,0.19500000000000003,-0.07990391025776389,ASO5
C9ORF72,499,8,0.11254804487111808,0.0675,0.045048044871118076,ASO1
C9ORF72,500,10,0.11254804487111808,0.0675,0.045048044871118076,ASO3
C9ORF72,501,9,0.08754804487111809,0.1425,-0.0549519551288819,ASO2
C9ORF72,502,11,0.11254804487111808,0.0675,0.045048044871118076,ASO4
C9ORF72,503,8,0.11254804487111808,0.0675,0.045048044871118076,ASO1
C9ORF72,504,9,0.08754804487111809,0.1425,-0.0549519551288819,ASO2
C9ORF72,505,11,0.11254804487111808,0.0675,0.045048044871118076,ASO4
C9ORF72,506,12,0.11509608974223615,0.19500000000000003,-0.07990391025776389,ASO5
C9ORF72,507,8,0.11254804487111808,0.0675,0.045048044871118076,ASO1
C9ORF72,508,12,0.11509608974223615,0.19500000000000003,-0.07990391025776389,ASO5
C9ORF72,509,9,0.08754804487111809,0.1425,-0.0549519551288819,ASO2
C9ORF72,510,8,0.11254804487111808,0.0675,0.045048044871118076,ASO1
C9ORF72,511,8,0.11254804487111808,0.0675,0.045048044871118076,ASO1
C9ORF72,512,11,0.11254804487111808,0.0675,0.045048044871118076,ASO4
C9ORF72,513,12,0.11509608974223615,0.19500000000000003,-0.07990391025776389,ASO5
C9ORF72,514,9,0.08754804487111809,0.1425,-0.0549519551288819,ASO2
C9ORF72,515,9,0.08754804487111809,0.1425,-0.0549519551288819,ASO2
C9ORF72,516,8,0.11254804487111808,0.0675,0.045048044871118076,ASO1
C9ORF72,517,12,0.11509608974223615,0.19500000000000003,-0.07990391025776389,ASO5
C9ORF72,518,10,0.11254804487111808,0.0675,0.045048044871118076,ASO3
C9ORF72,519,12,0.11509608974223615,0.19500000000000003,-0.07990391025776389,ASO5
C9ORF72,520,12,0.11509608974223615,0.19500000000000003,-0.07990391025776389,ASO5
C9ORF72,521,11,0.11254804487111808,0.0675,0.045048044871118076,ASO4
C9ORF72,522,11,0.11254804487111808,0.0675,0.045048044871118076,ASO4
C9ORF72,523,9,0.08754804487111809,0.1425,-0.0549519551288819,ASO2
C9ORF72,524,12,0.11509608974223615,0.19500000000000003,-0.07990391025776389,ASO5
C9ORF72,525,10,0.11254804487111808,0.0675,0.045048044871118076,ASO3
C9ORF72,526,9,0.08754804487111809,0.1425,-0.0549519551288819,ASO2
C9ORF72,527,11,0.11254804487111808,0.0675,0.045048044871118076,ASO4
C9ORF72,528,8,0.11254804487111808,0.0675,0.045048044871118076,ASO1
C9ORF72,529,11,0.11254804487111808,0.0675,0.045048044871118076,ASO4
C9ORF72,530,12,0.11509608974223615,0.19500000000000003,-0.07990391025776389,ASO5
C9ORF72,531,12,0.11509608974223615,0.19500000000000003,-0.07990391025776389,ASO5
C9ORF72,532,11,0.11254804487111808,0.0675,0.045048044871118076,ASO4
C9ORF72,533,10,0.11254804487111808,0.0675,0.045048044871118076,ASO3
C9ORF72,534,8,0.11254804487111808,0.0675,0.045048044871118076,ASO1
C9ORF72,535,11,0.11254804487111808,0.0675,0.045048044871118076,ASO4
C9ORF72,536,9,0.08754804487111809,0.1425,-0.0549519551288819,ASO2
C9ORF72,537,9,0.08754804487111809,0.1425,-0.0549519551288819,ASO2
C9ORF72,538,12,0.11509608974223615,0.19500000000000003,-0.07990391025776389,ASO5
C9ORF72,539,8,0.11254804487111808,0.0675,0.045048044871118076,ASO1
C9ORF72,540,12,0.11509608974223615,0.19500000000000003,-0.07990391025776389,ASO5
C9ORF72,541,11,0.11254804487111808,0.0675,0.045048044871118076,ASO4
C9ORF72,542,10,0.11254804487111808,0.0675,0.045048044871118076,ASO3
C9ORF72,543,8,0.11254804487111808,0.0675,0.045048044871118076,ASO1
C9ORF72,544,12,0.11509608974223615,0.19500000000000003,-0.07990391025776389,ASO5
C9ORF72,545,11,0.11254804487111808,0.0675,0.045048044871118076,ASO4
C9ORF72,546,8,0.11254804487111808,0.0675,0.045048044871118076,ASO1
C9ORF72,547,8,0.11254804487111808,0.0675,0.045048044871118076,ASO1
C9ORF72,548,9,0.08754804487111809,0.1425,-0.0549519551288819,ASO2
C9ORF72,549,11,0.11254804487111808,0.0675,0.045048044871118076,ASO4
C9ORF72,550,9,0.08754804487111809,0.1425,-0.0549519551288819,ASO2
C9ORF72,551,10,0.11254804487111808,0.0675,0.045048044871118076,ASO3
C9ORF72,552,11,0.11254804487111808,0.0675,0.045048044871118076,ASO4
C9ORF72,553,8,0.11254804487111808,0.0675,0.045048044871118076,ASO1
C9ORF72,554,12,0.11509608974223615,0.19500000000000003,-0.07990391025776389,ASO5
C9ORF72,555,10,0.11254804487111808,0.0675,0.045048044871118076,ASO3
C9ORF72,556,8,0.11254804487111808,0.0675,0.045048044871118076,ASO1
C9ORF72,557,11,0.11254804487111808,0.0675,0.045048044871118076,ASO4
C9ORF72,558,10,0.11254804487111808,0.0675,0.045048044871118076,ASO3
C9ORF72,559,10,0.11254804487111808,0.0675,0.045048044871118076,ASO3
C9ORF72,560,12,0.11509608974223615,0.19500000000000003,-0.07990391025776389,ASO5
C9ORF72,561,11,0.11254804487111808,0.0675,0.045048044871118076,ASO4
C9ORF72,562,11,0.11254804487111808,0.0675,0.045048044871118076,ASO4
C9ORF72,563,11,0.11254804487111808,0.0675,0.045048044871118076,ASO4
C9ORF72,564,11,0.11254804487111808,0.0675,0.045048044871118076,ASO4
C9ORF72,565,9,0.08754804487111809,0.1425,-0.0549519551288819,ASO2
C9ORF72,566,12,0.11509608974223615,0.19500000000000003,-0.07990391025776389,ASO5
C9ORF72,567,12,0.11509608974223615,0.19500000000000003,-0.07990391025776389,ASO5
C9ORF72,568,11,0.11254804487111808,0.0675,0.045048044871118076,ASO4
C9ORF72,569,9,0.08754804487111809,0.1425,-0.0549519551288819,ASO2
C9ORF72,570,8,0.11254804487111808,0.0675,0.045048044871118076,ASO1
C9ORF72,571,10,0.11254804487111808,0.0675,0.045048044871118076,ASO3
C9ORF72,572,12,0.11509608974223615,0.19500000000000003,-0.07990391025776389,ASO5
C9ORF72,573,8,0.11254804487111808,0.0675,0.045048044871118076,ASO1
C9ORF72,574,11,0.11254804487111808,0.0675,0.045048044871118076,ASO4
C9ORF72,575,12,0.11509608974223615,0.19500000000000003,-0.07990391025776389,ASO5
C9ORF72,576,8,0.11254804487111808,0.0675,0.045048044871118076,ASO1
C9ORF72,577,11,0.11254804487111808,0.0675,0.045048044871118076,ASO4
C9ORF72,578,10,0.11254804487111808,0.0675,0.045048044871118076,ASO3
C9ORF72,579,10,0.11254804487111808,0.0675,0.045048044871118076,ASO3
C9ORF72,580,12,0.11509608974223615,0.19500000000000003,-0.07990391025776389,ASO5
C9ORF72,581,10,0.11254804487111808,0.0675,0.045048044871118076,ASO3
C9ORF72,582,8,0.11254804487111808,0.0675,0.045048044871118076,ASO1
C9ORF72,583,8,0.11254804487111808,0.0675,0.045048044871118076,ASO1
C9ORF72,584,9,0.08754804487111809,0.1425,-0.0549519551288819,ASO2
C9ORF72,585,9,0.08754804487111809,0.1425,-0.0549519551288819,ASO2
C9ORF72,586,11,0.11254804487111808,0.0675,0.045048044871118076,ASO4
C9ORF72,587,12,0.11509608974223615,0.19500000000000003,-0.07990391025776389,ASO5
C9ORF72,588,10,0.11254804487111808,0.0675,0.045048044871118076,ASO3
C9ORF72,589,8,0.11254804487111808,0.0675,0.045048044871118076,ASO1
C9ORF72,590,11,0.11254804487111808,0.0675,0.045048044871118076,ASO4
C9ORF72,591,8,0.11254804487111808,0.0675,0.045048044871118076,ASO1
C9ORF72,592,11,0.11254804487111808,0.0675,0.045048044871118076,ASO4
C9ORF72,593,10,0.11254804487111808,0.0675,0.045048044871118076,ASO3
C9ORF72,594,9,0.08754804487111809,0.1425,-0.0549519551288819,ASO2
C9ORF72,595,11,0.11254804487111808,0.0675,0.045048044871118076,ASO4
C9ORF72,596,8,0.11254804487111808,0.0675,0.045048044871118076,ASO1
C9ORF72,597,12,0.11509608974223615,0.19500000000000003,-0.07990391025776389,ASO5
C9ORF72,598,8,0.11254804487111808,0.0675,0.045048044871118076,ASO1
C9ORF72,599,12,0.11509608974223615,0.19500000000000003,-0.07990391025776389,ASO5
C9ORF72,600,10,0.11254804487111808,0.0675,0.045048044871118076,ASO3
C9ORF72,601,11,0.11254804487111808,0.0675,0.045048044871118076,ASO4
C9ORF72,602,9,0.08754804487111809,0.1425,-0.0549519551288819,ASO2
C9ORF72,603,9,0.08754804487111809,0.1425,-0.0549519551288819,ASO2
C9ORF72,604,12,0.11509608974223615,0.19500000000000003,-0.07990391025776389,ASO5
C9ORF72,605,10,0.11254804487111808,0.0675,0.045048044871118076,ASO3
C9ORF72,606,9,0.08754804487111809,0.1425,-0.0549519551288819,ASO2
C9ORF72,607,12,0.11509608974223615,0.19500000000000003,-0.07990391025776389,ASO5
C9ORF72,608,10,0.11254804487111808,0.0675,0.045048044871118076,ASO3
C9ORF72,609,8,0.11254804487111808,0.0675,0.045048044871118076,ASO1
C9ORF72,610,12,0.11509608974223615,0.19500000000000003,-0.07990391025776389,ASO5
C9ORF72,611,8,0.11254804487111808,0.0675,0.045048044871118076,ASO1
C9ORF72,612,10,0.11254804487111808,0.0675,0.045048044871118076,ASO3
C9ORF72,613,10,0.11254804487111808,0.0675,0.045048044871118076,ASO3
C9ORF72,614,10,0.11254804487111808,0.0675,0.045048044871118076,ASO3
C9ORF72,615,9,0.08754804487111809,0.1425,-0.0549519551288819,ASO2
C9ORF72,616,9,0.08754804487111809,0.1425,-0.0549519551288819,ASO2
C9ORF72,617,8,0.11254804487111808,0.0675,0.045048044871118076,ASO1
C9ORF72,618,12,0.11509608974223615,0.19500000000000003,-0.07990391025776389,ASO5
C9ORF72,619,10,0.11254804487111808,0.0675,0.045048044871118076,ASO3
C9ORF72,620,12,0.11509608974223615,0.19500000000000003,-0.07990391025776389,ASO5
C9ORF72,621,9,0.08754804487111809,0.1425,-0.0549519551288819,ASO2
C9ORF72,622,12,0.11509608974223615,0.19500000000000003,-0.07990391025776389,ASO5
C9ORF72,623,12,0.11509608974223615,0.19500000000000003,-0.07990391025776389,ASO5
C9ORF72,624,10,0.11254804487111808,0.0675,0.045048044871118076,ASO3
C9ORF72,625,9,0.08754804487111809,0.1425,-0.0549519551288819,ASO2
C9ORF72,626,8,0.11254804487111808,0.0675,0.045048044871118076,ASO1
C9ORF72,627,11,0.11254804487111808,0.0675,0.045048044871118076,ASO4
C9ORF72,628,10,0.11254804487111808,0.0675,0.045048044871118076,ASO3
C9ORF72,629,10,0.11254804487111808,0.0675,0.045048044871118076,ASO3
C9ORF72,630,9,0.08754804487111809,0.1425,-0.0549519551288819,ASO2
C9ORF72,631,9,0.08754804487111809,0.1425,-0.0549519551288819,ASO2
C9ORF72,632,10,0.11254804487111808,0.0675,0.045048044871118076,ASO3
C9ORF72,633,10,0.11254804487111808,0.0675,0.045048044871118076,ASO3
C9ORF72,634,11,0.11254804487111808,0.0675,0.045048044871118076,ASO4
C9ORF72,635,9,0.08754804487111809,0.1425,-0.0549519551288819,ASO2
C9ORF72,636,11,0.11254804487111808,0.0675,0.045048044871118076,ASO4
C9ORF72,637,9,0.08754804487111809,0.1425,-0.0549519551288819,ASO2
C9ORF72,638,9,0.08754804487111809,0.1425,-0.0549519551288819,ASO2
C9ORF72,639,8,0.11254804487111808,0.0675,0.045048044871118076,ASO1
C9ORF72,640,11,0.11254804487111808,0.0675,0.045048044871118076,ASO4
C9ORF72,641,8,0.11254804487111808,0.0675,0.045048044871118076,ASO1
C9ORF72,642,8,0.11254804487111808,0.0675,0.045048044871118076,ASO1
C9ORF72,643,9,0.08754804487111809,0.1425,-0.0549519551288819,ASO2
C9ORF72,644,11,0.11254804487111808,0.0675,0.045048044871118076,ASO4
C9ORF72,645,8,0.11254804487111808,0.0675,0.045048044871118076,ASO1
C9ORF72,646,12,0.11509608974223615,0.19500000000000003,-0.07990391025776389,ASO5
C9ORF72,647,8,0.11254804487111808,0.0675,0.045048044871118076,ASO1
C9ORF72,648,12,0.11509608974223615,0.19500000000000003,-0.07990391025776389,ASO5
C9ORF72,649,8,0.11254804487111808,0.0675,0.045048044871118076,ASO1
C9ORF72,650,9,0.08754804487111809,0.1425,-0.0549519551288819,ASO2
C9ORF72,651,9,0.08754804487111809,0.1425,-0.0549519551288819,ASO2
C9ORF72,652,12,0.11509608974223615,0.19500000000000003,-0.07990391025776389,ASO5
C9ORF72,653,9,0.08754804487111809,0.1425,-0.0549519551288819,ASO2
C9ORF72,654,11,0.11254804487111808,0.0675,0.045048044871118076,ASO4
C9ORF72,655,8,0.11254804487111808,0.0675,0.045048044871118076,ASO1
C9ORF72,656,9,0.08754804487111809,0.1425,-0.0549519551288819,ASO2
C9ORF72,657,8,0.11254804487111808,0.0675,0.045048044871118076,ASO1
C9ORF72,658,9,0.08754804487111809,0.1425,-0.0549519551288819,ASO2
C9ORF72,659,12,0.11509608974223615,0.19500000000000003,-0.07990391025776389,ASO5
C9ORF72,660,11,0.11254804487111808,0.0675,0.045048044871118076,ASO4
C9ORF72,661,9,0.08754804487111809,0.1425,-0.0549519551288819,ASO2
C9ORF72,662,11,0.11254804487111808,0.0675,0.045048044871118076,ASO4
C9ORF72,663,8,0.11254804487111808,0.0675,0.045048044871118076,ASO1
C9ORF72,664,9,0.08754804487111809,0.1425,-0.0549519551288819,ASO2
C9ORF72,665,11,0.11254804487111808,0.0675,0.045048044871118076,ASO4
C9ORF72,666,11,0.11254804487111808,0.0675,0.045048044871118076,ASO4
C9ORF72,667,10,0.11254804487111808,0.0675,0.045048044871118076,ASO3
C9ORF72,668,8,0.11254804487111808,0.0675,0.045048044871118076,ASO1
C9ORF72,669,9,0.08754804487111809,0.1425,-0.0549519551288819,ASO2
C9ORF72,670,11,0.11254804487111808,0.0675,0.045048044871118076,ASO4
C9ORF72,671,11,0.11254804487111808,0.0675,0.045048044871118076,ASO4
C9ORF72,672,8,0.11254804487111808,0.0675,0.045048044871118076,ASO1
C9ORF72,673,12,0.11509608974223615,0.19500000000000003,-0.07990391025776389,ASO5
C9ORF72,674,11,0.11254804487111808,0.0675,0.045048044871118076,ASO4
C9ORF72,675,9,0.08754804487111809,0.1425,-0.0549519551288819,ASO2
C9ORF72,676,12,0.11509608974223615,0.19500000000000003,-0.07990391025776389,ASO5
C9ORF72,677,9,0.08754804487111809,0.1425,-0.0549519551288819,ASO2
C9ORF72,678,9,0.08754804487111809,0.1425,-0.0549519551288819,ASO2
C9ORF72,679,10,0.11254804487111808,0.0675,0.045048044871118076,ASO3
C9ORF72,680,8,0.11254804487111808,0.0675,0.045048044871118076,ASO1
C9ORF72,681,9,0.08754804487111809,0.1425,-0.0549519551288819,ASO2
C9ORF72,682,10,0.11254804487111808,0.0675,0.045048044871118076,ASO3
C9ORF72,683,8,0.11254804487111808,0.0675,0.045048044871118076,ASO1
C9ORF72,684,11,0.11254804487111808,0.0675,0.045048044871118076,ASO4
C9ORF72,685,9,0.08754804487111809,0.1425,-0.0549519551288819,ASO2
C9ORF72,686,10,0.11254804487111808,0.0675,0.045048044871118076,ASO3
C9ORF72,687,11,0.11254804487111808,0.0675,0.045048044871118076,ASO4
C9ORF72,688,8,0.11254804487111808,0.0675,0.045048044871118076,ASO1
C9ORF72,689,8,0.11254804487111808,0.0675,0.045048044871118076,ASO1
C9ORF72,690,11,0.11254804487111808,0.0675,0.045048044871118076,ASO4
C9ORF72,691,8,0.11254804487111808,0.0675,0.045048044871118076,ASO1
C9ORF72,692,12,0.11509608974223615,0.19500000000000003,-0.07990391025776389,ASO5
C9ORF72,693,12,0.11509608974223615,0.19500000000000003,-0.07990391025776389,ASO5
C9ORF72,694,8,0.11254804487111808,0.0675,0.045048044871118076,ASO1
C9ORF72,695,9,0.08754804487111809,0.1425,-0.0549519551288819,ASO2
C9ORF72,696,12,0.11509608974223615,0.19500000000000003,-0.07990391025776389,ASO5
C9ORF72,697,10,0.11254804487111808,0.0675,0.045048044871118076,ASO3
C9ORF72,698,9,0.08754804487111809,0.1425,-0.0549519551288819,ASO2
C9ORF72,699,8,0.11254804487111808,0.0675,0.045048044871118076,ASO1
C9ORF72,700,8,0.11254804487111808,0.0675,0.045048044871118076,ASO1
C9ORF72,701,10,0.11254804487111808,0.0675,0.045048044871118076,ASO3
C9ORF72,702,12,0.11509608974223615,0.19500000000000003,-0.07990391025776389,ASO5
C9ORF72,703,8,0.11254804487111808,0.0675,0.045048044871118076,ASO1
C9ORF72,704,9,0.08754804487111809,0.1425,-0.0549519551288819,ASO2
C9ORF72,705,9,0.08754804487111809,0.1425,-0.0549519551288819,ASO2
C9ORF72,706,11,0.11254804487111808,0.0675,0.045048044871118076,ASO4
C9ORF72,707,10,0.11254804487111808,0.0675,0.045048044871118076,ASO3
C9ORF72,708,8,0.11254804487111808,0.0675,0.045048044871118076,ASO1
C9ORF72,709,10,0.11254804487111808,0.0675,0.045048044871118076,ASO3
C9ORF72,710,12,0.11509608974223615,0.19500000000000003,-0.07990391025776389,ASO5
C9ORF72,711,8,0.11254804487111808,0.0675,0.045048044871118076,ASO1
C9ORF72,712,8,0.11254804487111808,0.0675,0.045048044871118076,ASO1
C9ORF72,713,10,0.11254804487111808,0.0675,0.045048044871118076,ASO3
C9ORF72,714,8,0.11254804487111808,0.0675,0.045048044871118076,ASO1
C9ORF72,715,11,0.11254804487111808,0.0675,0.045048044871118076,ASO4
C9ORF72,716,11,0.11254804487111808,0.0675,0.045048044871118076,ASO4
C9ORF72,717,11,0.11254804487111808,0.0675,0.045048044871118076,ASO4
C9ORF72,718,10,0.11254804487111808,0.0675,0.045048044871118076,ASO3
C9ORF72,719,9,0.08754804487111809,0.1425,-0.0549519551288819,ASO2
C9ORF72,720,9,0.08754804487111809,0.1425,-0.0549519551288819,ASO2
C9ORF72,721,10,0.11254804487111808,0.0675,0.045048044871118076,ASO3
C9ORF72,722,10,0.11254804487111808,0.0675,0.045048044871118076,ASO3
C9ORF72,723,11,0.11254804487111808,0.0675,0.045048044871118076,ASO4
C9ORF72,724,12,0.11509608974223615,0.19500000000000003,-0.07990391025776389,ASO5
C9ORF72,725,9,0.08754804487111809,0.1425,-0.0549519551288819,ASO2
C9ORF72,726,12,0.11509608974223615,0.19500000000000003,-0.07990391025776389,ASO5
C9ORF72,727,8,0.11254804487111808,0.0675,0.045048044871118076,ASO1
C9ORF72,728,10,0.11254804487111808,0.0675,0.045048044871118076,ASO3
C9ORF72,729,12,0.11509608974223615,0.19500000000000003,-0.07990391025776389,ASO5
C9ORF72,730,10,0.11254804487111808,0.0675,0.045048044871118076,ASO3
C9ORF72,731,12,0.11509608974223615,0.19500000000000003,-0.07990391025776389,ASO5
C9ORF72,732,10,0.11254804487111808,0.0675,0.045048044871118076,ASO3
C9ORF72,733,12,0.11509608974223615,0.19500000000000003,-0.07990391025776389,ASO5
C9ORF72,734,11,0.11254804487111808,0.0675,0.045048044871118076,ASO4
C9ORF72,735,10,0.11254804487111808,0.0675,0.045048044871118076,ASO3
C9ORF72,736,11,0.11254804487111808,0.0675,0.045048044871118076,ASO4
C9ORF72,737,8,0.11254804487111808,0.0675,0.045048044871118076,ASO1
C9ORF72,738,8,0.11254804487111808,0.0675,0.045048044871118076,ASO1
C9ORF72,739,11,0.11254804487111808,0.0675,0.045048044871118076,ASO4
C9ORF72,740,12,0.11509608974223615,0.19500000000000003,-0.07990391025776389,ASO5
C9ORF72,741,11,0.11254804487111808,0.0675,0.045048044871118076,ASO4
C9ORF72,742,10,0.11254804487111808,0.0675,0.045048044871118076,ASO3
C9ORF72,743,12,0.11509608974223615,0.19500000000000003,-0.07990391025776389,ASO5
C9ORF72,744,9,0.08754804487111809,0.1425,-0.0549519551288819,ASO2
C9ORF72,745,8,0.11254804487111808,0.0675,0.045048044871118076,ASO1
C9ORF72,746,8,0.11254804487111808,0.0675,0.045048044871118076,ASO1
C9ORF72,747,12,0.11509608974223615,0.19500000000000003,-0.07990391025776389,ASO5
C9ORF72,748,8,0.11254804487111808,0.0675,0.045048044871118076,ASO1
C9ORF72,749,9,0.08754804487111809,0.1425,-0.0549519551288819,ASO2
C9ORF72,750,10,0.11254804487111808,0.0675,0.045048044871118076,ASO3
C9ORF72,751,11,0.11254804487111808,0.0675,0.045048044871118076,ASO4
C9ORF72,752,11,0.11254804487111808,0.0675,0.045048044871118076,ASO4
C9ORF72,753,12,0.11509608974223615,0.19500000000000003,-0.07990391025776389,ASO5
C9ORF72,754,11,0.11254804487111808,0.0675,0.045048044871118076,ASO4
C9ORF72,755,9,0.08754804487111809,0.1425,-0.0549519551288819,ASO2
C9ORF72,756,8,0.11254804487111808,0.0675,0.045048044871118076,ASO1
C9ORF72,757,12,0.11509608974223615,0.19500000000000003,-0.07990391025776389,ASO5
C9ORF72,758,12,0.11509608974223615,0.19500000000000003,-0.07990391025776389,ASO5
C9ORF72,759,8,0.11254804487111808,0.0675,0.045048044871118076,ASO1
C9ORF72,760,8,0.11254804487111808,0.0675,0.045048044871118076,ASO1
C9ORF72,761,8,0.11254804487111808,0.0675,0.045048044871118076,ASO1
C9ORF72,762,8,0.11254804487111808,0.0675,0.045048044871118076,ASO1
C9ORF72,763,10,0.11254804487111808,0.0675,0.045048044871118076,ASO3
C9ORF72,764,10,0.11254804487111808,0.0675,0.045048044871118076,ASO3
C9ORF72,765,11,0.11254804487111808,0.0675,0.045048044871118076,ASO4
C9ORF72,766,8,0.11254804487111808,0.0675,0.045048044871118076,ASO1
C9ORF72,767,12,0.11509608974223615,0.19500000000000003,-0.07990391025776389,ASO5
C9ORF72,768,8,0.11254804487111808,0.0675,0.045048044871118076,ASO1
C9ORF72,769,12,0.11509608974223615,0.19500000000000003,-0.07990391025776389,ASO5
C9ORF72,770,10,0.11254804487111808,0.0675,0.045048044871118076,ASO3
C9ORF72,771,12,0.11509608974223615,0.19500000000000003,-0.07990391025776389,ASO5
C9ORF72,772,8,0.11254804487111808,0.0675,0.045048044871118076,ASO1
C9ORF72,773,10,0.11254804487111808,0.0675,0.045048044871118076,ASO3
C9ORF72,774,10,0.11254804487111808,0.0675,0.045048044871118076,ASO3
C9ORF72,775,10,0.11254804487111808,0.0675,0.045048044871118076,ASO3
C9ORF72,776,8,0.11254804487111808,0.0675,0.045048044871118076,ASO1
C9ORF72,777,10,0.11254804487111808,0.0675,0.045048044871118076,ASO3
C9ORF72,778,11,0.11254804487111808,0.0675,0.045048044871118076,ASO4
C9ORF72,779,11,0.11254804487111808,0.0675,0.045048044871118076,ASO4
C9ORF72,780,11,0.11254804487111808,0.0675,0.045048044871118076,ASO4
C9ORF72,781,12,0.11509608974223615,0.19500000000000003,-0.07990391025776389,ASO5
C9ORF72,782,8,0.11254804487111808,0.0675,0.045048044871118076,ASO1
C9ORF72,783,10,0.11254804487111808,0.0675,0.045048044871118076,ASO3
C9ORF72,784,11,0.11254804487111808,0.0675,0.045048044871118076,ASO4
C9ORF72,785,12,0.11509608974223615,0.19500000000000003,-0.07990391025776389,ASO5
C9ORF72,786,12,0.11509608974223615,0.19500000000000003,-0.07990391025776389,ASO5
C9ORF72,787,10,0.11254804487111808,0.0675,0.045048044871118076,ASO3
C9ORF72,788,8,0.11254804487111808,0.0675,0.045048044871118076,ASO1
C9ORF72,789,11,0.11254804487111808,0.0675,0.045048044871118076,ASO4
C9ORF72,790,12,0.11509608974223615,0.19500000000000003,-0.07990391025776389,ASO5
C9ORF72,791,12,0.11509608974223615,0.19500000000000003,-0.07990391025776389,ASO5
C9ORF72,792,11,0.11254804487111808,0.0675,0.045048044871118076,ASO4
C9ORF72,793,8,0.11254804487111808,0.0675,0.045048044871118076,ASO1
C9ORF72,794,12,0.11509608974223615,0.19500000000000003,-0.07990391025776389,ASO5
C9ORF72,795,11,0.11254804487111808,0.0675,0.045048044871118076,ASO4
C9ORF72,796,12,0.11509608974223615,0.19500000000000003,-0.07990391025776389,ASO5
C9ORF72,797,12,0.11509608974223615,0.19500000000000003,-0.07990391025776389,ASO5
C9ORF72,798,11,0.11254804487111808,0.0675,0.045048044871118076,ASO4
C9ORF72,799,12,0.11509608974223615,0.19500000000000003,-0.07990391025776389,ASO5
C9ORF72,800,10,0.11254804487111808,0.0675,0.045048044871118076,ASO3
C9ORF72,801,12,0.11509608974223615,0.19500000000000003,-0.07990391025776389,ASO5
C9ORF72,802,12,0.11509608974223615,0.19500000000000003,-0.07990391025776389,ASO5
C9ORF72,803,9,0.08754804487111809,0.1425,-0.0549519551288819,ASO2
C9ORF72,804,10,0.11254804487111808,0.0675,0.045048044871118076,ASO3
C9ORF72,805,10,0.11254804487111808,0.0675,0.045048044871118076,ASO3
C9ORF72,806,9,0.08754804487111809,0.1425,-0.0549519551288819,ASO2
C9ORF72,807,10,0.11254804487111808,0.0675,0.045048044871118076,ASO3
C9ORF72,808,12,0.11509608974223615,0.19500000000000003,-0.07990391025776389,ASO5
C9ORF72,809,12,0.11509608974223615,0.19500000000000003,-0.07990391025776389,ASO5
C9ORF72,810,8,0.11254804487111808,0.0675,0.045048044871118076,ASO1
C9ORF72,811,9,0.08754804487111809,0.1425,-0.0549519551288819,ASO2
C9ORF72,812,9,0.08754804487111809,0.1425,-0.0549519551288819,ASO2
C9ORF72,813,11,0.11254804487111808,0.0675,0.045048044871118076,ASO4
C9ORF72,814,11,0.11254804487111808,0.0675,0.045048044871118076,ASO4
C9ORF72,815,11,0.11254804487111808,0.0675,0.045048044871118076,ASO4
C9ORF72,816,11,0.11254804487111808,0.0675,0.045048044871118076,ASO4
C9ORF72,817,8,0.11254804487111808,0.0675,0.045048044871118076,ASO1
C9ORF72,818,9,0.08754804487111809,0.1425,-0.0549519551288819,ASO2
C9ORF72,819,12,0.11509608974223615,0.19500000000000003,-0.07990391025776389,ASO5
C9ORF72,820,8,0.11254804487111808,0.0675,0.045048044871118076,ASO1
C9ORF72,821,10,0.11254804487111808,0.0675,0.045048044871118076,ASO3
C9ORF72,822,12,0.11509608974223615,0.19500000000000003,-0.07990391025776389,ASO5
C9ORF72,823,12,0.11509608974223615,0.19500000000000003,-0.07990391025776389,ASO5
C9ORF72,824,8,0.11254804487111808,0.0675,0.045048044871118076,ASO1
C9ORF72,825,12,0.11509608974223615,0.19500000000000003,-0.07990391025776389,ASO5
C9ORF72,826,8,0.11254804487111808,0.0675,0.045048044871118076,ASO1
C9ORF72,827,12,0.11509608974223615,0.19500000000000003,-0.07990391025776389,ASO5
C9ORF72,828,8,0.11254804487111808,0.0675,0.045048044871118076,ASO1
C9ORF72,829,8,0.11254804487111808,0.0675,0.045048044871118076,ASO1
C9ORF72,830,9,0.08754804487111809,0.1425,-0.0549519551288819,ASO2
C9ORF72,831,12,0.11509608974223615,0.19500000000000003,-0.07990391025776389,ASO5
C9ORF72,832,10,0.11254804487111808,0.0675,0.045048044871118076,ASO3
C9ORF72,833,12,0.11509608974223615,0.19500000000000003,-0.07990391025776389,ASO5
C9ORF72,834,8,0.11254804487111808,0.0675,0.045048044871118076,ASO1
C9ORF72,835,12,0.11509608974223615,0.19500000000000003,-0.07990391025776389,ASO5
C9ORF72,836,11,0.11254804487111808,0.0675,0.045048044871118076,ASO4
C9ORF72,837,11,0.11254804487111808,0.0675,0.045048044871118076,ASO4
C9ORF72,838,9,0.08754804487111809,0.1425,-0.0549519551288819,ASO2
C9ORF72,839,9,0.08754804487111809,0.1425,-0.0549519551288819,ASO2
C9ORF72,840,10,0.11254804487111808,0.0675,0.045048044871118076,ASO3
C9ORF72,841,10,0.11254804487111808,0.0675,0.045048044871118076,ASO3
C9ORF72,842,11,0.11254804487111808,0.0675,0.045048044871118076,ASO4
C9ORF72,843,8,0.11254804487111808,0.0675,0.045048044871118076,ASO1
C9ORF72,844,12,0.11509608974223615,0.19500000000000003,-0.07990391025776389,ASO5
C9ORF72,845,12,0.11509608974223615,0.19500000000000003,-0.07990391025776389,ASO5
C9ORF72,846,11,0.11254804487111808,0.0675,0.045048044871118076,ASO4
C9ORF72,847,11,0.11254804487111808,0.0675,0.045048044871118076,ASO4
C9ORF72,848,12,0.11509608974223615,0.19500000000000003,-0.07990391025776389,ASO5
C9ORF72,849,9,0.08754804487111809,0.1425,-0.0549519551288819,ASO2
C9ORF72,850,9,0.08754804487111809,0.1425,-0.0549519551288819,ASO2
C9ORF72,851,12,0.11509608974223615,0.19500000000000003,-0.07990391025776389,ASO5
C9ORF72,852,8,0.11254804487111808,0.0675,0.045048044871118076,ASO1
C9ORF72,853,11,0.11254804487111808,0.0675,0.045048044871118076,ASO4
C9ORF72,854,12,0.11509608974223615,0.19500000000000003,-0.07990391025776389,ASO5
C9ORF72,855,9,0.08754804487111809,0.1425,-0.0549519551288819,ASO2
C9ORF72,856,9,0.08754804487111809,0.1425,-0.0549519551288819,ASO2
C9ORF72,857,12,0.11509608974223615,0.19500000000000003,-0.07990391025776389,ASO5
C9ORF72,858,8,0.11254804487111808,0.0675,0.045048044871118076,ASO1
C9ORF72,859,9,0.08754804487111809,0.1425,-0.0549519551288819,ASO2
C9ORF72,860,11,0.11254804487111808,0.0675,0.045048044871118076,ASO4
C9ORF72,861,9,0.08754804487111809,0.1425,-0.0549519551288819,ASO2
C9ORF72,862,11,0.11254804487111808,0.0675,0.045048044871118076,ASO4
C9ORF72,863,8,0.11254804487111808,0.0675,0.045048044871118076,ASO1
C9ORF72,864,9,0.08754804487111809,0.1425,-0.0549519551288819,ASO2
C9ORF72,865,11,0.11254804487111808,0.0675,0.045048044871118076,ASO4
C9ORF72,866,12,0.11509608974223615,0.19500000000000003,-0.07990391025776389,ASO5
C9ORF72,867,8,0.11254804487111808,0.0675,0.045048044871118076,ASO1
C9ORF72,868,10,0.11254804487111808,0.0675,0.045048044871118076,ASO3
C9ORF72,869,8,0.11254804487111808,0.0675,0.045048044871118076,ASO1
C9ORF72,870,8,0.11254804487111808,0.0675,0.045048044871118076,ASO1
C9ORF72,871,11,0.11254804487111808,0.0675,0.045048044871118076,ASO4
C9ORF72,872,10,0.11254804487111808,0.0675,0.045048044871118076,ASO3
C9ORF72,873,12,0.11509608974223615,0.19500000000000003,-0.07990391025776389,ASO5
C9ORF72,874,12,0.11509608974223615,0.19500000000000003,-0.07990391025776389,ASO5
C9ORF72,875,8,0.11254804487111808,0.0675,0.045048044871118076,ASO1
C9ORF72,876,12,0.11509608974223615,0.19500000000000003,-0.07990391025776389,ASO5
C9ORF72,877,11,0.11254804487111808,0.0675,0.045048044871118076,ASO4
C9ORF72,878,9,0.08754804487111809,0.1425,-0.0549519551288819,ASO2
C9ORF72,879,9,0.08754804487111809,0.1425,-0.0549519551288819,ASO2
C9ORF72,880,12,0.11509608974223615,0.19500000000000003,-0.07990391025776389,ASO5
C9ORF72,881,12,0.11509608974223615,0.19500000000000003,-0.07990391025776389,ASO5
C9ORF72,882,8,0.11254804487111808,0.0675,0.045048044871118076,ASO1
C9ORF72,883,8,0.11254804487111808,0.0675,0.045048044871118076,ASO1
C9ORF72,884,8,0.11254804487111808,0.0675,0.045048044871118076,ASO1
C9ORF72,885,8,0.11254804487111808,0.0675,0.045048044871118076,ASO1
C9ORF72,886,12,0.11509608974223615,0.19500000000000003,-0.07990391025776389,ASO5
C9ORF72,887,12,0.11509608974223615,0.19500000000000003,-0.07990391025776389,ASO5
C9ORF72,888,12,0.11509608974223615,0.19500000000000003,-0.07990391025776389,ASO5
C9ORF72,889,10,0.11254804487111808,0.0675,0.045048044871118076,ASO3
C9ORF72,890,10,0.11254804487111808,0.0675,0.045048044871118076,ASO3
C9ORF72,891,8,0.11254804487111808,0.0675,0.045048044871118076,ASO1
C9ORF72,892,11,0.11254804487111808,0.0675,0.045048044871118076,ASO4
C9ORF72,893,8,0.11254804487111808,0.0675,0.045048044871118076,ASO1
C9ORF72,894,12,0.11509608974223615,0.19500000000000003,-0.07990391025776389,ASO5
C9ORF72,895,10,0.11254804487111808,0.0675,0.045048044871118076,ASO3
C9ORF72,896,10,0.11254804487111808,0.0675,0.045048044871118076,ASO3
C9ORF72,897,10,0.11254804487111808,0.0675,0.045048044871118076,ASO3
C9ORF72,898,12,0.11509608974223615,0.19500000000000003,-0.07990391025776389,ASO5
C9ORF72,899,10,0.11254804487111808,0.0675,0.045048044871118076,ASO3
C9ORF72,900,12,0.11509608974223615,0.19500000000000003,-0.07990391025776389,ASO5
C9ORF72,901,11,0.11254804487111808,0.0675,0.045048044871118076,ASO4
C9ORF72,902,12,0.11509608974223615,0.19500000000000003,-0.07990391025776389,ASO5
C9ORF72,903,8,0.11254804487111808,0.0675,0.045048044871118076,ASO1
C9ORF72,904,9,0.08754804487111809,0.1425,-0.0549519551288819,ASO2
C9ORF72,905,9,0.08754804487111809,0.1425,-0.0549519551288819,ASO2
C9ORF72,906,8,0.11254804487111808,0.0675,0.045048044871118076,ASO1
C9ORF72,907,8,0.11254804487111808,0.0675,0.045048044871118076,ASO1
C9ORF72,908,9,0.08754804487111809,0.1425,-0.0549519551288819,ASO2
C9ORF72,909,12,0.11509608974223615,0.19500000000000003,-0.07990391025776389,ASO5
C9ORF72,910,11,0.11254804487111808,0.0675,0.045048044871118076,ASO4
C9ORF72,911,10,0.11254804487111808,0.0675,0.045048044871118076,ASO3
C9ORF72,912,12,0.11509608974223615,0.19500000000000003,-0.07990391025776389,ASO5
C9ORF72,913,11,0.11254804487111808,0.0675,0.045048044871118076,ASO4
C9ORF72,914,8,0.11254804487111808,0.0675,0.045048044871118076,ASO1
C9ORF72,915,9,0.08754804487111809,0.1425,-0.0549519551288819,ASO2
C9ORF72,916,10,0.11254804487111808,0.0675,0.045048044871118076,ASO3
C9ORF72,917,8,0.11254804487111808,0.0675,0.045048044871118076,ASO1
C9ORF72,918,9,0.08754804487111809,0.1425,-0.0549519551288819,ASO2
C9ORF72,919,8,0.11254804487111808,0.0675,0.045048044871118076,ASO1
C9ORF72,920,8,0.11254804487111808,0.0675,0.045048044871118076,ASO1
C9ORF72,921,8,0.11254804487111808,0.0675,0.045048044871118076,ASO1
C9ORF72,922,9,0.08754804487111809,0.1425,-0.0549519551288819,ASO2
C9ORF72,923,11,0.11254804487111808,0.0675,0.045048044871118076,ASO4
C9ORF72,924,11,0.11254804487111808,0.0675,0.045048044871118076,ASO4
C9ORF72,925,12,0.11509608974223615,0.19500000000000003,-0.07990391025776389,ASO5
C9ORF72,926,8,0.11254804487111808,0.0675,0.045048044871118076,ASO1
C9ORF72,927,8,0.11254804487111808,0.0675,0.045048044871118076,ASO1
C9ORF72,928,8,0.11254804487111808,0.0675,0.045048044871118076,ASO1
C9ORF72,929,8,0.11254804487111808,0.0675,0.045048044871118076,ASO1
C9ORF72,930,10,0.11254804487111808,0.0675,0.045048044871118076,ASO3
C9ORF72,931,12,0.11509608974223615,0.19500000000000003,-0.07990391025776389,ASO5
C9ORF72,932,11,0.11254804487111808,0.0675,0.045048044871118076,ASO4
C9ORF72,933,11,0.11254804487111808,0.0675,0.045048044871118076,ASO4
C9ORF72,934,9,0.08754804487111809,0.1425,-0.0549519551288819,ASO2
C9ORF72,935,12,0.11509608974223615,0.19500000000000003,-0.07990391025776389,ASO5
C9ORF72,936,12,0.11509608974223615,0.19500000000000003,-0.07990391025776389,ASO5
C9ORF72,937,9,0.08754804487111809,0.1425,-0.0549519551288819,ASO2
C9ORF72,938,10,0.11254804487111808,0.0675,0.045048044871118076,ASO3
C9ORF72,939,10,0.11254804487111808,0.0675,0.045048044871118076,ASO3
C9ORF72,940,9,0.08754804487111809,0.1425,-0.0549519551288819,ASO2
C9ORF72,941,9,0.08754804487111809,0.1425,-0.0549519551288819,ASO2
C9ORF72,942,12,0.11509608974223615,0.19500000000000003,-0.07990391025776389,ASO5
C9ORF72,943,12,0.11509608974223615,0.19500000000000003,-0.07990391025776389,ASO5
C9ORF72,944,12,0.11509608974223615,0.19500000000000003,-0.07990391025776389,ASO5
C9ORF72,945,8,0.11254804487111808,0.0675,0.045048044871118076,ASO1
C9ORF72,946,10,0.11254804487111808,0.0675,0.045048044871118076,ASO3
C9ORF72,947,9,0.08754804487111809,0.1425,-0.0549519551288819,ASO2
C9ORF72,948,12,0.11509608974223615,0.19500000000000003,-0.07990391025776389,ASO5
C9ORF72,949,11,0.11254804487111808,0.0675,0.045048044871118076,ASO4
C9ORF72,950,11,0.11254804487111808,0.0675,0.045048044871118076,ASO4
C9ORF72,951,12,0.11509608974223615,0.19500000000000003,-0.07990391025776389,ASO5
C9ORF72,952,8,0.11254804487111808,0.0675,0.045048044871118076,ASO1
C9ORF72,953,12,0.11509608974223615,0.19500000000000003,-0.07990391025776389,ASO5
C9ORF72,954,10,0.11254804487111808,0.0675,0.045048044871118076,ASO3
C9ORF72,955,8,0.11254804487111808,0.0675,0.045048044871118076,ASO1
C9ORF72,956,12,0.11509608974223615,0.19500000000000003,-0.07990391025776389,ASO5
C9ORF72,957,12,0.11509608974223615,0.19500000000000003,-0.07990391025776389,ASO5
C9ORF72,958,11,0.11254804487111808,0.0675,0.045048044871118076,ASO4
C9ORF72,959,11,0.11254804487111808,0.0675,0.045048044871118076,ASO4
C9ORF72,960,9,0.08754804487111809,0.1425,-0.0549519551288819,ASO2
C9ORF72,961,10,0.11254804487111808,0.0675,0.045048044871118076,ASO3
C9ORF72,962,12,0.11509608974223615,0.19500000000000003,-0.07990391025776389,ASO5
C9ORF72,963,10,0.11254804487111808,0.0675,0.045048044871118076,ASO3
C9ORF72,964,12,0.11509608974223615,0.19500000000000003,-0.07990391025776389,ASO5
C9ORF72,965,10,0.11254804487111808,0.0675,0.045048044871118076,ASO3
C9ORF72,966,9,0.08754804487111809,0.1425,-0.0549519551288819,ASO2
C9ORF72,967,8,0.11254804487111808,0.0675,0.045048044871118076,ASO1
C9ORF72,968,12,0.11509608974223615,0.19500000000000003,-0.07990391025776389,ASO5
C9ORF72,969,9,0.08754804487111809,0.1425,-0.0549519551288819,ASO2
C9ORF72,970,8,0.11254804487111808,0.0675,0.045048044871118076,ASO1
C9ORF72,971,12,0.11509608974223615,0.19500000000000003,-0.07990391025776389,ASO5
C9ORF72,972,9,0.08754804487111809,0.1425,-0.0549519551288819,ASO2
C9ORF72,973,10,0.11254804487111808,0.0675,0.045048044871118076,ASO3
C9ORF72,974,12,0.11509608974223615,0.19500000000000003,-0.07990391025776389,ASO5
C9ORF72,975,8,0.11254804487111808,0.0675,0.045048044871118076,ASO1
C9ORF72,976,12,0.11509608974223615,0.19500000000000003,-0.07990391025776389,ASO5
C9ORF72,977,10,0.11254804487111808,0.0675,0.045048044871118076,ASO3
C9ORF72,978,10,0.11254804487111808,0.0675,0.045048044871118076,ASO3
C9ORF72,979,11,0.11254804487111808,0.0675,0.045048044871118076,ASO4
C9ORF72,980,10,0.11254804487111808,0.0675,0.045048044871118076,ASO3
C9ORF72,981,12,0.11509608974223615,0.19500000000000003,-0.07990391025776389,ASO5
C9ORF72,982,12,0.11509608974223615,0.19500000000000003,-0.07990391025776389,ASO5
C9ORF72,983,10,0.11254804487111808,0.0675,0.045048044871118076,ASO3
C9ORF72,984,8,0.11254804487111808,0.0675,0.045048044871118076,ASO1
C9ORF72,985,9,0.08754804487111809,0.1425,-0.0549519551288819,ASO2
C9ORF72,986,11,0.11254804487111808,0.0675,0.045048044871118076,ASO4
C9ORF72,987,12,0.11509608974223615,0.19500000000000003,-0.07990391025776389,ASO5
C9ORF72,988,8,0.11254804487111808,0.0675,0.045048044871118076,ASO1
C9ORF72,989,9,0.08754804487111809,0.1425,-0.0549519551288819,ASO2
C9ORF72,990,8,0.11254804487111808,0.0675,0.045048044871118076,ASO1
C9ORF72,991,11,0.11254804487111808,0.0675,0.045048044871118076,ASO4
C9ORF72,992,12,0.11509608974223615,0.19500000000000003,-0.07990391025776389,ASO5
C9ORF72,993,11,0.11254804487111808,0.0675,0.045048044871118076,ASO4
C9ORF72,994,12,0.11509608974223615,0.19500000000000003,-0.07990391025776389,ASO5
C9ORF72,995,12,0.11509608974223615,0.19500000000000003,-0.07990391025776389,ASO5
C9ORF72,996,10,0.11254804487111808,0.0675,0.045048044871118076,ASO3
C9ORF72,997,11,0.11254804487111808,0.0675,0.045048044871118076,ASO4
C9ORF72,998,8,0.11254804487111808,0.0675,0.045048044871118076,ASO1
C9ORF72,999,9,0.08754804487111809,0.1425,-0.0549519551288819,ASO2
DAZ,0,23,0.2344204637376472,0.07163757918000009,0.1627828845576471,20
DAZ,1,22,0.25859097193764724,0.07338547001999995,0.18520550191764729,19
DAZ,2,24,0.24577076807764717,0.03259421489999999,0.21317655317764717,21
DAZ,3,25,0.2426156635376472,0.038856779979999964,0.20375888355764726,22
DAZ,4,26,0.2457469460776472,0.03259421489999999,0.21315273117764721,23
DAZ,5,22,0.25859097193764724,0.07338547001999995,0.18520550191764729,19
DAZ,6,23,0.2344204637376472,0.07163757918000009,0.1627828845576471,20
DAZ,7,22,0.25859097193764724,0.07338547001999995,0.18520550191764729,19
DAZ,8,24,0.24577076807764717,0.03259421489999999,0.21317655317764717,21
DAZ,9,22,0.25859097193764724,0.07338547001999995,0.18520550191764729,19
DAZ,10,27,0.2510155482376472,0.04308377522000002,0.2079317730176472,24
DAZ,11,25,0.2426156635376472,0.038856779979999964,0.20375888355764726,22
DAZ,12,23,0.2344204637376472,0.07163757918000009,0.1627828845576471,20
DAZ,13,26,0.2457469460776472,0.03259421489999999,0.21315273117764721,23
DAZ,14,25,0.2426156635376472,0.038856779979999964,0.20375888355764726,22
DAZ,15,22,0.25859097193764724,0.07338547001999995,0.18520550191764729,19
DAZ,16,26,0.2457469460776472,0.03259421489999999,0.21315273117764721,23
DAZ,17,23,0.2344204637376472,0.07163757918000009,0.1627828845576471,20
DAZ,18,22,0.25859097193764724,0.07338547001999995,0.18520550191764729,19
DAZ,19,24,0.24577076807764717,0.03259421489999999,0.21317655317764717,21
DAZ,20,22,0.25859097193764724,0.07338547001999995,0.18520550191764729,19
DAZ,21,27,0.2510155482376472,0.04308377522000002,0.2079317730176472,24
DAZ,22,22,0.25859097193764724,0.07338547001999995,0.18520550191764729,19
DAZ,23,25,0.2426156635376472,0.038856779979999964,0.20375888355764726,22
DAZ,24,26,0.2457469460776472,0.03259421489999999,0.21315273117764721,23
DAZ,25,24,0.24577076807764717,0.03259421489999999,0.21317655317764717,21
DAZ,26,24,0.24577076807764717,0.03259421489999999,0.21317655317764717,21
DAZ,27,27,0.2510155482376472,0.04308377522000002,0.2079317730176472,24
DAZ,28,26,0.2457469460776472,0.03259421489999999,0.21315273117764721,23
DAZ,29,26,0.2457469460776472,0.03259421489999999,0.21315273117764721,23
DAZ,30,25,0.2426156635376472,0.038856779979999964,0.20375888355764726,22
DAZ,31,26,0.2457469460776472,0.03259421489999999,0.21315273117764721,23
DAZ,32,23,0.2344204637376472,0.07163757918000009,0.1627828845576471,20
DAZ,33,26,0.2457469460776472,0.03259421489999999,0.21315273117764721,23
DAZ,34,22,0.25859097193764724,0.07338547001999995,0.18520550191764729,19
DAZ,35,25,0.2426156635376472,0.038856779979999964,0.20375888355764726,22
DAZ,36,24,0.24577076807764717,0.03259421489999999,0.21317655317764717,21
DAZ,37,24,0.24577076807764717,0.03259421489999999,0.21317655317764717,21
DAZ,38,25,0.2426156635376472,0.038856779979999964,0.20375888355764726,22
DAZ,39,27,0.2510155482376472,0.04308377522000002,0.2079317730176472,24
DAZ,40,26,0.2457469460776472,0.03259421489999999,0.21315273117764721,23
DAZ,41,25,0.2426156635376472,0.038856779979999964,0.20375888355764726,22
DAZ,42,24,0.24577076807764717,0.03259421489999999,0.21317655317764717,21
DAZ,43,24,0.24577076807764717,0.03259421489999999,0.21317655317764717,21
DAZ,44,26,0.2457469460776472,0.03259421489999999,0.21315273117764721,23
DAZ,45,22,0.25859097193764724,0.07338547001999995,0.18520550191764729,19
DAZ,46,27,0.2510155482376472,0.04308377522000002,0.2079317730176472,24
DAZ,47,23,0.2344204637376472,0.07163757918000009,0.1627828845576471,20
DAZ,48,24,0.24577076807764717,0.03259421489999999,0.21317655317764717,21
DAZ,49,27,0.2510155482376472,0.04308377522000002,0.2079317730176472,24
DAZ,50,27,0.2510155482376472,0.04308377522000002,0.2079317730176472,24
DAZ,51,27,0.2510155482376472,0.04308377522000002,0.2079317730176472,24
DAZ,52,25,0.2426156635376472,0.038856779979999964,0.20375888355764726,22
DAZ,53,22,0.25859097193764724,0.07338547001999995,0.18520550191764729,19
DAZ,54,24,0.24577076807764717,0.03259421489999999,0.21317655317764717,21
DAZ,55,22,0.25859097193764724,0.07338547001999995,0.18520550191764729,19
DAZ,56,23,0.2344204637376472,0.07163757918000009,0.1627828845576471,20
DAZ,57,26,0.2457469460776472,0.03259421489999999,0.21315273117764721,23
DAZ,58,27,0.2510155482376472,0.04308377522000002,0.2079317730176472,24
DAZ,59,23,0.2344204637376472,0.07163757918000009,0.1627828845576471,20
DAZ,60,26,0.2457469460776472,0.03259421489999999,0.21315273117764721,23
DAZ,61,25,0.2426156635376472,0.038856779979999964,0.20375888355764726,22
DAZ,62,25,0.2426156635376472,0.038856779979999964,0.20375888355764726,22
DAZ,63,23,0.2344204637376472,0.07163757918000009,0.1627828845576471,20
DAZ,64,27,0.2510155482376472,0.04308377522000002,0.2079317730176472,24
DAZ,65,24,0.24577076807764717,0.03259421489999999,0.21317655317764717,21
DAZ,66,25,0.2426156635376472,0.038856779979999964,0.20375888355764726,22
DAZ,67,23,0.2344204637376472,0.07163757918000009,0.1627828845576471,20
DAZ,68,26,0.2457469460776472,0.03259421489999999,0.21315273117764721,23
DAZ,69,23,0.2344204637376472,0.07163757918000009,0.1627828845576471,20
DAZ,70,23,0.2344204637376472,0.07163757918000009,0.1627828845576471,20
DAZ,71,26,0.2457469460776472,0.03259421489999999,0.21315273117764721,23
DAZ,72,27,0.2510155482376472,0.04308377522000002,0.2079317730176472,24
DAZ,73,23,0.2344204637376472,0.07163757918000009,0.1627828845576471,20
DAZ,74,24,0.24577076807764717,0.03259421489999999,0.21317655317764717,21
DAZ,75,27,0.2510155482376472,0.04308377522000002,0.2079317730176472,24
DAZ,76,22,0.25859097193764724,0.07338547001999995,0.18520550191764729,19
DAZ,77,23,0.2344204637376472,0.07163757918000009,0.1627828845576471,20
DAZ,78,24,0.24577076807764717,0.03259421489999999,0.21317655317764717,21
DAZ,79,27,0.2510155482376472,0.04308377522000002,0.2079317730176472,24
DAZ,80,22,0.25859097193764724,0.07338547001999995,0.18520550191764729,19
DAZ,81,22,0.25859097193764724,0.07338547001999995,0.18520550191764729,19
DAZ,82,22,0.25859097193764724,0.07338547001999995,0.18520550191764729,19
DAZ,83,23,0.2344204637376472,0.07163757918000009,0.1627828845576471,20
DAZ,84,23,0.2344204637376472,0.07163757918000009,0.1627828845576471,20
DAZ,85,27,0.2510155482376472,0.04308377522000002,0.2079317730176472,24
DAZ,86,24,0.24577076807764717,0.03259421489999999,0.21317655317764717,21
DAZ,87,22,0.25859097193764724,0.07338547001999995,0.18520550191764729,19
DAZ,88,22,0.25859097193764724,0.07338547001999995,0.18520550191764729,19
DAZ,89,27,0.2510155482376472,0.04308377522000002,0.2079317730176472,24
DAZ,90,26,0.2457469460776472,0.03259421489999999,0.21315273117764721,23
DAZ,91,22,0.25859097193764724,0.07338547001999995,0.18520550191764729,19
DAZ,92,27,0.2510155482376472,0.04308377522000002,0.2079317730176472,24
DAZ,93,25,0.2426156635376472,0.038856779979999964,0.20375888355764726,22
DAZ,94,26,0.2457469460776472,0.03259421489999999,0.21315273117764721,23
DAZ,95,27,0.2510155482376472,0.04308377522000002,0.2079317730176472,24
DAZ,96,24,0.24577076807764717,0.03259421489999999,0.21317655317764717,21
DAZ,97,22,0.25859097193764724,0.07338547001999995,0.18520550191764729,19
DAZ,98,27,0.2510155482376472,0.04308377522000002,0.2079317730176472,24
DAZ,99,24,0.24577076807764717,0.03259421489999999,0.21317655317764717,21
DAZ,100,24,0.24577076807764717,0.03259421489999999,0.21317655317764717,21
DAZ,101,25,0.2426156635376472,0.038856779979999964,0.20375888355764726,22
DAZ,102,24,0.24577076807764717,0.03259421489999999,0.21317655317764717,21
DAZ,103,25,0.2426156635376472,0.038856779979999964,0.20375888355764726,22
DAZ,104,25,0.2426156635376472,0.038856779979999964,0.20375888355764726,22
DAZ,105,24,0.24577076807764717,0.03259421489999999,0.21317655317764717,21
DAZ,106,23,0.2344204637376472,0.07163757918000009,0.1627828845576471,20
DAZ,107,23,0.2344204637376472,0.07163757918000009,0.1627828845576471,20
DAZ,108,22,0.25859097193764724,0.07338547001999995,0.18520550191764729,19
DAZ,109,27,0.2510155482376472,0.04308377522000002,0.2079317730176472,24
DAZ,110,25,0.2426156635376472,0.038856779979999964,0.20375888355764726,22
DAZ,111,22,0.25859097193764724,0.07338547001999995,0.18520550191764729,19
DAZ,112,22,0.25859097193764724,0.07338547001999995,0.18520550191764729,19
DAZ,113,27,0.2510155482376472,0.04308377522000002,0.2079317730176472,24
DAZ,114,27,0.2510155482376472,0.04308377522000002,0.2079317730176472,24
DAZ,115,22,0.25859097193764724,0.07338547001999995,0.18520550191764729,19
DAZ,116,27,0.2510155482376472,0.04308377522000002,0.2079317730176472,24
DAZ,117,23,0.2344204637376472,0.07163757918000009,0.1627828845576471,20
DAZ,118,27,0.2510155482376472,0.04308377522000002,0.2079317730176472,24
DAZ,119,26,0.2457469460776472,0.03259421489999999,0.21315273117764721,23
DAZ,120,23,0.2344204637376472,0.07163757918000009,0.1627828845576471,20
DAZ,121,26,0.2457469460776472,0.03259421489999999,0.21315273117764721,23
DAZ,122,27,0.2510155482376472,0.04308377522000002,0.2079317730176472,24
DAZ,123,25,0.2426156635376472,0.038856779979999964,0.20375888355764726,22
DAZ,124,26,0.2457469460776472,0.03259421489999999,0.21315273117764721,23
DAZ,125,22,0.25859097193764724,0.07338547001999995,0.18520550191764729,19
DAZ,126,27,0.2510155482376472,0.04308377522000002,0.2079317730176472,24
DAZ,127,23,0.2344204637376472,0.07163757918000009,0.1627828845576471,20
DAZ,128,24,0.24577076807764717,0.03259421489999999,0.21317655317764717,21
DAZ,129,23,0.2344204637376472,0.07163757918000009,0.1627828845576471,20
DAZ,130,27,0.2510155482376472,0.04308377522000002,0.2079317730176472,24
DAZ,131,27,0.2510155482376472,0.04308377522000002,0.2079317730176472,24
DAZ,132,22,0.25859097193764724,0.07338547001999995,0.18520550191764729,19
DAZ,133,24,0.24577076807764717,0.03259421489999999,0.21317655317764717,21
DAZ,134,22,0.25859097193764724,0.07338547001999995,0.18520550191764729,19
DAZ,135,26,0.2457469460776472,0.03259421489999999,0.21315273117764721,23
DAZ,136,27,0.2510155482376472,0.04308377522000002,0.2079317730176472,24
DAZ,137,27,0.2510155482376472,0.04308377522000002,0.2079317730176472,24
DAZ,138,25,0.2426156635376472,0.038856779979999964,0.20375888355764726,22
DAZ,139,24,0.24577076807764717,0.03259421489999999,0.21317655317764717,21
DAZ,140,27,0.2510155482376472,0.04308377522000002,0.2079317730176472,24
DAZ,141,27,0.2510155482376472,0.04308377522000002,0.2079317730176472,24
DAZ,142,27,0.2510155482376472,0.04308377522000002,0.2079317730176472,24
DAZ,143,26,0.2457469460776472,0.03259421489999999,0.21315273117764721,23
DAZ,144,25,0.2426156635376472,0.038856779979999964,0.20375888355764726,22
DAZ,145,25,0.2426156635376472,0.038856779979999964,0.20375888355764726,22
DAZ,146,24,0.24577076807764717,0.03259421489999999,0.21317655317764717,21
DAZ,147,24,0.24577076807764717,0.03259421489999999,0.21317655317764717,21
DAZ,148,24,0.24577076807764717,0.03259421489999999,0.21317655317764717,21
DAZ,149,24,0.24577076807764717,0.03259421489999999,0.21317655317764717,21
DAZ,150,22,0.25859097193764724,0.07338547001999995,0.18520550191764729,19
DAZ,151,23,0.2344204637376472,0.07163757918000009,0.1627828845576471,20
DAZ,152,22,0.25859097193764724,0.07338547001999995,0.18520550191764729,19
DAZ,153,23,0.2344204637376472,0.07163757918000009,0.1627828845576471,20
DAZ,154,24,0.24577076807764717,0.03259421489999999,0.21317655317764717,21
DAZ,155,24,0.24577076807764717,0.03259421489999999,0.21317655317764717,21
DAZ,156,23,0.2344204637376472,0.07163757918000009,0.1627828845576471,20
DAZ,157,24,0.24577076807764717,0.03259421489999999,0.21317655317764717,21
DAZ,158,24,0.24577076807764717,0.03259421489999999,0.21317655317764717,21
DAZ,159,23,0.2344204637376472,0.07163757918000009,0.1627828845576471,20
DAZ,160,26,0.2457469460776472,0.03259421489999999,0.21315273117764721,23
DAZ,161,22,0.25859097193764724,0.07338547001999995,0.18520550191764729,19
DAZ,162,22,0.25859097193764724,0.07338547001999995,0.18520550191764729,19
DAZ,163,27,0.2510155482376472,0.04308377522000002,0.2079317730176472,24
DAZ,164,25,0.2426156635376472,0.038856779979999964,0.20375888355764726,22
DAZ,165,25,0.2426156635376472,0.038856779979999964,0.20375888355764726,22
DAZ,166,25,0.2426156635376472,0.038856779979999964,0.20375888355764726,22
DAZ,167,24,0.24577076807764717,0.03259421489999999,0.21317655317764717,21
DAZ,168,23,0.2344204637376472,0.07163757918000009,0.1627828845576471,20
DAZ,169,27,0.2510155482376472,0.04308377522000002,0.2079317730176472,24
DAZ,170,24,0.24577076807764717,0.03259421489999999,0.21317655317764717,21
DAZ,171,24,0.24577076807764717,0.03259421489999999,0.21317655317764717,21
DAZ,172,27,0.2510155482376472,0.04308377522000002,0.2079317730176472,24
DAZ,173,27,0.2510155482376472,0.04308377522000002,0.2079317730176472,24
DAZ,174,23,0.2344204637376472,0.07163757918000009,0.1627828845576471,20
DAZ,175,22,0.25859097193764724,0.07338547001999995,0.18520550191764729,19
DAZ,176,27,0.2510155482376472,0.04308377522000002,0.2079317730176472,24
DAZ,177,22,0.25859097193764724,0.07338547001999995,0.18520550191764729,19
DAZ,178,25,0.2426156635376472,0.038856779979999964,0.20375888355764726,22
DAZ,179,23,0.2344204637376472,0.07163757918000009,0.1627828845576471,20
DAZ,180,26,0.2457469460776472,0.03259421489999999,0.21315273117764721,23
DAZ,181,27,0.2510155482376472,0.04308377522000002,0.2079317730176472,24
DAZ,182,26,0.2457469460776472,0.03259421489999999,0.21315273117764721,23
DAZ,183,26,0.2457469460776472,0.03259421489999999,0.21315273117764721,23
DAZ,184,25,0.2426156635376472,0.038856779979999964,0.20375888355764726,22
DAZ,185,23,0.2344204637376472,0.07163757918000009,0.1627828845576471,20
DAZ,186,22,0.25859097193764724,0.07338547001999995,0.18520550191764729,19
DAZ,187,27,0.2510155482376472,0.04308377522000002,0.2079317730176472,24
DAZ,188,25,0.2426156635376472,0.038856779979999964,0.20375888355764726,22
DAZ,189,27,0.2510155482376472,0.04308377522000002,0.2079317730176472,24
DAZ,190,24,0.24577076807764717,0.03259421489999999,0.21317655317764717,21
DAZ,191,24,0.24577076807764717,0.03259421489999999,0.21317655317764717,21
DAZ,192,23,0.2344204637376472,0.07163757918000009,0.1627828845576471,20
DAZ,193,25,0.2426156635376472,0.038856779979999964,0.20375888355764726,22
DAZ,194,24,0.24577076807764717,0.03259421489999999,0.21317655317764717,21
DAZ,195,27,0.2510155482376472,0.04308377522000002,0.2079317730176472,24
DAZ,196,24,0.24577076807764717,0.03259421489999999,0.21317655317764717,21
DAZ,197,26,0.2457469460776472,0.03259421489999999,0.21315273117764721,23
DAZ,198,23,0.2344204637376472,0.07163757918000009,0.1627828845576471,20
DAZ,199,23,0.2344204637376472,0.07163757918000009,0.1627828845576471,20
DAZ,200,24,0.24577076807764717,0.03259421489999999,0.21317655317764717,21
DAZ,201,25,0.2426156635376472,0.038856779979999964,0.20375888355764726,22
DAZ,202,26,0.2457469460776472,0.03259421489999999,0.21315273117764721,23
DAZ,203,27,0.2510155482376472,0.04308377522000002,0.2079317730176472,24
DAZ,204,25,0.2426156635376472,0.038856779979999964,0.20375888355764726,22
DAZ,205,25,0.2426156635376472,0.038856779979999964,0.20375888355764726,22
DAZ,206,24,0.24577076807764717,0.03259421489999999,0.21317655317764717,21
DAZ,207,24,0.24577076807764717,0.03259421489999999,0.21317655317764717,21
DAZ,208,22,0.25859097193764724,0.07338547001999995,0.18520550191764729,19
DAZ,209,26,0.2457469460776472,0.03259421489999999,0.21315273117764721,23
DAZ,210,27,0.2510155482376472,0.04308377522000002,0.2079317730176472,24
DAZ,211,24,0.24577076807764717,0.03259421489999999,0.21317655317764717,21
DAZ,212,24,0.24577076807764717,0.03259421489999999,0.21317655317764717,21
DAZ,213,25,0.2426156635376472,0.038856779979999964,0.20375888355764726,22
DAZ,214,24,0.24577076807764717,0.03259421489999999,0.21317655317764717,21
DAZ,215,22,0.25859097193764724,0.07338547001999995,0.18520550191764729,19
DAZ,216,25,0.2426156635376472,0.038856779979999964,0.20375888355764726,22
DAZ,217,26,0.2457469460776472,0.03259421489999999,0.21315273117764721,23
DAZ,218,23,0.2344204637376472,0.07163757918000009,0.1627828845576471,20
DAZ,219,27,0.2510155482376472,0.04308377522000002,0.2079317730176472,24
DAZ,220,24,0.24577076807764717,0.03259421489999999,0.21317655317764717,21
DAZ,221,27,0.2510155482376472,0.04308377522000002,0.2079317730176472,24
DAZ,222,26,0.2457469460776472,0.03259421489999999,0.21315273117764721,23
DAZ,223,26,0.2457469460776472,0.03259421489999999,0.21315273117764721,23
DAZ,224,25,0.2426156635376472,0.038856779979999964,0.20375888355764726,22
DAZ,225,24,0.24577076807764717,0.03259421489999999,0.21317655317764717,21
DAZ,226,25,0.2426156635376472,0.038856779979999964,0.20375888355764726,22
DAZ,227,26,0.2457469460776472,0.03259421489999999,0.21315273117764721,23
DAZ,228,27,0.2510155482376472,0.04308377522000002,0.2079317730176472,24
DAZ,229,24,0.24577076807764717,0.03259421489999999,0.21317655317764717,21
DAZ,230,26,0.2457469460776472,0.03259421489999999,0.21315273117764721,23
DAZ,231,22,0.25859097193764724,0.07338547001999995,0.18520550191764729,19
DAZ,232,23,0.2344204637376472,0.07163757918000009,0.1627828845576471,20
DAZ,233,22,0.25859097193764724,0.07338547001999995,0.18520550191764729,19
DAZ,234,24,0.24577076807764717,0.03259421489999999,0.21317655317764717,21
DAZ,235,24,0.24577076807764717,0.03259421489999999,0.21317655317764717,21
DAZ,236,26,0.2457469460776472,0.03259421489999999,0.21315273117764721,23
DAZ,237,27,0.2510155482376472,0.04308377522000002,0.2079317730176472,24
DAZ,238,23,0.2344204637376472,0.07163757918000009,0.1627828845576471,20
DAZ,239,24,0.24577076807764717,0.03259421489999999,0.21317655317764717,21
DAZ,240,27,0.2510155482376472,0.04308377522000002,0.2079317730176472,24
DAZ,241,22,0.25859097193764724,0.07338547001999995,0.18520550191764729,19
DAZ,242,25,0.2426156635376472,0.038856779979999964,0.20375888355764726,22
DAZ,243,22,0.25859097193764724,0.07338547001999995,0.18520550191764729,19
DAZ,244,22,0.25859097193764724,0.07338547001999995,0.18520550191764729,19
DAZ,245,25,0.2426156635376472,0.038856779979999964,0.20375888355764726,22
DAZ,246,27,0.2510155482376472,0.04308377522000002,0.2079317730176472,24
DAZ,247,23,0.2344204637376472,0.07163757918000009,0.1627828845576471,20
DAZ,248,25,0.2426156635376472,0.038856779979999964,0.20375888355764726,22
DAZ,249,25,0.2426156635376472,0.038856779979999964,0.20375888355764726,22
DAZ,250,26,0.2457469460776472,0.03259421489999999,0.21315273117764721,23
DAZ,251,23,0.2344204637376472,0.07163757918000009,0.1627828845576471,20
DAZ,252,25,0.2426156635376472,0.038856779979999964,0.20375888355764726,22
DAZ,253,24,0.24577076807764717,0.03259421489999999,0.21317655317764717,21
DAZ,254,24,0.24577076807764717,0.03259421489999999,0.21317655317764717,21
DAZ,255,22,0.25859097193764724,0.07338547001999995,0.18520550191764729,19
DAZ,256,23,0.2344204637376472,0.07163757918000009,0.1627828845576471,20
DAZ,257,24,0.24577076807764717,0.03259421489999999,0.21317655317764717,21
DAZ,258,22,0.25859097193764724,0.07338547001999995,0.18520550191764729,19
DAZ,259,25,0.2426156635376472,0.038856779979999964,0.20375888355764726,22
DAZ,260,24,0.24577076807764717,0.03259421489999999,0.21317655317764717,21
DAZ,261,25,0.2426156635376472,0.038856779979999964,0.20375888355764726,22
DAZ,262,23,0.2344204637376472,0.07163757918000009,0.1627828845576471,20
DAZ,263,22,0.25859097193764724,0.07338547001999995,0.18520550191764729,19
DAZ,264,22,0.25859097193764724,0.07338547001999995,0.18520550191764729,19
DAZ,265,27,0.2510155482376472,0.04308377522000002,0.2079317730176472,24
DAZ,266,22,0.25859097193764724,0.07338547001999995,0.18520550191764729,19
DAZ,267,26,0.2457469460776472,0.03259421489999999,0.21315273117764721,23
DAZ,268,27,0.2510155482376472,0.04308377522000002,0.2079317730176472,24
DAZ,269,22,0.25859097193764724,0.07338547001999995,0.18520550191764729,19
DAZ,270,27,0.2510155482376472,0.04308377522000002,0.2079317730176472,24
DAZ,271,22,0.25859097193764724,0.07338547001999995,0.18520550191764729,19
DAZ,272,22,0.25859097193764724,0.07338547001999995,0.18520550191764729,19
DAZ,273,23,0.2344204637376472,0.07163757918000009,0.1627828845576471,20
DAZ,274,22,0.25859097193764724,0.07338547001999995,0.18520550191764729,19
DAZ,275,24,0.24577076807764717,0.03259421489999999,0.21317655317764717,21
DAZ,276,22,0.25859097193764724,0.07338547001999995,0.18520550191764729,19
DAZ,277,23,0.2344204637376472,0.07163757918000009,0.1627828845576471,20
DAZ,278,24,0.24577076807764717,0.03259421489999999,0.21317655317764717,21
DAZ,279,23,0.2344204637376472,0.07163757918000009,0.1627828845576471,20
DAZ,280,22,0.25859097193764724,0.07338547001999995,0.18520550191764729,19
DAZ,281,25,0.2426156635376472,0.038856779979999964,0.20375888355764726,22
DAZ,282,25,0.2426156635376472,0.038856779979999964,0.20375888355764726,22
DAZ,283,22,0.25859097193764724,0.07338547001999995,0.18520550191764729,19
DAZ,284,22,0.25859097193764724,0.07338547001999995,0.18520550191764729,19
DAZ,285,23,0.2344204637376472,0.07163757918000009,0.1627828845576471,20
DAZ,286,25,0.2426156635376472,0.038856779979999964,0.20375888355764726,22
DAZ,287,27,0.2510155482376472,0.04308377522000002,0.2079317730176472,24
DAZ,288,24,0.24577076807764717,0.03259421489999999,0.21317655317764717,21
DAZ,289,22,0.25859097193764724,0.07338547001999995,0.18520550191764729,19
DAZ,290,22,0.25859097193764724,0.07338547001999995,0.18520550191764729,19
DAZ,291,23,0.2344204637376472,0.07163757918000009,0.1627828845576471,20
DAZ,292,25,0.2426156635376472,0.038856779979999964,0.20375888355764726,22
DAZ,293,27,0.2510155482376472,0.04308377522000002,0.2079317730176472,24
DAZ,294,22,0.25859097193764724,0.07338547001999995,0.18520550191764729,19
DAZ,295,26,0.2457469460776472,0.03259421489999999,0.21315273117764721,23
DAZ,296,25,0.2426156635376472,0.038856779979999964,0.20375888355764726,22
DAZ,297,24,0.24577076807764717,0.03259421489999999,0.21317655317764717,21
DAZ,298,24,0.24577076807764717,0.03259421489999999,0.21317655317764717,21
DAZ,299,27,0.2510155482376472,0.04308377522000002,0.2079317730176472,24
DAZ,300,24,0.24577076807764717,0.03259421489999999,0.21317655317764717,21
DAZ,301,23,0.2344204637376472,0.07163757918000009,0.1627828845576471,20
DAZ,302,24,0.24577076807764717,0.03259421489999999,0.21317655317764717,21
DAZ,303,25,0.2426156635376472,0.038856779979999964,0.20375888355764726,22
DAZ,304,23,0.2344204637376472,0.07163757918000009,0.1627828845576471,20
DAZ,305,23,0.2344204637376472,0.07163757918000009,0.1627828845576471,20
DAZ,306,27,0.2510155482376472,0.04308377522000002,0.2079317730176472,24
DAZ,307,24,0.24577076807764717,0.03259421489999999,0.21317655317764717,21
DAZ,308,24,0.24577076807764717,0.03259421489999999,0.21317655317764717,21
DAZ,309,23,0.2344204637376472,0.07163757918000009,0.1627828845576471,20
DAZ,310,27,0.2510155482376472,0.04308377522000002,0.2079317730176472,24
DAZ,311,26,0.2457469460776472,0.03259421489999999,0.21315273117764721,23
DAZ,312,27,0.2510155482376472,0.04308377522000002,0.2079317730176472,24
DAZ,313,23,0.2344204637376472,0.07163757918000009,0.1627828845576471,20
DAZ,314,22,0.25859097193764724,0.07338547001999995,0.18520550191764729,19
DAZ,315,27,0.2510155482376472,0.04308377522000002,0.2079317730176472,24
DAZ,316,26,0.2457469460776472,0.03259421489999999,0.21315273117764721,23
DAZ,317,27,0.2510155482376472,0.04308377522000002,0.2079317730176472,24
DAZ,318,23,0.2344204637376472,0.07163757918000009,0.1627828845576471,20
DAZ,319,26,0.2457469460776472,0.03259421489999999,0.21315273117764721,23
DAZ,320,22,0.25859097193764724,0.07338547001999995,0.18520550191764729,19
DAZ,321,27,0.2510155482376472,0.04308377522000002,0.2079317730176472,24
DAZ,322,27,0.2510155482376472,0.04308377522000002,0.2079317730176472,24
DAZ,323,23,0.2344204637376472,0.07163757918000009,0.1627828845576471,20
DAZ,324,24,0.24577076807764717,0.03259421489999999,0.21317655317764717,21
DAZ,325,22,0.25859097193764724,0.07338547001999995,0.18520550191764729,19
DAZ,326,25,0.2426156635376472,0.038856779979999964,0.20375888355764726,22
DAZ,327,27,0.2510155482376472,0.04308377522000002,0.2079317730176472,24
DAZ,328,24,0.24577076807764717,0.03259421489999999,0.21317655317764717,21
DAZ,329,25,0.2426156635376472,0.038856779979999964,0.20375888355764726,22
DAZ,330,27,0.2510155482376472,0.04308377522000002,0.2079317730176472,24
DAZ,331,22,0.25859097193764724,0.07338547001999995,0.18520550191764729,19
DAZ,332,24,0.24577076807764717,0.03259421489999999,0.21317655317764717,21
DAZ,333,26,0.2457469460776472,0.03259421489999999,0.21315273117764721,23
DAZ,334,25,0.2426156635376472,0.038856779979999964,0.20375888355764726,22
DAZ,335,23,0.2344204637376472,0.07163757918000009,0.1627828845576471,20
DAZ,336,25,0.2426156635376472,0.038856779979999964,0.20375888355764726,22
DAZ,337,27,0.2510155482376472,0.04308377522000002,0.2079317730176472,24
DAZ,338,27,0.2510155482376472,0.04308377522000002,0.2079317730176472,24
DAZ,339,27,0.2510155482376472,0.04308377522000002,0.2079317730176472,24
DAZ,340,22,0.25859097193764724,0.07338547001999995,0.18520550191764729,19
DAZ,341,25,0.2426156635376472,0.038856779979999964,0.20375888355764726,22
DAZ,342,27,0.2510155482376472,0.04308377522000002,0.2079317730176472,24
DAZ,343,27,0.2510155482376472,0.04308377522000002,0.2079317730176472,24
DAZ,344,25,0.2426156635376472,0.038856779979999964,0.20375888355764726,22
DAZ,345,24,0.24577076807764717,0.03259421489999999,0.21317655317764717,21
DAZ,346,22,0.25859097193764724,0.07338547001999995,0.18520550191764729,19
DAZ,347,23,0.2344204637376472,0.07163757918000009,0.1627828845576471,20
DAZ,348,26,0.2457469460776472,0.03259421489999999,0.21315273117764721,23
DAZ,349,26,0.2457469460776472,0.03259421489999999,0.21315273117764721,23
DAZ,350,23,0.2344204637376472,0.07163757918000009,0.1627828845576471,20
DAZ,351,25,0.2426156635376472,0.038856779979999964,0.20375888355764726,22
DAZ,352,26,0.2457469460776472,0.03259421489999999,0.21315273117764721,23
DAZ,353,22,0.25859097193764724,0.07338547001999995,0.18520550191764729,19
DAZ,354,23,0.2344204637376472,0.07163757918000009,0.1627828845576471,20
DAZ,355,24,0.24577076807764717,0.03259421489999999,0.21317655317764717,21
DAZ,356,27,0.2510155482376472,0.04308377522000002,0.2079317730176472,24
DAZ,357,22,0.25859097193764724,0.07338547001999995,0.18520550191764729,19
DAZ,358,22,0.25859097193764724,0.07338547001999995,0.18520550191764729,19
DAZ,359,23,0.2344204637376472,0.07163757918000009,0.1627828845576471,20
DAZ,360,27,0.2510155482376472,0.04308377522000002,0.2079317730176472,24
DAZ,361,24,0.24577076807764717,0.03259421489999999,0.21317655317764717,21
DAZ,362,23,0.2344204637376472,0.07163757918000009,0.1627828845576471,20
DAZ,363,24,0.24577076807764717,0.03259421489999999,0.21317655317764717,21
DAZ,364,25,0.2426156635376472,0.038856779979999964,0.20375888355764726,22
DAZ,365,25,0.2426156635376472,0.038856779979999964,0.20375888355764726,22
DAZ,366,23,0.2344204637376472,0.07163757918000009,0.1627828845576471,20
DAZ,367,22,0.25859097193764724,0.07338547001999995,0.18520550191764729,19
DAZ,368,26,0.2457469460776472,0.03259421489999999,0.21315273117764721,23
DAZ,369,27,0.2510155482376472,0.04308377522000002,0.2079317730176472,24
DAZ,370,26,0.2457469460776472,0.03259421489999999,0.21315273117764721,23
DAZ,371,23,0.2344204637376472,0.07163757918000009,0.1627828845576471,20
DAZ,372,22,0.25859097193764724,0.07338547001999995,0.18520550191764729,19
DAZ,373,22,0.25859097193764724,0.07338547001999995,0.18520550191764729,19
DAZ,374,26,0.2457469460776472,0.03259421489999999,0.21315273117764721,23
DAZ,375,25,0.2426156635376472,0.038856779979999964,0.20375888355764726,22
DAZ,376,25,0.2426156635376472,0.038856779979999964,0.20375888355764726,22
DAZ,377,26,0.2457469460776472,0.03259421489999999,0.21315273117764721,23
DAZ,378,25,0.2426156635376472,0.038856779979999964,0.20375888355764726,22
DAZ,379,23,0.2344204637376472,0.07163757918000009,0.1627828845576471,20
DAZ,380,22,0.25859097193764724,0.07338547001999995,0.18520550191764729,19
DAZ,381,27,0.2510155482376472,0.04308377522000002,0.2079317730176472,24
DAZ,382,25,0.2426156635376472,0.038856779979999964,0.20375888355764726,22
DAZ,383,22,0.25859097193764724,0.07338547001999995,0.18520550191764729,19
DAZ,384,26,0.2457469460776472,0.03259421489999999,0.21315273117764721,23
DAZ,385,23,0.2344204637376472,0.07163757918000009,0.1627828845576471,20
DAZ,386,27,0.2510155482376472,0.04308377522000002,0.2079317730176472,24
DAZ,387,27,0.2510155482376472,0.04308377522000002,0.2079317730176472,24
DAZ,388,22,0.25859097193764724,0.07338547001999995,0.18520550191764729,19
DAZ,389,24,0.24577076807764717,0.03259421489999999,0.21317655317764717,21
DAZ,390,22,0.25859097193764724,0.07338547001999995,0.18520550191764729,19
DAZ,391,25,0.2426156635376472,0.038856779979999964,0.20375888355764726,22
DAZ,392,26,0.2457469460776472,0.03259421489999999,0.21315273117764721,23
DAZ,393,26,0.2457469460776472,0.03259421489999999,0.21315273117764721,23
DAZ,394,24,0.24577076807764717,0.03259421489999999,0.21317655317764717,21
DAZ,395,24,0.24577076807764717,0.03259421489999999,0.21317655317764717,21
DAZ,396,25,0.2426156635376472,0.038856779979999964,0.20375888355764726,22
DAZ,397,27,0.2510155482376472,0.04308377522000002,0.2079317730176472,24
DAZ,398,22,0.25859097193764724,0.07338547001999995,0.18520550191764729,19
DAZ,399,23,0.2344204637376472,0.07163757918000009,0.1627828845576471,20
DAZ,400,22,0.25859097193764724,0.07338547001999995,0.18520550191764729,19
DAZ,401,24,0.24577076807764717,0.03259421489999999,0.21317655317764717,21
DAZ,402,22,0.25859097193764724,0.07338547001999995,0.18520550191764729,19
DAZ,403,23,0.2344204637376472,0.07163757918000009,0.1627828845576471,20
DAZ,404,24,0.24577076807764717,0.03259421489999999,0.21317655317764717,21
DAZ,405,23,0.2344204637376472,0.07163757918000009,0.1627828845576471,20
DAZ,406,24,0.24577076807764717,0.03259421489999999,0.21317655317764717,21
DAZ,407,25,0.2426156635376472,0.038856779979999964,0.20375888355764726,22
DAZ,408,26,0.2457469460776472,0.03259421489999999,0.21315273117764721,23
DAZ,409,25,0.2426156635376472,0.038856779979999964,0.20375888355764726,22
DAZ,410,26,0.2457469460776472,0.03259421489999999,0.21315273117764721,23
DAZ,411,24,0.24577076807764717,0.03259421489999999,0.21317655317764717,21
DAZ,412,25,0.2426156635376472,0.038856779979999964,0.20375888355764726,22
DAZ,413,22,0.25859097193764724,0.07338547001999995,0.18520550191764729,19
DAZ,414,27,0.2510155482376472,0.04308377522000002,0.2079317730176472,24
DAZ,415,24,0.24577076807764717,0.03259421489999999,0.21317655317764717,21
DAZ,416,22,0.25859097193764724,0.07338547001999995,0.18520550191764729,19
DAZ,417,23,0.2344204637376472,0.07163757918000009,0.1627828845576471,20
DAZ,418,22,0.25859097193764724,0.07338547001999995,0.18520550191764729,19
DAZ,419,27,0.2510155482376472,0.04308377522000002,0.2079317730176472,24
DAZ,420,25,0.2426156635376472,0.038856779979999964,0.20375888355764726,22
DAZ,421,25,0.2426156635376472,0.038856779979999964,0.20375888355764726,22
DAZ,422,24,0.24577076807764717,0.03259421489999999,0.21317655317764717,21
DAZ,423,27,0.2510155482376472,0.04308377522000002,0.2079317730176472,24
DAZ,424,24,0.24577076807764717,0.03259421489999999,0.21317655317764717,21
DAZ,425,26,0.2457469460776472,0.03259421489999999,0.21315273117764721,23
DAZ,426,26,0.2457469460776472,0.03259421489999999,0.21315273117764721,23
DAZ,427,22,0.25859097193764724,0.07338547001999995,0.18520550191764729,19
DAZ,428,23,0.2344204637376472,0.07163757918000009,0.1627828845576471,20
DAZ,429,24,0.24577076807764717,0.03259421489999999,0.21317655317764717,21
DAZ,430,25,0.2426156635376472,0.038856779979999964,0.20375888355764726,22
DAZ,431,27,0.2510155482376472,0.04308377522000002,0.2079317730176472,24
DAZ,432,27,0.2510155482376472,0.04308377522000002,0.2079317730176472,24
DAZ,433,25,0.2426156635376472,0.038856779979999964,0.20375888355764726,22
DAZ,434,23,0.2344204637376472,0.07163757918000009,0.1627828845576471,20
DAZ,435,22,0.25859097193764724,0.07338547001999995,0.18520550191764729,19
DAZ,436,25,0.2426156635376472,0.038856779979999964,0.20375888355764726,22
DAZ,437,26,0.2457469460776472,0.03259421489999999,0.21315273117764721,23
DAZ,438,25,0.2426156635376472,0.038856779979999964,0.20375888355764726,22
DAZ,439,26,0.2457469460776472,0.03259421489999999,0.21315273117764721,23
DAZ,440,27,0.2510155482376472,0.04308377522000002,0.2079317730176472,24
DAZ,441,26,0.2457469460776472,0.03259421489999999,0.21315273117764721,23
DAZ,442,26,0.2457469460776472,0.03259421489999999,0.21315273117764721,23
DAZ,443,25,0.2426156635376472,0.038856779979999964,0.20375888355764726,22
DAZ,444,26,0.2457469460776472,0.03259421489999999,0.21315273117764721,23
DAZ,445,27,0.2510155482376472,0.04308377522000002,0.2079317730176472,24
DAZ,446,25,0.2426156635376472,0.038856779979999964,0.20375888355764726,22
DAZ,447,24,0.24577076807764717,0.03259421489999999,0.21317655317764717,21
DAZ,448,25,0.2426156635376472,0.038856779979999964,0.20375888355764726,22
DAZ,449,24,0.24577076807764717,0.03259421489999999,0.21317655317764717,21
DAZ,450,22,0.25859097193764724,0.07338547001999995,0.18520550191764729,19
DAZ,451,27,0.2510155482376472,0.04308377522000002,0.2079317730176472,24
DAZ,452,25,0.2426156635376472,0.038856779979999964,0.20375888355764726,22
DAZ,453,22,0.25859097193764724,0.07338547001999995,0.18520550191764729,19
DAZ,454,23,0.2344204637376472,0.07163757918000009,0.1627828845576471,20
DAZ,455,27,0.2510155482376472,0.04308377522000002,0.2079317730176472,24
DAZ,456,26,0.2457469460776472,0.03259421489999999,0.21315273117764721,23
DAZ,457,23,0.2344204637376472,0.07163757918000009,0.1627828845576471,20
DAZ,458,24,0.24577076807764717,0.03259421489999999,0.21317655317764717,21
DAZ,459,24,0.24577076807764717,0.03259421489999999,0.21317655317764717,21
DAZ,460,27,0.2510155482376472,0.04308377522000002,0.2079317730176472,24
DAZ,461,26,0.2457469460776472,0.03259421489999999,0.21315273117764721,23
DAZ,462,23,0.2344204637376472,0.07163757918000009,0.1627828845576471,20
DAZ,463,22,0.25859097193764724,0.07338547001999995,0.18520550191764729,19
DAZ,464,27,0.2510155482376472,0.04308377522000002,0.2079317730176472,24
DAZ,465,24,0.24577076807764717,0.03259421489999999,0.21317655317764717,21
DAZ,466,22,0.25859097193764724,0.07338547001999995,0.18520550191764729,19
DAZ,467,25,0.2426156635376472,0.038856779979999964,0.20375888355764726,22
DAZ,468,27,0.2510155482376472,0.04308377522000002,0.2079317730176472,24
DAZ,469,23,0.2344204637376472,0.07163757918000009,0.1627828845576471,20
DAZ,470,26,0.2457469460776472,0.03259421489999999,0.21315273117764721,23
DAZ,471,27,0.2510155482376472,0.04308377522000002,0.2079317730176472,24
DAZ,472,26,0.2457469460776472,0.03259421489999999,0.21315273117764721,23
DAZ,473,23,0.2344204637376472,0.07163757918000009,0.1627828845576471,20
DAZ,474,26,0.2457469460776472,0.03259421489999999,0.21315273117764721,23
DAZ,475,25,0.2426156635376472,0.038856779979999964,0.20375888355764726,22
DAZ,476,23,0.2344204637376472,0.07163757918000009,0.1627828845576471,20
DAZ,477,24,0.24577076807764717,0.03259421489999999,0.21317655317764717,21
DAZ,478,27,0.2510155482376472,0.04308377522000002,0.2079317730176472,24
DAZ,479,22,0.25859097193764724,0.07338547001999995,0.18520550191764729,19
DAZ,480,25,0.2426156635376472,0.038856779979999964,0.20375888355764726,22
DAZ,481,23,0.2344204637376472,0.07163757918000009,0.1627828845576471,20
DAZ,482,23,0.2344204637376472,0.07163757918000009,0.1627828845576471,20
DAZ,483,26,0.2457469460776472,0.03259421489999999,0.21315273117764721,23
DAZ,484,23,0.2344204637376472,0.07163757918000009,0.1627828845576471,20
DAZ,485,23,0.2344204637376472,0.07163757918000009,0.1627828845576471,20
DAZ,486,25,0.2426156635376472,0.038856779979999964,0.20375888355764726,22
DAZ,487,24,0.24577076807764717,0.03259421489999999,0.21317655317764717,21
DAZ,488,22,0.25859097193764724,0.07338547001999995,0.18520550191764729,19
DAZ,489,27,0.2510155482376472,0.04308377522000002,0.2079317730176472,24
DAZ,490,26,0.2457469460776472,0.03259421489999999,0.21315273117764721,23
DAZ,491,27,0.2510155482376472,0.04308377522000002,0.2079317730176472,24
DAZ,492,25,0.2426156635376472,0.038856779979999964,0.20375888355764726,22
DAZ,493,25,0.2426156635376472,0.038856779979999964,0.20375888355764726,22
DAZ,494,27,0.2510155482376472,0.04308377522000002,0.2079317730176472,24
DAZ,495,22,0.25859097193764724,0.07338547001999995,0.18520550191764729,19
DAZ,496,27,0.2510155482376472,0.04308377522000002,0.2079317730176472,24
DAZ,497,23,0.2344204637376472,0.07163757918000009,0.1627828845576471,20
DAZ,498,26,0.2457469460776472,0.03259421489999999,0.21315273117764721,23
DAZ,499,26,0.2457469460776472,0.03259421489999999,0.21315273117764721,23
DAZ,500,23,0.2344204637376472,0.07163757918000009,0.1627828845576471,20
DAZ,501,24,0.24577076807764717,0.03259421489999999,0.21317655317764717,21
DAZ,502,24,0.24577076807764717,0.03259421489999999,0.21317655317764717,21
DAZ,503,27,0.2510155482376472,0.04308377522000002,0.2079317730176472,24
DAZ,504,27,0.2510155482376472,0.04308377522000002,0.2079317730176472,24
DAZ,505,24,0.24577076807764717,0.03259421489999999,0.21317655317764717,21
DAZ,506,22,0.25859097193764724,0.07338547001999995,0.18520550191764729,19
DAZ,507,27,0.2510155482376472,0.04308377522000002,0.2079317730176472,24
DAZ,508,26,0.2457469460776472,0.03259421489999999,0.21315273117764721,23
DAZ,509,25,0.2426156635376472,0.038856779979999964,0.20375888355764726,22
DAZ,510,24,0.24577076807764717,0.03259421489999999,0.21317655317764717,21
DAZ,511,23,0.2344204637376472,0.07163757918000009,0.1627828845576471,20
DAZ,512,26,0.2457469460776472,0.03259421489999999,0.21315273117764721,23
DAZ,513,25,0.2426156635376472,0.038856779979999964,0.20375888355764726,22
DAZ,514,26,0.2457469460776472,0.03259421489999999,0.21315273117764721,23
DAZ,515,26,0.2457469460776472,0.03259421489999999,0.21315273117764721,23
DAZ,516,26,0.2457469460776472,0.03259421489999999,0.21315273117764721,23
DAZ,517,23,0.2344204637376472,0.07163757918000009,0.1627828845576471,20
DAZ,518,27,0.2510155482376472,0.04308377522000002,0.2079317730176472,24
DAZ,519,23,0.2344204637376472,0.07163757918000009,0.1627828845576471,20
DAZ,520,27,0.2510155482376472,0.04308377522000002,0.2079317730176472,24
DAZ,521,24,0.24577076807764717,0.03259421489999999,0.21317655317764717,21
DAZ,522,24,0.24577076807764717,0.03259421489999999,0.21317655317764717,21
DAZ,523,24,0.24577076807764717,0.03259421489999999,0.21317655317764717,21
DAZ,524,25,0.2426156635376472,0.038856779979999964,0.20375888355764726,22
DAZ,525,27,0.2510155482376472,0.04308377522000002,0.2079317730176472,24
DAZ,526,22,0.25859097193764724,0.07338547001999995,0.18520550191764729,19
DAZ,527,25,0.2426156635376472,0.038856779979999964,0.20375888355764726,22
DAZ,528,23,0.2344204637376472,0.07163757918000009,0.1627828845576471,20
DAZ,529,25,0.2426156635376472,0.038856779979999964,0.20375888355764726,22
DAZ,530,26,0.2457469460776472,0.03259421489999999,0.21315273117764721,23
DAZ,531,27,0.2510155482376472,0.04308377522000002,0.2079317730176472,24
DAZ,532,25,0.2426156635376472,0.038856779979999964,0.20375888355764726,22
DAZ,533,24,0.24577076807764717,0.03259421489999999,0.21317655317764717,21
DAZ,534,26,0.2457469460776472,0.03259421489999999,0.21315273117764721,23
DAZ,535,26,0.2457469460776472,0.03259421489999999,0.21315273117764721,23
DAZ,536,27,0.2510155482376472,0.04308377522000002,0.2079317730176472,24
DAZ,537,23,0.2344204637376472,0.07163757918000009,0.1627828845576471,20
DAZ,538,25,0.2426156635376472,0.038856779979999964,0.20375888355764726,22
DAZ,539,27,0.2510155482376472,0.04308377522000002,0.2079317730176472,24
DAZ,540,25,0.2426156635376472,0.038856779979999964,0.20375888355764726,22
DAZ,541,23,0.2344204637376472,0.07163757918000009,0.1627828845576471,20
DAZ,542,26,0.2457469460776472,0.03259421489999999,0.21315273117764721,23
DAZ,543,24,0.24577076807764717,0.03259421489999999,0.21317655317764717,21
DAZ,544,25,0.2426156635376472,0.038856779979999964,0.20375888355764726,22
DAZ,545,22,0.25859097193764724,0.07338547001999995,0.18520550191764729,19
DAZ,546,24,0.24577076807764717,0.03259421489999999,0.21317655317764717,21
DAZ,547,22,0.25859097193764724,0.07338547001999995,0.18520550191764729,19
DAZ,548,26,0.2457469460776472,0.03259421489999999,0.21315273117764721,23
DAZ,549,26,0.2457469460776472,0.03259421489999999,0.21315273117764721,23
DAZ,550,26,0.2457469460776472,0.03259421489999999,0.21315273117764721,23
DAZ,551,26,0.2457469460776472,0.03259421489999999,0.21315273117764721,23
DAZ,552,22,0.25859097193764724,0.07338547001999995,0.18520550191764729,19
DAZ,553,22,0.25859097193764724,0.07338547001999995,0.18520550191764729,19
DAZ,554,26,0.2457469460776472,0.03259421489999999,0.21315273117764721,23
DAZ,555,26,0.2457469460776472,0.03259421489999999,0.21315273117764721,23
DAZ,556,25,0.2426156635376472,0.038856779979999964,0.20375888355764726,22
DAZ,557,25,0.2426156635376472,0.038856779979999964,0.20375888355764726,22
DAZ,558,24,0.24577076807764717,0.03259421489999999,0.21317655317764717,21
DAZ,559,27,0.2510155482376472,0.04308377522000002,0.2079317730176472,24
DAZ,560,24,0.24577076807764717,0.03259421489999999,0.21317655317764717,21
DAZ,561,27,0.2510155482376472,0.04308377522000002,0.2079317730176472,24
DAZ,562,24,0.24577076807764717,0.03259421489999999,0.21317655317764717,21
DAZ,563,24,0.24577076807764717,0.03259421489999999,0.21317655317764717,21
DAZ,564,25,0.2426156635376472,0.038856779979999964,0.20375888355764726,22
DAZ,565,22,0.25859097193764724,0.07338547001999995,0.18520550191764729,19
DAZ,566,24,0.24577076807764717,0.03259421489999999,0.21317655317764717,21
DAZ,567,24,0.24577076807764717,0.03259421489999999,0.21317655317764717,21
DAZ,568,24,0.24577076807764717,0.03259421489999999,0.21317655317764717,21
DAZ,569,24,0.24577076807764717,0.03259421489999999,0.21317655317764717,21
DAZ,570,25,0.2426156635376472,0.038856779979999964,0.20375888355764726,22
DAZ,571,25,0.2426156635376472,0.038856779979999964,0.20375888355764726,22
DAZ,572,27,0.2510155482376472,0.04308377522000002,0.2079317730176472,24
DAZ,573,23,0.2344204637376472,0.07163757918000009,0.1627828845576471,20
DAZ,574,26,0.2457469460776472,0.03259421489999999,0.21315273117764721,23
DAZ,575,23,0.2344204637376472,0.07163757918000009,0.1627828845576471,20
DAZ,576,22,0.25859097193764724,0.07338547001999995,0.18520550191764729,19
DAZ,577,22,0.25859097193764724,0.07338547001999995,0.18520550191764729,19
DAZ,578,26,0.2457469460776472,0.03259421489999999,0.21315273117764721,23
DAZ,579,26,0.2457469460776472,0.03259421489999999,0.21315273117764721,23
DAZ,580,27,0.2510155482376472,0.04308377522000002,0.2079317730176472,24
DAZ,581,23,0.2344204637376472,0.07163757918000009,0.1627828845576471,20
DAZ,582,23,0.2344204637376472,0.07163757918000009,0.1627828845576471,20
DAZ,583,26,0.2457469460776472,0.03259421489999999,0.21315273117764721,23
DAZ,584,24,0.24577076807764717,0.03259421489999999,0.21317655317764717,21
DAZ,585,23,0.2344204637376472,0.07163757918000009,0.1627828845576471,20
DAZ,586,24,0.24577076807764717,0.03259421489999999,0.21317655317764717,21
DAZ,587,27,0.2510155482376472,0.04308377522000002,0.2079317730176472,24
DAZ,588,22,0.25859097193764724,0.07338547001999995,0.18520550191764729,19
DAZ,589,23,0.2344204637376472,0.07163757918000009,0.1627828845576471,20
DAZ,590,26,0.2457469460776472,0.03259421489999999,0.21315273117764721,23
DAZ,591,22,0.25859097193764724,0.07338547001999995,0.18520550191764729,19
DAZ,592,22,0.25859097193764724,0.07338547001999995,0.18520550191764729,19
DAZ,593,26,0.2457469460776472,0.03259421489999999,0.21315273117764721,23
DAZ,594,26,0.2457469460776472,0.03259421489999999,0.21315273117764721,23
DAZ,595,23,0.2344204637376472,0.07163757918000009,0.1627828845576471,20
DAZ,596,25,0.2426156635376472,0.038856779979999964,0.20375888355764726,22
DAZ,597,23,0.2344204637376472,0.07163757918000009,0.1627828845576471,20
DAZ,598,26,0.2457469460776472,0.03259421489999999,0.21315273117764721,23
DAZ,599,25,0.2426156635376472,0.038856779979999964,0.20375888355764726,22
DAZ,600,26,0.2457469460776472,0.03259421489999999,0.21315273117764721,23
DAZ,601,22,0.25859097193764724,0.07338547001999995,0.18520550191764729,19
DAZ,602,24,0.24577076807764717,0.03259421489999999,0.21317655317764717,21
DAZ,603,25,0.2426156635376472,0.038856779979999964,0.20375888355764726,22
DAZ,604,22,0.25859097193764724,0.07338547001999995,0.18520550191764729,19
DAZ,605,22,0.25859097193764724,0.07338547001999995,0.18520550191764729,19
DAZ,606,27,0.2510155482376472,0.04308377522000002,0.2079317730176472,24
DAZ,607,24,0.24577076807764717,0.03259421489999999,0.21317655317764717,21
DAZ,608,27,0.2510155482376472,0.04308377522000002,0.2079317730176472,24
DAZ,609,24,0.24577076807764717,0.03259421489999999,0.21317655317764717,21
DAZ,610,27,0.2510155482376472,0.04308377522000002,0.2079317730176472,24
DAZ,611,22,0.25859097193764724,0.07338547001999995,0.18520550191764729,19
DAZ,612,26,0.2457469460776472,0.03259421489999999,0.21315273117764721,23
DAZ,613,22,0.25859097193764724,0.07338547001999995,0.18520550191764729,19
DAZ,614,22,0.25859097193764724,0.07338547001999995,0.18520550191764729,19
DAZ,615,25,0.2426156635376472,0.038856779979999964,0.20375888355764726,22
DAZ,616,24,0.24577076807764717,0.03259421489999999,0.21317655317764717,21
DAZ,617,22,0.25859097193764724,0.07338547001999995,0.18520550191764729,19
DAZ,618,27,0.2510155482376472,0.04308377522000002,0.2079317730176472,24
DAZ,619,26,0.2457469460776472,0.03259421489999999,0.21315273117764721,23
DAZ,620,23,0.2344204637376472,0.07163757918000009,0.1627828845576471,20
DAZ,621,24,0.24577076807764717,0.03259421489999999,0.21317655317764717,21
DAZ,622,22,0.25859097193764724,0.07338547001999995,0.18520550191764729,19
DAZ,623,23,0.2344204637376472,0.07163757918000009,0.1627828845576471,20
DAZ,624,24,0.24577076807764717,0.03259421489999999,0.21317655317764717,21
DAZ,625,27,0.2510155482376472,0.04308377522000002,0.2079317730176472,24
DAZ,626,27,0.2510155482376472,0.04308377522000002,0.2079317730176472,24
DAZ,627,22,0.25859097193764724,0.07338547001999995,0.18520550191764729,19
DAZ,628,24,0.24577076807764717,0.03259421489999999,0.21317655317764717,21
DAZ,629,25,0.2426156635376472,0.038856779979999964,0.20375888355764726,22
DAZ,630,23,0.2344204637376472,0.07163757918000009,0.1627828845576471,20
DAZ,631,22,0.25859097193764724,0.07338547001999995,0.18520550191764729,19
DAZ,632,26,0.2457469460776472,0.03259421489999999,0.21315273117764721,23
DAZ,633,24,0.24577076807764717,0.03259421489999999,0.21317655317764717,21
DAZ,634,22,0.25859097193764724,0.07338547001999995,0.18520550191764729,19
DAZ,635,23,0.2344204637376472,0.07163757918000009,0.1627828845576471,20
DAZ,636,24,0.24577076807764717,0.03259421489999999,0.21317655317764717,21
DAZ,637,22,0.25859097193764724,0.07338547001999995,0.18520550191764729,19
DAZ,638,25,0.2426156635376472,0.038856779979999964,0.20375888355764726,22
DAZ,639,26,0.2457469460776472,0.03259421489999999,0.21315273117764721,23
DAZ,640,24,0.24577076807764717,0.03259421489999999,0.21317655317764717,21
DAZ,641,25,0.2426156635376472,0.038856779979999964,0.20375888355764726,22
DAZ,642,25,0.2426156635376472,0.038856779979999964,0.20375888355764726,22
DAZ,643,22,0.25859097193764724,0.07338547001999995,0.18520550191764729,19
DAZ,644,22,0.25859097193764724,0.07338547001999995,0.18520550191764729,19
DAZ,645,27,0.2510155482376472,0.04308377522000002,0.2079317730176472,24
DAZ,646,23,0.2344204637376472,0.07163757918000009,0.1627828845576471,20
DAZ,647,22,0.25859097193764724,0.07338547001999995,0.18520550191764729,19
DAZ,648,24,0.24577076807764717,0.03259421489999999,0.21317655317764717,21
DAZ,649,24,0.24577076807764717,0.03259421489999999,0.21317655317764717,21
DAZ,650,24,0.24577076807764717,0.03259421489999999,0.21317655317764717,21
DAZ,651,22,0.25859097193764724,0.07338547001999995,0.18520550191764729,19
DAZ,652,25,0.2426156635376472,0.038856779979999964,0.20375888355764726,22
DAZ,653,24,0.24577076807764717,0.03259421489999999,0.21317655317764717,21
DAZ,654,27,0.2510155482376472,0.04308377522000002,0.2079317730176472,24
DAZ,655,24,0.24577076807764717,0.03259421489999999,0.21317655317764717,21
DAZ,656,27,0.2510155482376472,0.04308377522000002,0.2079317730176472,24
DAZ,657,27,0.2510155482376472,0.04308377522000002,0.2079317730176472,24
DAZ,658,23,0.2344204637376472,0.07163757918000009,0.1627828845576471,20
DAZ,659,26,0.2457469460776472,0.03259421489999999,0.21315273117764721,23
DAZ,660,23,0.2344204637376472,0.07163757918000009,0.1627828845576471,20
DAZ,661,24,0.24577076807764717,0.03259421489999999,0.21317655317764717,21
DAZ,662,25,0.2426156635376472,0.038856779979999964,0.20375888355764726,22
DAZ,663,23,0.2344204637376472,0.07163757918000009,0.1627828845576471,20
DAZ,664,26,0.2457469460776472,0.03259421489999999,0.21315273117764721,23
DAZ,665,22,0.25859097193764724,0.07338547001999995,0.18520550191764729,19
DAZ,666,24,0.24577076807764717,0.03259421489999999,0.21317655317764717,21
DAZ,667,23,0.2344204637376472,0.07163757918000009,0.1627828845576471,20
DAZ,668,23,0.2344204637376472,0.07163757918000009,0.1627828845576471,20
DAZ,669,22,0.25859097193764724,0.07338547001999995,0.18520550191764729,19
DAZ,670,22,0.25859097193764724,0.07338547001999995,0.18520550191764729,19
DAZ,671,23,0.2344204637376472,0.07163757918000009,0.1627828845576471,20
DAZ,672,24,0.24577076807764717,0.03259421489999999,0.21317655317764717,21
DAZ,673,25,0.2426156635376472,0.038856779979999964,0.20375888355764726,22
DAZ,674,23,0.2344204637376472,0.07163757918000009,0.1627828845576471,20
DAZ,675,23,0.2344204637376472,0.07163757918000009,0.1627828845576471,20
DAZ,676,27,0.2510155482376472,0.04308377522000002,0.2079317730176472,24
DAZ,677,24,0.24577076807764717,0.03259421489999999,0.21317655317764717,21
DAZ,678,22,0.25859097193764724,0.07338547001999995,0.18520550191764729,19
DAZ,679,22,0.25859097193764724,0.07338547001999995,0.18520550191764729,19
DAZ,680,27,0.2510155482376472,0.04308377522000002,0.2079317730176472,24
DAZ,681,27,0.2510155482376472,0.04308377522000002,0.2079317730176472,24
DAZ,682,26,0.2457469460776472,0.03259421489999999,0.21315273117764721,23
DAZ,683,27,0.2510155482376472,0.04308377522000002,0.2079317730176472,24
DAZ,684,25,0.2426156635376472,0.038856779979999964,0.20375888355764726,22
DAZ,685,22,0.25859097193764724,0.07338547001999995,0.18520550191764729,19
DAZ,686,22,0.25859097193764724,0.07338547001999995,0.18520550191764729,19
DAZ,687,26,0.2457469460776472,0.03259421489999999,0.21315273117764721,23
DAZ,688,26,0.2457469460776472,0.03259421489999999,0.21315273117764721,23
DAZ,689,24,0.24577076807764717,0.03259421489999999,0.21317655317764717,21
DAZ,690,26,0.2457469460776472,0.03259421489999999,0.21315273117764721,23
DAZ,691,26,0.2457469460776472,0.03259421489999999,0.21315273117764721,23
DAZ,692,27,0.2510155482376472,0.04308377522000002,0.2079317730176472,24
DAZ,693,23,0.2344204637376472,0.07163757918000009,0.1627828845576471,20
DAZ,694,23,0.2344204637376472,0.07163757918000009,0.1627828845576471,20
DAZ,695,23,0.2344204637376472,0.07163757918000009,0.1627828845576471,20
DAZ,696,24,0.24577076807764717,0.03259421489999999,0.21317655317764717,21
DAZ,697,27,0.2510155482376472,0.04308377522000002,0.2079317730176472,24
DAZ,698,26,0.2457469460776472,0.03259421489999999,0.21315273117764721,23
DAZ,699,23,0.2344204637376472,0.07163757918000009,0.1627828845576471,20
DAZ,700,27,0.2510155482376472,0.04308377522000002,0.2079317730176472,24
DAZ,701,24,0.24577076807764717,0.03259421489999999,0.21317655317764717,21
DAZ,702,26,0.2457469460776472,0.03259421489999999,0.21315273117764721,23
DAZ,703,23,0.2344204637376472,0.07163757918000009,0.1627828845576471,20
DAZ,704,26,0.2457469460776472,0.03259421489999999,0.21315273117764721,23
DAZ,705,23,0.2344204637376472,0.07163757918000009,0.1627828845576471,20
DAZ,706,25,0.2426156635376472,0.038856779979999964,0.20375888355764726,22
DAZ,707,23,0.2344204637376472,0.07163757918000009,0.1627828845576471,20
DAZ,708,27,0.2510155482376472,0.04308377522000002,0.2079317730176472,24
DAZ,709,25,0.2426156635376472,0.038856779979999964,0.20375888355764726,22
DAZ,710,25,0.2426156635376472,0.038856779979999964,0.20375888355764726,22
DAZ,711,25,0.2426156635376472,0.038856779979999964,0.20375888355764726,22
DAZ,712,22,0.25859097193764724,0.07338547001999995,0.18520550191764729,19
DAZ,713,27,0.2510155482376472,0.04308377522000002,0.2079317730176472,24
DAZ,714,27,0.2510155482376472,0.04308377522000002,0.2079317730176472,24
DAZ,715,26,0.2457469460776472,0.03259421489999999,0.21315273117764721,23
DAZ,716,25,0.2426156635376472,0.038856779979999964,0.20375888355764726,22
DAZ,717,26,0.2457469460776472,0.03259421489999999,0.21315273117764721,23
DAZ,718,23,0.2344204637376472,0.07163757918000009,0.1627828845576471,20
DAZ,719,23,0.2344204637376472,0.07163757918000009,0.1627828845576471,20
DAZ,720,23,0.2344204637376472,0.07163757918000009,0.1627828845576471,20
DAZ,721,23,0.2344204637376472,0.07163757918000009,0.1627828845576471,20
DAZ,722,24,0.24577076807764717,0.03259421489999999,0.21317655317764717,21
DAZ,723,24,0.24577076807764717,0.03259421489999999,0.21317655317764717,21
DAZ,724,22,0.25859097193764724,0.07338547001999995,0.18520550191764729,19
DAZ,725,23,0.2344204637376472,0.07163757918000009,0.1627828845576471,20
DAZ,726,24,0.24577076807764717,0.03259421489999999,0.21317655317764717,21
DAZ,727,23,0.2344204637376472,0.07163757918000009,0.1627828845576471,20
DAZ,728,27,0.2510155482376472,0.04308377522000002,0.2079317730176472,24
DAZ,729,23,0.2344204637376472,0.07163757918000009,0.1627828845576471,20
DAZ,730,27,0.2510155482376472,0.04308377522000002,0.2079317730176472,24
DAZ,731,24,0.24577076807764717,0.03259421489999999,0.21317655317764717,21
DAZ,732,24,0.24577076807764717,0.03259421489999999,0.21317655317764717,21
DAZ,733,24,0.24577076807764717,0.03259421489999999,0.21317655317764717,21
DAZ,734,27,0.2510155482376472,0.04308377522000002,0.2079317730176472,24
DAZ,735,27,0.2510155482376472,0.04308377522000002,0.2079317730176472,24
DAZ,736,24,0.24577076807764717,0.03259421489999999,0.21317655317764717,21
DAZ,737,25,0.2426156635376472,0.038856779979999964,0.20375888355764726,22
DAZ,738,23,0.2344204637376472,0.07163757918000009,0.1627828845576471,20
DAZ,739,27,0.2510155482376472,0.04308377522000002,0.2079317730176472,24
DAZ,740,23,0.2344204637376472,0.07163757918000009,0.1627828845576471,20
DAZ,741,22,0.25859097193764724,0.07338547001999995,0.18520550191764729,19
DAZ,742,23,0.2344204637376472,0.07163757918000009,0.1627828845576471,20
DAZ,743,22,0.25859097193764724,0.07338547001999995,0.18520550191764729,19
DAZ,744,22,0.25859097193764724,0.07338547001999995,0.18520550191764729,19
DAZ,745,27,0.2510155482376472,0.04308377522000002,0.2079317730176472,24
DAZ,746,24,0.24577076807764717,0.03259421489999999,0.21317655317764717,21
DAZ,747,24,0.24577076807764717,0.03259421489999999,0.21317655317764717,21
DAZ,748,24,0.24577076807764717,0.03259421489999999,0.21317655317764717,21
DAZ,749,25,0.2426156635376472,0.038856779979999964,0.20375888355764726,22
DAZ,750,24,0.24577076807764717,0.03259421489999999,0.21317655317764717,21
DAZ,751,23,0.2344204637376472,0.07163757918000009,0.1627828845576471,20
DAZ,752,22,0.25859097193764724,0.07338547001999995,0.18520550191764729,19
DAZ,753,24,0.24577076807764717,0.03259421489999999,0.21317655317764717,21
DAZ,754,22,0.25859097193764724,0.07338547001999995,0.18520550191764729,19
DAZ,755,22,0.25859097193764724,0.07338547001999995,0.18520550191764729,19
DAZ,756,23,0.2344204637376472,0.07163757918000009,0.1627828845576471,20
DAZ,757,27,0.2510155482376472,0.04308377522000002,0.2079317730176472,24
DAZ,758,25,0.2426156635376472,0.038856779979999964,0.20375888355764726,22
DAZ,759,25,0.2426156635376472,0.038856779979999964,0.20375888355764726,22
DAZ,760,22,0.25859097193764724,0.07338547001999995,0.18520550191764729,19
DAZ,761,22,0.25859097193764724,0.07338547001999995,0.18520550191764729,19
DAZ,762,22,0.25859097193764724,0.07338547001999995,0.18520550191764729,19
DAZ,763,27,0.2510155482376472,0.04308377522000002,0.2079317730176472,24
DAZ,764,27,0.2510155482376472,0.04308377522000002,0.2079317730176472,24
DAZ,765,24,0.24577076807764717,0.03259421489999999,0.21317655317764717,21
DAZ,766,26,0.2457469460776472,0.03259421489999999,0.21315273117764721,23
DAZ,767,25,0.2426156635376472,0.038856779979999964,0.20375888355764726,22
DAZ,768,24,0.24577076807764717,0.03259421489999999,0.21317655317764717,21
DAZ,769,22,0.25859097193764724,0.07338547001999995,0.18520550191764729,19
DAZ,770,22,0.25859097193764724,0.07338547001999995,0.18520550191764729,19
DAZ,771,24,0.24577076807764717,0.03259421489999999,0.21317655317764717,21
DAZ,772,23,0.2344204637376472,0.07163757918000009,0.1627828845576471,20
DAZ,773,24,0.24577076807764717,0.03259421489999999,0.21317655317764717,21
DAZ,774,23,0.2344204637376472,0.07163757918000009,0.1627828845576471,20
DAZ,775,24,0.24577076807764717,0.03259421489999999,0.21317655317764717,21
DAZ,776,25,0.2426156635376472,0.038856779979999964,0.20375888355764726,22
DAZ,777,26,0.2457469460776472,0.03259421489999999,0.21315273117764721,23
DAZ,778,27,0.2510155482376472,0.04308377522000002,0.2079317730176472,24
DAZ,779,24,0.24577076807764717,0.03259421489999999,0.21317655317764717,21
DAZ,780,22,0.25859097193764724,0.07338547001999995,0.18520550191764729,19
DAZ,781,23,0.2344204637376472,0.07163757918000009,0.1627828845576471,20
DAZ,782,23,0.2344204637376472,0.07163757918000009,0.1627828845576471,20
DAZ,783,23,0.2344204637376472,0.07163757918000009,0.1627828845576471,20
DAZ,784,26,0.2457469460776472,0.03259421489999999,0.21315273117764721,23
DAZ,785,23,0.2344204637376472,0.07163757918000009,0.1627828845576471,20
DAZ,786,25,0.2426156635376472,0.038856779979999964,0.20375888355764726,22
DAZ,787,24,0.24577076807764717,0.03259421489999999,0.21317655317764717,21
DAZ,788,27,0.2510155482376472,0.04308377522000002,0.2079317730176472,24
DAZ,789,23,0.2344204637376472,0.07163757918000009,0.1627828845576471,20
DAZ,790,25,0.2426156635376472,0.038856779979999964,0.20375888355764726,22
DAZ,791,22,0.25859097193764724,0.07338547001999995,0.18520550191764729,19
DAZ,792,23,0.2344204637376472,0.07163757918000009,0.1627828845576471,20
DAZ,793,23,0.2344204637376472,0.07163757918000009,0.1627828845576471,20
DAZ,794,22,0.25859097193764724,0.07338547001999995,0.18520550191764729,19
DAZ,795,25,0.2426156635376472,0.038856779979999964,0.20375888355764726,22
DAZ,796,27,0.2510155482376472,0.04308377522000002,0.2079317730176472,24
DAZ,797,23,0.2344204637376472,0.07163757918000009,0.1627828845576471,20
DAZ,798,23,0.2344204637376472,0.07163757918000009,0.1627828845576471,20
DAZ,799,23,0.2344204637376472,0.07163757918000009,0.1627828845576471,20
DAZ,800,24,0.24577076807764717,0.03259421489999999,0.21317655317764717,21
DAZ,801,23,0.2344204637376472,0.07163757918000009,0.1627828845576471,20
DAZ,802,26,0.2457469460776472,0.03259421489999999,0.21315273117764721,23
DAZ,803,22,0.25859097193764724,0.07338547001999995,0.18520550191764729,19
DAZ,804,23,0.2344204637376472,0.07163757918000009,0.1627828845576471,20
DAZ,805,23,0.2344204637376472,0.07163757918000009,0.1627828845576471,20
DAZ,806,27,0.2510155482376472,0.04308377522000002,0.2079317730176472,24
DAZ,807,23,0.2344204637376472,0.07163757918000009,0.1627828845576471,20
DAZ,808,24,0.24577076807764717,0.03259421489999999,0.21317655317764717,21
DAZ,809,27,0.2510155482376472,0.04308377522000002,0.2079317730176472,24
DAZ,810,24,0.24577076807764717,0.03259421489999999,0.21317655317764717,21
DAZ,811,23,0.2344204637376472,0.07163757918000009,0.1627828845576471,20
DAZ,812,23,0.2344204637376472,0.07163757918000009,0.1627828845576471,20
DAZ,813,26,0.2457469460776472,0.03259421489999999,0.21315273117764721,23
DAZ,814,24,0.24577076807764717,0.03259421489999999,0.21317655317764717,21
DAZ,815,26,0.2457469460776472,0.03259421489999999,0.21315273117764721,23
DAZ,816,22,0.25859097193764724,0.07338547001999995,0.18520550191764729,19
DAZ,817,27,0.2510155482376472,0.04308377522000002,0.2079317730176472,24
DAZ,818,22,0.25859097193764724,0.07338547001999995,0.18520550191764729,19
DAZ,819,26,0.2457469460776472,0.03259421489999999,0.21315273117764721,23
DAZ,820,25,0.2426156635376472,0.038856779979999964,0.20375888355764726,22
DAZ,821,22,0.25859097193764724,0.07338547001999995,0.18520550191764729,19
DAZ,822,25,0.2426156635376472,0.038856779979999964,0.20375888355764726,22
DAZ,823,27,0.2510155482376472,0.04308377522000002,0.2079317730176472,24
DAZ,824,24,0.24577076807764717,0.03259421489999999,0.21317655317764717,21
DAZ,825,27,0.2510155482376472,0.04308377522000002,0.2079317730176472,24
DAZ,826,26,0.2457469460776472,0.03259421489999999,0.21315273117764721,23
DAZ,827,24,0.24577076807764717,0.03259421489999999,0.21317655317764717,21
DAZ,828,22,0.25859097193764724,0.07338547001999995,0.18520550191764729,19
DAZ,829,24,0.24577076807764717,0.03259421489999999,0.21317655317764717,21
DAZ,830,23,0.2344204637376472,0.07163757918000009,0.1627828845576471,20
DAZ,831,22,0.25859097193764724,0.07338547001999995,0.18520550191764729,19
DAZ,832,26,0.2457469460776472,0.03259421489999999,0.21315273117764721,23
DAZ,833,23,0.2344204637376472,0.07163757918000009,0.1627828845576471,20
DAZ,834,27,0.2510155482376472,0.04308377522000002,0.2079317730176472,24
DAZ,835,26,0.2457469460776472,0.03259421489999999,0.21315273117764721,23
DAZ,836,26,0.2457469460776472,0.03259421489999999,0.21315273117764721,23
DAZ,837,22,0.25859097193764724,0.07338547001999995,0.18520550191764729,19
DAZ,838,23,0.2344204637376472,0.07163757918000009,0.1627828845576471,20
DAZ,839,27,0.2510155482376472,0.04308377522000002,0.2079317730176472,24
DAZ,840,25,0.2426156635376472,0.038856779979999964,0.20375888355764726,22
DAZ,841,22,0.25859097193764724,0.07338547001999995,0.18520550191764729,19
DAZ,842,22,0.25859097193764724,0.07338547001999995,0.18520550191764729,19
DAZ,843,27,0.2510155482376472,0.04308377522000002,0.2079317730176472,24
DAZ,844,22,0.25859097193764724,0.07338547001999995,0.18520550191764729,19
DAZ,845,23,0.2344204637376472,0.07163757918000009,0.1627828845576471,20
DAZ,846,22,0.25859097193764724,0.07338547001999995,0.18520550191764729,19
DAZ,847,24,0.24577076807764717,0.03259421489999999,0.21317655317764717,21
DAZ,848,25,0.2426156635376472,0.038856779979999964,0.20375888355764726,22
DAZ,849,25,0.2426156635376472,0.038856779979999964,0.20375888355764726,22
DAZ,850,26,0.2457469460776472,0.03259421489999999,0.21315273117764721,23
DAZ,851,23,0.2344204637376472,0.07163757918000009,0.1627828845576471,20
DAZ,852,23,0.2344204637376472,0.07163757918000009,0.1627828845576471,20
DAZ,853,23,0.2344204637376472,0.07163757918000009,0.1627828845576471,20
DAZ,854,26,0.2457469460776472,0.03259421489999999,0.21315273117764721,23
DAZ,855,22,0.25859097193764724,0.07338547001999995,0.18520550191764729,19
DAZ,856,24,0.24577076807764717,0.03259421489999999,0.21317655317764717,21
DAZ,857,26,0.2457469460776472,0.03259421489999999,0.21315273117764721,23
DAZ,858,23,0.2344204637376472,0.07163757918000009,0.1627828845576471,20
DAZ,859,27,0.2510155482376472,0.04308377522000002,0.2079317730176472,24
DAZ,860,26,0.2457469460776472,0.03259421489999999,0.21315273117764721,23
DAZ,861,22,0.25859097193764724,0.07338547001999995,0.18520550191764729,19
DAZ,862,25,0.2426156635376472,0.038856779979999964,0.20375888355764726,22
DAZ,863,27,0.2510155482376472,0.04308377522000002,0.2079317730176472,24
DAZ,864,27,0.2510155482376472,0.04308377522000002,0.2079317730176472,24
DAZ,865,26,0.2457469460776472,0.03259421489999999,0.21315273117764721,23
DAZ,866,27,0.2510155482376472,0.04308377522000002,0.2079317730176472,24
DAZ,867,26,0.2457469460776472,0.03259421489999999,0.21315273117764721,23
DAZ,868,25,0.2426156635376472,0.038856779979999964,0.20375888355764726,22
DAZ,869,24,0.24577076807764717,0.03259421489999999,0.21317655317764717,21
DAZ,870,25,0.2426156635376472,0.038856779979999964,0.20375888355764726,22
DAZ,871,22,0.25859097193764724,0.07338547001999995,0.18520550191764729,19
DAZ,872,23,0.2344204637376472,0.07163757918000009,0.1627828845576471,20
DAZ,873,26,0.2457469460776472,0.03259421489999999,0.21315273117764721,23
DAZ,874,24,0.24577076807764717,0.03259421489999999,0.21317655317764717,21
DAZ,875,27,0.2510155482376472,0.04308377522000002,0.2079317730176472,24
DAZ,876,25,0.2426156635376472,0.038856779979999964,0.20375888355764726,22
DAZ,877,25,0.2426156635376472,0.038856779979999964,0.20375888355764726,22
DAZ,878,24,0.24577076807764717,0.03259421489999999,0.21317655317764717,21
DAZ,879,23,0.2344204637376472,0.07163757918000009,0.1627828845576471,20
DAZ,880,27,0.2510155482376472,0.04308377522000002,0.2079317730176472,24
DAZ,881,25,0.2426156635376472,0.038856779979999964,0.20375888355764726,22
DAZ,882,22,0.25859097193764724,0.07338547001999995,0.18520550191764729,19
DAZ,883,22,0.25859097193764724,0.07338547001999995,0.18520550191764729,19
DAZ,884,23,0.2344204637376472,0.07163757918000009,0.1627828845576471,20
DAZ,885,26,0.2457469460776472,0.03259421489999999,0.21315273117764721,23
DAZ,886,24,0.24577076807764717,0.03259421489999999,0.21317655317764717,21
DAZ,887,26,0.2457469460776472,0.03259421489999999,0.21315273117764721,23
DAZ,888,24,0.24577076807764717,0.03259421489999999,0.21317655317764717,21
DAZ,889,24,0.24577076807764717,0.03259421489999999,0.21317655317764717,21
DAZ,890,22,0.25859097193764724,0.07338547001999995,0.18520550191764729,19
DAZ,891,22,0.25859097193764724,0.07338547001999995,0.18520550191764729,19
DAZ,892,25,0.2426156635376472,0.038856779979999964,0.20375888355764726,22
DAZ,893,22,0.25859097193764724,0.07338547001999995,0.18520550191764729,19
DAZ,894,25,0.2426156635376472,0.038856779979999964,0.20375888355764726,22
DAZ,895,26,0.2457469460776472,0.03259421489999999,0.21315273117764721,23
DAZ,896,27,0.2510155482376472,0.04308377522000002,0.2079317730176472,24
DAZ,897,26,0.2457469460776472,0.03259421489999999,0.21315273117764721,23
DAZ,898,23,0.2344204637376472,0.07163757918000009,0.1627828845576471,20
DAZ,899,25,0.2426156635376472,0.038856779979999964,0.20375888355764726,22
DAZ,900,24,0.24577076807764717,0.03259421489999999,0.21317655317764717,21
DAZ,901,23,0.2344204637376472,0.07163757918000009,0.1627828845576471,20
DAZ,902,27,0.2510155482376472,0.04308377522000002,0.2079317730176472,24
DAZ,903,25,0.2426156635376472,0.038856779979999964,0.20375888355764726,22
DAZ,904,23,0.2344204637376472,0.07163757918000009,0.1627828845576471,20
DAZ,905,22,0.25859097193764724,0.07338547001999995,0.18520550191764729,19
DAZ,906,24,0.24577076807764717,0.03259421489999999,0.21317655317764717,21
DAZ,907,25,0.2426156635376472,0.038856779979999964,0.20375888355764726,22
DAZ,908,25,0.2426156635376472,0.038856779979999964,0.20375888355764726,22
DAZ,909,25,0.2426156635376472,0.038856779979999964,0.20375888355764726,22
DAZ,910,25,0.2426156635376472,0.038856779979999964,0.20375888355764726,22
DAZ,911,24,0.24577076807764717,0.03259421489999999,0.21317655317764717,21
DAZ,912,22,0.25859097193764724,0.07338547001999995,0.18520550191764729,19
DAZ,913,23,0.2344204637376472,0.07163757918000009,0.1627828845576471,20
DAZ,914,22,0.25859097193764724,0.07338547001999995,0.18520550191764729,19
DAZ,915,26,0.2457469460776472,0.03259421489999999,0.21315273117764721,23
DAZ,916,25,0.2426156635376472,0.038856779979999964,0.20375888355764726,22
DAZ,917,23,0.2344204637376472,0.07163757918000009,0.1627828845576471,20
DAZ,918,23,0.2344204637376472,0.07163757918000009,0.1627828845576471,20
DAZ,919,22,0.25859097193764724,0.07338547001999995,0.18520550191764729,19
DAZ,920,24,0.24577076807764717,0.03259421489999999,0.21317655317764717,21
DAZ,921,25,0.2426156635376472,0.038856779979999964,0.20375888355764726,22
DAZ,922,22,0.25859097193764724,0.07338547001999995,0.18520550191764729,19
DAZ,923,25,0.2426156635376472,0.038856779979999964,0.20375888355764726,22
DAZ,924,22,0.25859097193764724,0.07338547001999995,0.18520550191764729,19
DAZ,925,22,0.25859097193764724,0.07338547001999995,0.18520550191764729,19
DAZ,926,27,0.2510155482376472,0.04308377522000002,0.2079317730176472,24
DAZ,927,23,0.2344204637376472,0.07163757918000009,0.1627828845576471,20
DAZ,928,27,0.2510155482376472,0.04308377522000002,0.2079317730176472,24
DAZ,929,22,0.25859097193764724,0.07338547001999995,0.18520550191764729,19
DAZ,930,27,0.2510155482376472,0.04308377522000002,0.2079317730176472,24
DAZ,931,27,0.2510155482376472,0.04308377522000002,0.2079317730176472,24
DAZ,932,22,0.25859097193764724,0.07338547001999995,0.18520550191764729,19
DAZ,933,22,0.25859097193764724,0.07338547001999995,0.18520550191764729,19
DAZ,934,26,0.2457469460776472,0.03259421489999999,0.21315273117764721,23
DAZ,935,24,0.24577076807764717,0.03259421489999999,0.21317655317764717,21
DAZ,936,23,0.2344204637376472,0.07163757918000009,0.1627828845576471,20
DAZ,937,22,0.25859097193764724,0.07338547001999995,0.18520550191764729,19
DAZ,938,23,0.2344204637376472,0.07163757918000009,0.1627828845576471,20
DAZ,939,24,0.24577076807764717,0.03259421489999999,0.21317655317764717,21
DAZ,940,26,0.2457469460776472,0.03259421489999999,0.21315273117764721,23
DAZ,941,27,0.2510155482376472,0.04308377522000002,0.2079317730176472,24
DAZ,942,23,0.2344204637376472,0.07163757918000009,0.1627828845576471,20
DAZ,943,26,0.2457469460776472,0.03259421489999999,0.21315273117764721,23
DAZ,944,27,0.2510155482376472,0.04308377522000002,0.2079317730176472,24
DAZ,945,24,0.24577076807764717,0.03259421489999999,0.21317655317764717,21
DAZ,946,25,0.2426156635376472,0.038856779979999964,0.20375888355764726,22
DAZ,947,23,0.2344204637376472,0.07163757918000009,0.1627828845576471,20
DAZ,948,27,0.2510155482376472,0.04308377522000002,0.2079317730176472,24
DAZ,949,26,0.2457469460776472,0.03259421489999999,0.21315273117764721,23
DAZ,950,25,0.2426156635376472,0.038856779979999964,0.20375888355764726,22
DAZ,951,25,0.2426156635376472,0.038856779979999964,0.20375888355764726,22
DAZ,952,23,0.2344204637376472,0.07163757918000009,0.1627828845576471,20
DAZ,953,26,0.2457469460776472,0.03259421489999999,0.21315273117764721,23
DAZ,954,26,0.2457469460776472,0.03259421489999999,0.21315273117764721,23
DAZ,955,22,0.25859097193764724,0.07338547001999995,0.18520550191764729,19
DAZ,956,24,0.24577076807764717,0.03259421489999999,0.21317655317764717,21
DAZ,957,23,0.2344204637376472,0.07163757918000009,0.1627828845576471,20
DAZ,958,25,0.2426156635376472,0.038856779979999964,0.20375888355764726,22
DAZ,959,23,0.2344204637376472,0.07163757918000009,0.1627828845576471,20
DAZ,960,22,0.25859097193764724,0.07338547001999995,0.18520550191764729,19
DAZ,961,24,0.24577076807764717,0.03259421489999999,0.21317655317764717,21
DAZ,962,22,0.25859097193764724,0.07338547001999995,0.18520550191764729,19
DAZ,963,25,0.2426156635376472,0.038856779979999964,0.20375888355764726,22
DAZ,964,26,0.2457469460776472,0.03259421489999999,0.21315273117764721,23
DAZ,965,25,0.2426156635376472,0.038856779979999964,0.20375888355764726,22
DAZ,966,24,0.24577076807764717,0.03259421489999999,0.21317655317764717,21
DAZ,967,25,0.2426156635376472,0.038856779979999964,0.20375888355764726,22
DAZ,968,25,0.2426156635376472,0.038856779979999964,0.20375888355764726,22
DAZ,969,25,0.2426156635376472,0.038856779979999964,0.20375888355764726,22
DAZ,970,23,0.2344204637376472,0.07163757918000009,0.1627828845576471,20
DAZ,971,24,0.24577076807764717,0.03259421489999999,0.21317655317764717,21
DAZ,972,23,0.2344204637376472,0.07163757918000009,0.1627828845576471,20
DAZ,973,23,0.2344204637376472,0.07163757918000009,0.1627828845576471,20
DAZ,974,23,0.2344204637376472,0.07163757918000009,0.1627828845576471,20
DAZ,975,25,0.2426156635376472,0.038856779979999964,0.20375888355764726,22
DAZ,976,23,0.2344204637376472,0.07163757918000009,0.1627828845576471,20
DAZ,977,22,0.25859097193764724,0.07338547001999995,0.18520550191764729,19
DAZ,978,27,0.2510155482376472,0.04308377522000002,0.2079317730176472,24
DAZ,979,26,0.2457469460776472,0.03259421489999999,0.21315273117764721,23
DAZ,980,22,0.25859097193764724,0.07338547001999995,0.18520550191764729,19
DAZ,981,27,0.2510155482376472,0.04308377522000002,0.2079317730176472,24
DAZ,982,24,0.24577076807764717,0.03259421489999999,0.21317655317764717,21
DAZ,983,22,0.25859097193764724,0.07338547001999995,0.18520550191764729,19
DAZ,984,27,0.2510155482376472,0.04308377522000002,0.2079317730176472,24
DAZ,985,26,0.2457469460776472,0.03259421489999999,0.21315273117764721,23
DAZ,986,24,0.24577076807764717,0.03259421489999999,0.21317655317764717,21
DAZ,987,23,0.2344204637376472,0.07163757918000009,0.1627828845576471,20
DAZ,988,24,0.24577076807764717,0.03259421489999999,0.21317655317764717,21
DAZ,989,24,0.24577076807764717,0.03259421489999999,0.21317655317764717,21
DAZ,990,23,0.2344204637376472,0.07163757918000009,0.1627828845576471,20
DAZ,991,22,0.25859097193764724,0.07338547001999995,0.18520550191764729,19
DAZ,992,26,0.2457469460776472,0.03259421489999999,0.21315273117764721,23
DAZ,993,27,0.2510155482376472,0.04308377522000002,0.2079317730176472,24
DAZ,994,24,0.24577076807764717,0.03259421489999999,0.21317655317764717,21
DAZ,995,25,0.2426156635376472,0.038856779979999964,0.20375888355764726,22
DAZ,996,24,0.24577076807764717,0.03259421489999999,0.21317655317764717,21
DAZ,997,22,0.25859097193764724,0.07338547001999995,0.18520550191764729,19
DAZ,998,23,0.2344204637376472,0.07163757918000009,0.1627828845576471,20
DAZ,999,23,0.2344204637376472,0.07163757918000009,0.1627828845576471,20
FAM,0,28,0.1620617925756252,0.11252824480000001,0.049533547775625186,8
FAM,1,29,0.049533547775625186,0.11252824480000001,-0.06299469702437482,10
FAM,2,29,0.049533547775625186,0.11252824480000001,-0.06299469702437482,10
FAM,3,28,0.1620617925756252,0.11252824480000001,0.049533547775625186,8
FAM,4,29,0.049533547775625186,0.11252824480000001,-0.06299469702437482,10
FAM,5,29,0.049533547775625186,0.11252824480000001,-0.06299469702437482,10
FAM,6,28,0.1620617925756252,0.11252824480000001,0.049533547775625186,8
FAM,7,28,0.1620617925756252,0.11252824480000001,0.049533547775625186,8
FAM,8,28,0.1620617925756252,0.11252824480000001,0.049533547775625186,8
FAM,9,28,0.1620617925756252,0.11252824480000001,0.049533547775625186,8
FAM,10,29,0.049533547775625186,0.11252824480000001,-0.06299469702437482,10
FAM,11,29,0.049533547775625186,0.11252824480000001,-0.06299469702437482,10
FAM,12,28,0.1620617925756252,0.11252824480000001,0.049533547775625186,8
FAM,13,29,0.049533547775625186,0.11252824480000001,-0.06299469702437482,10
FAM,14,29,0.049533547775625186,0.11252824480000001,-0.06299469702437482,10
FAM,15,28,0.1620617925756252,0.11252824480000001,0.049533547775625186,8
FAM,16,29,0.049533547775625186,0.11252824480000001,-0.06299469702437482,10
FAM,17,28,0.1620617925756252,0.11252824480000001,0.049533547775625186,8
FAM,18,28,0.1620617925756252,0.11252824480000001,0.049533547775625186,8
FAM,19,28,0.1620617925756252,0.11252824480000001,0.049533547775625186,8
FAM,20,29,0.049533547775625186,0.11252824480000001,-0.06299469702437482,10
FAM,21,28,0.1620617925756252,0.11252824480000001,0.049533547775625186,8
FAM,22,28,0.1620617925756252,0.11252824480000001,0.049533547775625186,8
FAM,23,28,0.1620617925756252,0.11252824480000001,0.049533547775625186,8
FAM,24,29,0.049533547775625186,0.11252824480000001,-0.06299469702437482,10
FAM,25,29,0.049533547775625186,0.11252824480000001,-0.06299469702437482,10
FAM,26,29,0.049533547775625186,0.11252824480000001,-0.06299469702437482,10
FAM,27,28,0.1620617925756252,0.11252824480000001,0.049533547775625186,8
FAM,28,29,0.049533547775625186,0.11252824480000001,-0.06299469702437482,10
FAM,29,28,0.1620617925756252,0.11252824480000001,0.049533547775625186,8
FAM,30,29,0.049533547775625186,0.11252824480000001,-0.06299469702437482,10
FAM,31,29,0.049533547775625186,0.11252824480000001,-0.06299469702437482,10
FAM,32,29,0.049533547775625186,0.11252824480000001,-0.06299469702437482,10
FAM,33,29,0.049533547775625186,0.11252824480000001,-0.06299469702437482,10
FAM,34,28,0.1620617925756252,0.11252824480000001,0.049533547775625186,8
FAM,35,29,0.049533547775625186,0.11252824480000001,-0.06299469702437482,10
FAM,36,28,0.1620617925756252,0.11252824480000001,0.049533547775625186,8
FAM,37,28,0.1620617925756252,0.11252824480000001,0.049533547775625186,8
FAM,38,28,0.1620617925756252,0.11252824480000001,0.049533547775625186,8
FAM,39,29,0.049533547775625186,0.11252824480000001,-0.06299469702437482,10
FAM,40,29,0.049533547775625186,0.11252824480000001,-0.06299469702437482,10
FAM,41,28,0.1620617925756252,0.11252824480000001,0.049533547775625186,8
FAM,42,29,0.049533547775625186,0.11252824480000001,-0.06299469702437482,10
FAM,43,29,0.049533547775625186,0.11252824480000001,-0.06299469702437482,10
FAM,44,29,0.049533547775625186,0.11252824480000001,-0.06299469702437482,10
FAM,45,28,0.1620617925756252,0.11252824480000001,0.049533547775625186,8
FAM,46,28,0.1620617925756252,0.11252824480000001,0.049533547775625186,8
FAM,47,29,0.049533547775625186,0.11252824480000001,-0.06299469702437482,10
FAM,48,29,0.049533547775625186,0.11252824480000001,-0.06299469702437482,10
FAM,49,28,0.1620617925756252,0.11252824480000001,0.049533547775625186,8
FAM,50,28,0.1620617925756252,0.11252824480000001,0.049533547775625186,8
FAM,51,29,0.049533547775625186,0.11252824480000001,-0.06299469702437482,10
FAM,52,28,0.1620617925756252,0.11252824480000001,0.049533547775625186,8
FAM,53,29,0.049533547775625186,0.11252824480000001,-0.06299469702437482,10
FAM,54,29,0.049533547775625186,0.11252824480000001,-0.06299469702437482,10
FAM,55,29,0.049533547775625186,0.11252824480000001,-0.06299469702437482,10
FAM,56,28,0.1620617925756252,0.11252824480000001,0.049533547775625186,8
FAM,57,28,0.1620617925756252,0.11252824480000001,0.049533547775625186,8
FAM,58,29,0.049533547775625186,0.11252824480000001,-0.06299469702437482,10
FAM,59,29,0.049533547775625186,0.11252824480000001,-0.06299469702437482,10
FAM,60,28,0.1620617925756252,0.11252824480000001,0.049533547775625186,8
FAM,61,29,0.049533547775625186,0.11252824480000001,-0.06299469702437482,10
FAM,62,28,0.1620617925756252,0.11252824480000001,0.049533547775625186,8
FAM,63,28,0.1620617925756252,0.11252824480000001,0.049533547775625186,8
FAM,64,28,0.1620617925756252,0.11252824480000001,0.049533547775625186,8
FAM,65,28,0.1620617925756252,0.11252824480000001,0.049533547775625186,8
FAM,66,29,0.049533547775625186,0.11252824480000001,-0.06299469702437482,10
FAM,67,28,0.1620617925756252,0.11252824480000001,0.049533547775625186,8
FAM,68,29,0.049533547775625186,0.11252824480000001,-0.06299469702437482,10
FAM,69,29,0.049533547775625186,0.11252824480000001,-0.06299469702437482,10
FAM,70,28,0.1620617925756252,0.11252824480000001,0.049533547775625186,8
FAM,71,28,0.1620617925756252,0.11252824480000001,0.049533547775625186,8
FAM,72,29,0.049533547775625186,0.11252824480000001,-0.06299469702437482,10
FAM,73,28,0.1620617925756252,0.11252824480000001,0.049533547775625186,8
FAM,74,29,0.049533547775625186,0.11252824480000001,-0.06299469702437482,10
FAM,75,29,0.049533547775625186,0.11252824480000001,-0.06299469702437482,10
FAM,76,28,0.1620617925756252,0.11252824480000001,0.049533547775625186,8
FAM,77,28,0.1620617925756252,0.11252824480000001,0.049533547775625186,8
FAM,78,28,0.1620617925756252,0.11252824480000001,0.049533547775625186,8
FAM,79,28,0.1620617925756252,0.11252824480000001,0.049533547775625186,8
FAM,80,29,0.049533547775625186,0.11252824480000001,-0.06299469702437482,10
FAM,81,28,0.1620617925756252,0.11252824480000001,0.049533547775625186,8
FAM,82,28,0.1620617925756252,0.11252824480000001,0.049533547775625186,8
FAM,83,28,0.1620617925756252,0.11252824480000001,0.049533547775625186,8
FAM,84,29,0.049533547775625186,0.11252824480000001,-0.06299469702437482,10
FAM,85,28,0.1620617925756252,0.11252824480000001,0.049533547775625186,8
FAM,86,28,0.1620617925756252,0.11252824480000001,0.049533547775625186,8
FAM,87,29,0.049533547775625186,0.11252824480000001,-0.06299469702437482,10
FAM,88,28,0.1620617925756252,0.11252824480000001,0.049533547775625186,8
FAM,89,28,0.1620617925756252,0.11252824480000001,0.049533547775625186,8
FAM,90,28,0.1620617925756252,0.11252824480000001,0.049533547775625186,8
FAM,91,28,0.1620617925756252,0.11252824480000001,0.049533547775625186,8
FAM,92,29,0.049533547775625186,0.11252824480000001,-0.06299469702437482,10
FAM,93,28,0.1620617925756252,0.11252824480000001,0.049533547775625186,8
FAM,94,28,0.1620617925756252,0.11252824480000001,0.049533547775625186,8
FAM,95,28,0.1620617925756252,0.11252824480000001,0.049533547775625186,8
FAM,96,28,0.1620617925756252,0.11252824480000001,0.049533547775625186,8
FAM,97,28,0.1620617925756252,0.11252824480000001,0.049533547775625186,8
FAM,98,28,0.1620617925756252,0.11252824480000001,0.049533547775625186,8
FAM,99,29,0.049533547775625186,0.11252824480000001,-0.06299469702437482,10
FAM,100,29,0.049533547775625186,0.11252824480000001,-0.06299469702437482,10
FAM,101,28,0.1620617925756252,0.11252824480000001,0.049533547775625186,8
FAM,102,28,0.1620617925756252,0.11252824480000001,0.049533547775625186,8
FAM,103,29,0.049533547775625186,0.11252824480000001,-0.06299469702437482,10
FAM,104,29,0.049533547775625186,0.11252824480000001,-0.06299469702437482,10
FAM,105,29,0.049533547775625186,0.11252824480000001,-0.06299469702437482,10
FAM,106,29,0.049533547775625186,0.11252824480000001,-0.06299469702437482,10
FAM,107,29,0.049533547775625186,0.11252824480000001,-0.06299469702437482,10
FAM,108,29,0.049533547775625186,0.11252824480000001,-0.06299469702437482,10
FAM,109,28,0.1620617925756252,0.11252824480000001,0.049533547775625186,8
FAM,110,28,0.1620617925756252,0.11252824480000001,0.049533547775625186,8
FAM,111,28,0.1620617925756252,0.11252824480000001,0.049533547775625186,8
FAM,112,28,0.1620617925756252,0.11252824480000001,0.049533547775625186,8
FAM,113,28,0.1620617925756252,0.11252824480000001,0.049533547775625186,8
FAM,114,28,0.1620617925756252,0.11252824480000001,0.049533547775625186,8
FAM,115,28,0.1620617925756252,0.11252824480000001,0.049533547775625186,8
FAM,116,28,0.1620617925756252,0.11252824480000001,0.049533547775625186,8
FAM,117,29,0.049533547775625186,0.11252824480000001,-0.06299469702437482,10
FAM,118,28,0.1620617925756252,0.11252824480000001,0.049533547775625186,8
FAM,119,28,0.1620617925756252,0.11252824480000001,0.049533547775625186,8
FAM,120,29,0.049533547775625186,0.11252824480000001,-0.06299469702437482,10
FAM,121,28,0.1620617925756252,0.11252824480000001,0.049533547775625186,8
FAM,122,28,0.1620617925756252,0.11252824480000001,0.049533547775625186,8
FAM,123,28,0.1620617925756252,0.11252824480000001,0.049533547775625186,8
FAM,124,29,0.049533547775625186,0.11252824480000001,-0.06299469702437482,10
FAM,125,28,0.1620617925756252,0.11252824480000001,0.049533547775625186,8
FAM,126,28,0.1620617925756252,0.11252824480000001,0.049533547775625186,8
FAM,127,29,0.049533547775625186,0.11252824480000001,-0.06299469702437482,10
FAM,128,28,0.1620617925756252,0.11252824480000001,0.049533547775625186,8
FAM,129,28,0.1620617925756252,0.11252824480000001,0.049533547775625186,8
FAM,130,28,0.1620617925756252,0.11252824480000001,0.049533547775625186,8
FAM,131,29,0.049533547775625186,0.11252824480000001,-0.06299469702437482,10
FAM,132,29,0.049533547775625186,0.11252824480000001,-0.06299469702437482,10
FAM,133,28,0.1620617925756252,0.11252824480000001,0.049533547775625186,8
FAM,134,29,0.049533547775625186,0.11252824480000001,-0.06299469702437482,10
FAM,135,29,0.049533547775625186,0.11252824480000001,-0.06299469702437482,10
FAM,136,29,0.049533547775625186,0.11252824480000001,-0.06299469702437482,10
FAM,137,28,0.1620617925756252,0.11252824480000001,0.049533547775625186,8
FAM,138,28,0.1620617925756252,0.11252824480000001,0.049533547775625186,8
FAM,139,28,0.1620617925756252,0.11252824480000001,0.049533547775625186,8
FAM,140,28,0.1620617925756252,0.11252824480000001,0.049533547775625186,8
FAM,141,29,0.049533547775625186,0.11252824480000001,-0.06299469702437482,10
FAM,142,29,0.049533547775625186,0.11252824480000001,-0.06299469702437482,10
FAM,143,28,0.1620617925756252,0.11252824480000001,0.049533547775625186,8
FAM,144,29,0.049533547775625186,0.11252824480000001,-0.06299469702437482,10
FAM,145,28,0.1620617925756252,0.11252824480000001,0.049533547775625186,8
FAM,146,29,0.049533547775625186,0.11252824480000001,-0.06299469702437482,10
FAM,147,29,0.049533547775625186,0.11252824480000001,-0.06299469702437482,10
FAM,148,29,0.049533547775625186,0.11252824480000001,-0.06299469702437482,10
FAM,149,29,0.049533547775625186,0.11252824480000001,-0.06299469702437482,10
FAM,150,28,0.1620617925756252,0.11252824480000001,0.049533547775625186,8
FAM,151,28,0.1620617925756252,0.11252824480000001,0.049533547775625186,8
FAM,152,28,0.1620617925756252,0.11252824480000001,0.049533547775625186,8
FAM,153,28,0.1620617925756252,0.11252824480000001,0.049533547775625186,8
FAM,154,29,0.049533547775625186,0.11252824480000001,-0.06299469702437482,10
FAM,155,28,0.1620617925756252,0.11252824480000001,0.049533547775625186,8
FAM,156,28,0.1620617925756252,0.11252824480000001,0.049533547775625186,8
FAM,157,28,0.1620617925756252,0.11252824480000001,0.049533547775625186,8
FAM,158,29,0.049533547775625186,0.11252824480000001,-0.06299469702437482,10
FAM,159,29,0.049533547775625186,0.11252824480000001,-0.06299469702437482,10
FAM,160,28,0.1620617925756252,0.11252824480000001,0.049533547775625186,8
FAM,161,29,0.049533547775625186,0.11252824480000001,-0.06299469702437482,10
FAM,162,29,0.049533547775625186,0.11252824480000001,-0.06299469702437482,10
FAM,163,29,0.049533547775625186,0.11252824480000001,-0.06299469702437482,10
FAM,164,29,0.049533547775625186,0.11252824480000001,-0.06299469702437482,10
FAM,165,28,0.1620617925756252,0.11252824480000001,0.049533547775625186,8
FAM,166,29,0.049533547775625186,0.11252824480000001,-0.06299469702437482,10
FAM,167,29,0.049533547775625186,0.11252824480000001,-0.06299469702437482,10
FAM,168,29,0.049533547775625186,0.11252824480000001,-0.06299469702437482,10
FAM,169,28,0.1620617925756252,0.11252824480000001,0.049533547775625186,8
FAM,170,29,0.049533547775625186,0.11252824480000001,-0.06299469702437482,10
FAM,171,29,0.049533547775625186,0.11252824480000001,-0.06299469702437482,10
FAM,172,28,0.1620617925756252,0.11252824480000001,0.049533547775625186,8
FAM,173,28,0.1620617925756252,0.11252824480000001,0.049533547775625186,8
FAM,174,28,0.1620617925756252,0.11252824480000001,0.049533547775625186,8
FAM,175,28,0.1620617925756252,0.11252824480000001,0.049533547775625186,8
FAM,176,29,0.049533547775625186,0.11252824480000001,-0.06299469702437482,10
FAM,177,29,0.049533547775625186,0.11252824480000001,-0.06299469702437482,10
FAM,178,29,0.049533547775625186,0.11252824480000001,-0.06299469702437482,10
FAM,179,28,0.1620617925756252,0.11252824480000001,0.049533547775625186,8
FAM,180,28,0.1620617925756252,0.11252824480000001,0.049533547775625186,8
FAM,181,29,0.049533547775625186,0.11252824480000001,-0.06299469702437482,10
FAM,182,29,0.049533547775625186,0.11252824480000001,-0.06299469702437482,10
FAM,183,28,0.1620617925756252,0.11252824480000001,0.049533547775625186,8
FAM,184,28,0.1620617925756252,0.11252824480000001,0.049533547775625186,8
FAM,185,28,0.1620617925756252,0.11252824480000001,0.049533547775625186,8
FAM,186,29,0.049533547775625186,0.11252824480000001,-0.06299469702437482,10
FAM,187,29,0.049533547775625186,0.11252824480000001,-0.06299469702437482,10
FAM,188,29,0.049533547775625186,0.11252824480000001,-0.06299469702437482,10
FAM,189,28,0.1620617925756252,0.11252824480000001,0.049533547775625186,8
FAM,190,28,0.1620617925756252,0.11252824480000001,0.049533547775625186,8
FAM,191,28,0.1620617925756252,0.11252824480000001,0.049533547775625186,8
FAM,192,29,0.049533547775625186,0.11252824480000001,-0.06299469702437482,10
FAM,193,29,0.049533547775625186,0.11252824480000001,-0.06299469702437482,10
FAM,194,28,0.1620617925756252,0.11252824480000001,0.049533547775625186,8
FAM,195,28,0.1620617925756252,0.11252824480000001,0.049533547775625186,8
FAM,196,28,0.1620617925756252,0.11252824480000001,0.049533547775625186,8
FAM,197,29,0.049533547775625186,0.11252824480000001,-0.06299469702437482,10
FAM,198,28,0.1620617925756252,0.11252824480000001,0.049533547775625186,8
FAM,199,28,0.1620617925756252,0.11252824480000001,0.049533547775625186,8
FAM,200,29,0.049533547775625186,0.11252824480000001,-0.06299469702437482,10
FAM,201,28,0.1620617925756252,0.11252824480000001,0.049533547775625186,8
FAM,202,29,0.049533547775625186,0.11252824480000001,-0.06299469702437482,10
FAM,203,28,0.1620617925756252,0.11252824480000001,0.049533547775625186,8
FAM,204,28,0.1620617925756252,0.11252824480000001,0.049533547775625186,8
FAM,205,29,0.049533547775625186,0.11252824480000001,-0.06299469702437482,10
FAM,206,29,0.049533547775625186,0.11252824480000001,-0.06299469702437482,10
FAM,207,28,0.1620617925756252,0.11252824480000001,0.049533547775625186,8
FAM,208,29,0.049533547775625186,0.11252824480000001,-0.06299469702437482,10
FAM,209,28,0.1620617925756252,0.11252824480000001,0.049533547775625186,8
FAM,210,28,0.1620617925756252,0.11252824480000001,0.049533547775625186,8
FAM,211,28,0.1620617925756252,0.11252824480000001,0.049533547775625186,8
FAM,212,28,0.1620617925756252,0.11252824480000001,0.049533547775625186,8
FAM,213,28,0.1620617925756252,0.11252824480000001,0.049533547775625186,8
FAM,214,29,0.049533547775625186,0.11252824480000001,-0.06299469702437482,10
FAM,215,28,0.1620617925756252,0.11252824480000001,0.049533547775625186,8
FAM,216,28,0.1620617925756252,0.11252824480000001,0.049533547775625186,8
FAM,217,28,0.1620617925756252,0.11252824480000001,0.049533547775625186,8
FAM,218,28,0.1620617925756252,0.11252824480000001,0.049533547775625186,8
FAM,219,29,0.049533547775625186,0.11252824480000001,-0.06299469702437482,10
FAM,220,29,0.049533547775625186,0.11252824480000001,-0.06299469702437482,10
FAM,221,29,0.049533547775625186,0.11252824480000001,-0.06299469702437482,10
FAM,222,29,0.049533547775625186,0.11252824480000001,-0.06299469702437482,10
FAM,223,28,0.1620617925756252,0.11252824480000001,0.049533547775625186,8
FAM,224,28,0.1620617925756252,0.11252824480000001,0.049533547775625186,8
FAM,225,29,0.049533547775625186,0.11252824480000001,-0.06299469702437482,10
FAM,226,28,0.1620617925756252,0.11252824480000001,0.049533547775625186,8
FAM,227,29,0.049533547775625186,0.11252824480000001,-0.06299469702437482,10
FAM,228,28,0.1620617925756252,0.11252824480000001,0.049533547775625186,8
FAM,229,28,0.1620617925756252,0.11252824480000001,0.049533547775625186,8
FAM,230,28,0.1620617925756252,0.11252824480000001,0.049533547775625186,8
FAM,231,29,0.049533547775625186,0.11252824480000001,-0.06299469702437482,10
FAM,232,29,0.049533547775625186,0.11252824480000001,-0.06299469702437482,10
FAM,233,28,0.1620617925756252,0.11252824480000001,0.049533547775625186,8
FAM,234,29,0.049533547775625186,0.11252824480000001,-0.06299469702437482,10
FAM,235,29,0.049533547775625186,0.11252824480000001,-0.06299469702437482,10
FAM,236,28,0.1620617925756252,0.11252824480000001,0.049533547775625186,8
FAM,237,28,0.1620617925756252,0.11252824480000001,0.049533547775625186,8
FAM,238,29,0.049533547775625186,0.11252824480000001,-0.06299469702437482,10
FAM,239,29,0.049533547775625186,0.11252824480000001,-0.06299469702437482,10
FAM,240,28,0.1620617925756252,0.11252824480000001,0.049533547775625186,8
FAM,241,28,0.1620617925756252,0.11252824480000001,0.049533547775625186,8
FAM,242,29,0.049533547775625186,0.11252824480000001,-0.06299469702437482,10
FAM,243,29,0.049533547775625186,0.11252824480000001,-0.06299469702437482,10
FAM,244,28,0.1620617925756252,0.11252824480000001,0.049533547775625186,8
FAM,245,28,0.1620617925756252,0.11252824480000001,0.049533547775625186,8
FAM,246,28,0.1620617925756252,0.11252824480000001,0.049533547775625186,8
FAM,247,29,0.049533547775625186,0.11252824480000001,-0.06299469702437482,10
FAM,248,28,0.1620617925756252,0.11252824480000001,0.049533547775625186,8
FAM,249,28,0.1620617925756252,0.11252824480000001,0.049533547775625186,8
FAM,250,28,0.1620617925756252,0.11252824480000001,0.049533547775625186,8
FAM,251,29,0.049533547775625186,0.11252824480000001,-0.06299469702437482,10
FAM,252,29,0.049533547775625186,0.11252824480000001,-0.06299469702437482,10
FAM,253,28,0.1620617925756252,0.11252824480000001,0.049533547775625186,8
FAM,254,29,0.049533547775625186,0.11252824480000001,-0.06299469702437482,10
FAM,255,28,0.1620617925756252,0.11252824480000001,0.049533547775625186,8
FAM,256,29,0.049533547775625186,0.11252824480000001,-0.06299469702437482,10
FAM,257,29,0.049533547775625186,0.11252824480000001,-0.06299469702437482,10
FAM,258,29,0.049533547775625186,0.11252824480000001,-0.06299469702437482,10
FAM,259,29,0.049533547775625186,0.11252824480000001,-0.06299469702437482,10
FAM,260,28,0.1620617925756252,0.11252824480000001,0.049533547775625186,8
FAM,261,28,0.1620617925756252,0.11252824480000001,0.049533547775625186,8
FAM,262,29,0.049533547775625186,0.11252824480000001,-0.06299469702437482,10
FAM,263,29,0.049533547775625186,0.11252824480000001,-0.06299469702437482,10
FAM,264,29,0.049533547775625186,0.11252824480000001,-0.06299469702437482,10
FAM,265,28,0.1620617925756252,0.11252824480000001,0.049533547775625186,8
FAM,266,29,0.049533547775625186,0.11252824480000001,-0.06299469702437482,10
FAM,267,28,0.1620617925756252,0.11252824480000001,0.049533547775625186,8
FAM,268,29,0.049533547775625186,0.11252824480000001,-0.06299469702437482,10
FAM,269,28,0.1620617925756252,0.11252824480000001,0.049533547775625186,8
FAM,270,28,0.1620617925756252,0.11252824480000001,0.049533547775625186,8
FAM,271,28,0.1620617925756252,0.11252824480000001,0.049533547775625186,8
FAM,272,29,0.049533547775625186,0.11252824480000001,-0.06299469702437482,10
FAM,273,29,0.049533547775625186,0.11252824480000001,-0.06299469702437482,10
FAM,274,28,0.1620617925756252,0.11252824480000001,0.049533547775625186,8
FAM,275,28,0.1620617925756252,0.11252824480000001,0.049533547775625186,8
FAM,276,29,0.049533547775625186,0.11252824480000001,-0.06299469702437482,10
FAM,277,29,0.049533547775625186,0.11252824480000001,-0.06299469702437482,10
FAM,278,29,0.049533547775625186,0.11252824480000001,-0.06299469702437482,10
FAM,279,29,0.049533547775625186,0.11252824480000001,-0.06299469702437482,10
FAM,280,28,0.1620617925756252,0.11252824480000001,0.049533547775625186,8
FAM,281,29,0.049533547775625186,0.11252824480000001,-0.06299469702437482,10
FAM,282,29,0.049533547775625186,0.11252824480000001,-0.06299469702437482,10
FAM,283,29,0.049533547775625186,0.11252824480000001,-0.06299469702437482,10
FAM,284,28,0.1620617925756252,0.11252824480000001,0.049533547775625186,8
FAM,285,28,0.1620617925756252,0.11252824480000001,0.049533547775625186,8
FAM,286,28,0.1620617925756252,0.11252824480000001,0.049533547775625186,8
FAM,287,29,0.049533547775625186,0.11252824480000001,-0.06299469702437482,10
FAM,288,29,0.049533547775625186,0.11252824480000001,-0.06299469702437482,10
FAM,289,29,0.049533547775625186,0.11252824480000001,-0.06299469702437482,10
FAM,290,29,0.049533547775625186,0.11252824480000001,-0.06299469702437482,10
FAM,291,28,0.1620617925756252,0.11252824480000001,0.049533547775625186,8
FAM,292,29,0.049533547775625186,0.11252824480000001,-0.06299469702437482,10
FAM,293,28,0.1620617925756252,0.11252824480000001,0.049533547775625186,8
FAM,294,29,0.049533547775625186,0.11252824480000001,-0.06299469702437482,10
FAM,295,29,0.049533547775625186,0.11252824480000001,-0.06299469702437482,10
FAM,296,29,0.049533547775625186,0.11252824480000001,-0.06299469702437482,10
FAM,297,29,0.049533547775625186,0.11252824480000001,-0.06299469702437482,10
FAM,298,29,0.049533547775625186,0.11252824480000001,-0.06299469702437482,10
FAM,299,28,0.1620617925756252,0.11252824480000001,0.049533547775625186,8
FAM,300,28,0.1620617925756252,0.11252824480000001,0.049533547775625186,8
FAM,301,29,0.049533547775625186,0.11252824480000001,-0.06299469702437482,10
FAM,302,28,0.1620617925756252,0.11252824480000001,0.049533547775625186,8
FAM,303,28,0.1620617925756252,0.11252824480000001,0.049533547775625186,8
FAM,304,28,0.1620617925756252,0.11252824480000001,0.049533547775625186,8
FAM,305,28,0.1620617925756252,0.11252824480000001,0.049533547775625186,8
FAM,306,28,0.1620617925756252,0.11252824480000001,0.049533547775625186,8
FAM,307,28,0.1620617925756252,0.11252824480000001,0.049533547775625186,8
FAM,308,29,0.049533547775625186,0.11252824480000001,-0.06299469702437482,10
FAM,309,29,0.049533547775625186,0.11252824480000001,-0.06299469702437482,10
FAM,310,29,0.049533547775625186,0.11252824480000001,-0.06299469702437482,10
FAM,311,29,0.049533547775625186,0.11252824480000001,-0.06299469702437482,10
FAM,312,28,0.1620617925756252,0.11252824480000001,0.049533547775625186,8
FAM,313,29,0.049533547775625186,0.11252824480000001,-0.06299469702437482,10
FAM,314,28,0.1620617925756252,0.11252824480000001,0.049533547775625186,8
FAM,315,28,0.1620617925756252,0.11252824480000001,0.049533547775625186,8
FAM,316,28,0.1620617925756252,0.11252824480000001,0.049533547775625186,8
FAM,317,29,0.049533547775625186,0.11252824480000001,-0.06299469702437482,10
FAM,318,28,0.1620617925756252,0.11252824480000001,0.049533547775625186,8
FAM,319,28,0.1620617925756252,0.11252824480000001,0.049533547775625186,8
FAM,320,29,0.049533547775625186,0.11252824480000001,-0.06299469702437482,10
FAM,321,29,0.049533547775625186,0.11252824480000001,-0.06299469702437482,10
FAM,322,28,0.1620617925756252,0.11252824480000001,0.049533547775625186,8
FAM,323,28,0.1620617925756252,0.11252824480000001,0.049533547775625186,8
FAM,324,28,0.1620617925756252,0.11252824480000001,0.049533547775625186,8
FAM,325,29,0.049533547775625186,0.11252824480000001,-0.06299469702437482,10
FAM,326,28,0.1620617925756252,0.11252824480000001,0.049533547775625186,8
FAM,327,28,0.1620617925756252,0.11252824480000001,0.049533547775625186,8
FAM,328,29,0.049533547775625186,0.11252824480000001,-0.06299469702437482,10
FAM,329,28,0.1620617925756252,0.11252824480000001,0.049533547775625186,8
FAM,330,28,0.1620617925756252,0.11252824480000001,0.049533547775625186,8
FAM,331,28,0.1620617925756252,0.11252824480000001,0.049533547775625186,8
FAM,332,29,0.049533547775625186,0.11252824480000001,-0.06299469702437482,10
FAM,333,28,0.1620617925756252,0.11252824480000001,0.049533547775625186,8
FAM,334,29,0.049533547775625186,0.11252824480000001,-0.06299469702437482,10
FAM,335,28,0.1620617925756252,0.11252824480000001,0.049533547775625186,8
FAM,336,28,0.1620617925756252,0.11252824480000001,0.049533547775625186,8
FAM,337,29,0.049533547775625186,0.11252824480000001,-0.06299469702437482,10
FAM,338,29,0.049533547775625186,0.11252824480000001,-0.06299469702437482,10
FAM,339,28,0.1620617925756252,0.11252824480000001,0.049533547775625186,8
FAM,340,28,0.1620617925756252,0.11252824480000001,0.049533547775625186,8
FAM,341,29,0.049533547775625186,0.11252824480000001,-0.06299469702437482,10
FAM,342,29,0.049533547775625186,0.11252824480000001,-0.06299469702437482,10
FAM,343,29,0.049533547775625186,0.11252824480000001,-0.06299469702437482,10
FAM,344,28,0.1620617925756252,0.11252824480000001,0.049533547775625186,8
FAM,345,28,0.1620617925756252,0.11252824480000001,0.049533547775625186,8
FAM,346,29,0.049533547775625186,0.11252824480000001,-0.06299469702437482,10
FAM,347,28,0.1620617925756252,0.11252824480000001,0.049533547775625186,8
FAM,348,28,0.1620617925756252,0.11252824480000001,0.049533547775625186,8
FAM,349,29,0.049533547775625186,0.11252824480000001,-0.06299469702437482,10
FAM,350,28,0.1620617925756252,0.11252824480000001,0.049533547775625186,8
FAM,351,29,0.049533547775625186,0.11252824480000001,-0.06299469702437482,10
FAM,352,28,0.1620617925756252,0.11252824480000001,0.049533547775625186,8
FAM,353,29,0.049533547775625186,0.11252824480000001,-0.06299469702437482,10
FAM,354,29,0.049533547775625186,0.11252824480000001,-0.06299469702437482,10
FAM,355,28,0.1620617925756252,0.11252824480000001,0.049533547775625186,8
FAM,356,28,0.1620617925756252,0.11252824480000001,0.049533547775625186,8
FAM,357,29,0.049533547775625186,0.11252824480000001,-0.06299469702437482,10
FAM,358,29,0.049533547775625186,0.11252824480000001,-0.06299469702437482,10
FAM,359,29,0.049533547775625186,0.11252824480000001,-0.06299469702437482,10
FAM,360,28,0.1620617925756252,0.11252824480000001,0.049533547775625186,8
FAM,361,28,0.1620617925756252,0.11252824480000001,0.049533547775625186,8
FAM,362,29,0.049533547775625186,0.11252824480000001,-0.06299469702437482,10
FAM,363,29,0.049533547775625186,0.11252824480000001,-0.06299469702437482,10
FAM,364,28,0.1620617925756252,0.11252824480000001,0.049533547775625186,8
FAM,365,28,0.1620617925756252,0.11252824480000001,0.049533547775625186,8
FAM,366,28,0.1620617925756252,0.11252824480000001,0.049533547775625186,8
FAM,367,29,0.049533547775625186,0.11252824480000001,-0.06299469702437482,10
FAM,368,28,0.1620617925756252,0.11252824480000001,0.049533547775625186,8
FAM,369,28,0.1620617925756252,0.11252824480000001,0.049533547775625186,8
FAM,370,28,0.1620617925756252,0.11252824480000001,0.049533547775625186,8
FAM,371,29,0.049533547775625186,0.11252824480000001,-0.06299469702437482,10
FAM,372,28,0.1620617925756252,0.11252824480000001,0.049533547775625186,8
FAM,373,29,0.049533547775625186,0.11252824480000001,-0.06299469702437482,10
FAM,374,29,0.049533547775625186,0.11252824480000001,-0.06299469702437482,10
FAM,375,29,0.049533547775625186,0.11252824480000001,-0.06299469702437482,10
FAM,376,29,0.049533547775625186,0.11252824480000001,-0.06299469702437482,10
FAM,377,28,0.1620617925756252,0.11252824480000001,0.049533547775625186,8
FAM,378,29,0.049533547775625186,0.11252824480000001,-0.06299469702437482,10
FAM,379,28,0.1620617925756252,0.11252824480000001,0.049533547775625186,8
FAM,380,28,0.1620617925756252,0.11252824480000001,0.049533547775625186,8
FAM,381,29,0.049533547775625186,0.11252824480000001,-0.06299469702437482,10
FAM,382,28,0.1620617925756252,0.11252824480000001,0.049533547775625186,8
FAM,383,28,0.1620617925756252,0.11252824480000001,0.049533547775625186,8
FAM,384,28,0.1620617925756252,0.11252824480000001,0.049533547775625186,8
FAM,385,29,0.049533547775625186,0.11252824480000001,-0.06299469702437482,10
FAM,386,28,0.1620617925756252,0.11252824480000001,0.049533547775625186,8
FAM,387,29,0.049533547775625186,0.11252824480000001,-0.06299469702437482,10
FAM,388,28,0.1620617925756252,0.11252824480000001,0.049533547775625186,8
FAM,389,28,0.1620617925756252,0.11252824480000001,0.049533547775625186,8
FAM,390,28,0.1620617925756252,0.11252824480000001,0.049533547775625186,8
FAM,391,29,0.049533547775625186,0.11252824480000001,-0.06299469702437482,10
FAM,392,29,0.049533547775625186,0.11252824480000001,-0.06299469702437482,10
FAM,393,28,0.1620617925756252,0.11252824480000001,0.049533547775625186,8
FAM,394,29,0.049533547775625186,0.11252824480000001,-0.06299469702437482,10
FAM,395,28,0.1620617925756252,0.11252824480000001,0.049533547775625186,8
FAM,396,28,0.1620617925756252,0.11252824480000001,0.049533547775625186,8
FAM,397,29,0.049533547775625186,0.11252824480000001,-0.06299469702437482,10
FAM,398,28,0.1620617925756252,0.11252824480000001,0.049533547775625186,8
FAM,399,29,0.049533547775625186,0.11252824480000001,-0.06299469702437482,10
FAM,400,28,0.1620617925756252,0.11252824480000001,0.049533547775625186,8
FAM,401,28,0.1620617925756252,0.11252824480000001,0.049533547775625186,8
FAM,402,28,0.1620617925756252,0.11252824480000001,0.049533547775625186,8
FAM,403,28,0.1620617925756252,0.11252824480000001,0.049533547775625186,8
FAM,404,29,0.049533547775625186,0.11252824480000001,-0.06299469702437482,10
FAM,405,29,0.049533547775625186,0.11252824480000001,-0.06299469702437482,10
FAM,406,28,0.1620617925756252,0.11252824480000001,0.049533547775625186,8
FAM,407,28,0.1620617925756252,0.11252824480000001,0.049533547775625186,8
FAM,408,29,0.049533547775625186,0.11252824480000001,-0.06299469702437482,10
FAM,409,28,0.1620617925756252,0.11252824480000001,0.049533547775625186,8
FAM,410,28,0.1620617925756252,0.11252824480000001,0.049533547775625186,8
FAM,411,29,0.049533547775625186,0.11252824480000001,-0.06299469702437482,10
FAM,412,29,0.049533547775625186,0.11252824480000001,-0.06299469702437482,10
FAM,413,29,0.049533547775625186,0.11252824480000001,-0.06299469702437482,10
FAM,414,29,0.049533547775625186,0.11252824480000001,-0.06299469702437482,10
FAM,415,29,0.049533547775625186,0.11252824480000001,-0.06299469702437482,10
FAM,416,28,0.1620617925756252,0.11252824480000001,0.049533547775625186,8
FAM,417,28,0.1620617925756252,0.11252824480000001,0.049533547775625186,8
FAM,418,28,0.1620617925756252,0.11252824480000001,0.049533547775625186,8
FAM,419,29,0.049533547775625186,0.11252824480000001,-0.06299469702437482,10
FAM,420,29,0.049533547775625186,0.11252824480000001,-0.06299469702437482,10
FAM,421,28,0.1620617925756252,0.11252824480000001,0.049533547775625186,8
FAM,422,29,0.049533547775625186,0.11252824480000001,-0.06299469702437482,10
FAM,423,29,0.049533547775625186,0.11252824480000001,-0.06299469702437482,10
FAM,424,28,0.1620617925756252,0.11252824480000001,0.049533547775625186,8
FAM,425,29,0.049533547775625186,0.11252824480000001,-0.06299469702437482,10
FAM,426,28,0.1620617925756252,0.11252824480000001,0.049533547775625186,8
FAM,427,28,0.1620617925756252,0.11252824480000001,0.049533547775625186,8
FAM,428,28,0.1620617925756252,0.11252824480000001,0.049533547775625186,8
FAM,429,29,0.049533547775625186,0.11252824480000001,-0.06299469702437482,10
FAM,430,28,0.1620617925756252,0.11252824480000001,0.049533547775625186,8
FAM,431,29,0.049533547775625186,0.11252824480000001,-0.06299469702437482,10
FAM,432,29,0.049533547775625186,0.11252824480000001,-0.06299469702437482,10
FAM,433,29,0.049533547775625186,0.11252824480000001,-0.06299469702437482,10
FAM,434,29,0.049533547775625186,0.11252824480000001,-0.06299469702437482,10
FAM,435,28,0.1620617925756252,0.11252824480000001,0.049533547775625186,8
FAM,436,28,0.1620617925756252,0.11252824480000001,0.049533547775625186,8
FAM,437,28,0.1620617925756252,0.11252824480000001,0.049533547775625186,8
FAM,438,28,0.1620617925756252,0.11252824480000001,0.049533547775625186,8
FAM,439,28,0.1620617925756252,0.11252824480000001,0.049533547775625186,8
FAM,440,29,0.049533547775625186,0.11252824480000001,-0.06299469702437482,10
FAM,441,29,0.049533547775625186,0.11252824480000001,-0.06299469702437482,10
FAM,442,29,0.049533547775625186,0.11252824480000001,-0.06299469702437482,10
FAM,443,28,0.1620617925756252,0.11252824480000001,0.049533547775625186,8
FAM,444,28,0.1620617925756252,0.11252824480000001,0.049533547775625186,8
FAM,445,28,0.1620617925756252,0.11252824480000001,0.049533547775625186,8
FAM,446,28,0.1620617925756252,0.11252824480000001,0.049533547775625186,8
FAM,447,29,0.049533547775625186,0.11252824480000001,-0.06299469702437482,10
FAM,448,29,0.049533547775625186,0.11252824480000001,-0.06299469702437482,10
FAM,449,29,0.049533547775625186,0.11252824480000001,-0.06299469702437482,10
FAM,450,28,0.1620617925756252,0.11252824480000001,0.049533547775625186,8
FAM,451,28,0.1620617925756252,0.11252824480000001,0.049533547775625186,8
FAM,452,28,0.1620617925756252,0.11252824480000001,0.049533547775625186,8
FAM,453,28,0.1620617925756252,0.11252824480000001,0.049533547775625186,8
FAM,454,29,0.049533547775625186,0.11252824480000001,-0.06299469702437482,10
FAM,455,28,0.1620617925756252,0.11252824480000001,0.049533547775625186,8
FAM,456,28,0.1620617925756252,0.11252824480000001,0.049533547775625186,8
FAM,457,28,0.1620617925756252,0.11252824480000001,0.049533547775625186,8
FAM,458,28,0.1620617925756252,0.11252824480000001,0.049533547775625186,8
FAM,459,29,0.049533547775625186,0.11252824480000001,-0.06299469702437482,10
FAM,460,28,0.1620617925756252,0.11252824480000001,0.049533547775625186,8
FAM,461,28,0.1620617925756252,0.11252824480000001,0.049533547775625186,8
FAM,462,28,0.1620617925756252,0.11252824480000001,0.049533547775625186,8
FAM,463,28,0.1620617925756252,0.11252824480000001,0.049533547775625186,8
FAM,464,29,0.049533547775625186,0.11252824480000001,-0.06299469702437482,10
FAM,465,28,0.1620617925756252,0.11252824480000001,0.049533547775625186,8
FAM,466,29,0.049533547775625186,0.11252824480000001,-0.06299469702437482,10
FAM,467,28,0.1620617925756252,0.11252824480000001,0.049533547775625186,8
FAM,468,28,0.1620617925756252,0.11252824480000001,0.049533547775625186,8
FAM,469,28,0.1620617925756252,0.11252824480000001,0.049533547775625186,8
FAM,470,29,0.049533547775625186,0.11252824480000001,-0.06299469702437482,10
FAM,471,28,0.1620617925756252,0.11252824480000001,0.049533547775625186,8
FAM,472,28,0.1620617925756252,0.11252824480000001,0.049533547775625186,8
FAM,473,29,0.049533547775625186,0.11252824480000001,-0.06299469702437482,10
FAM,474,29,0.049533547775625186,0.11252824480000001,-0.06299469702437482,10
FAM,475,29,0.049533547775625186,0.11252824480000001,-0.06299469702437482,10
FAM,476,29,0.049533547775625186,0.11252824480000001,-0.06299469702437482,10
FAM,477,28,0.1620617925756252,0.11252824480000001,0.049533547775625186,8
FAM,478,29,0.049533547775625186,0.11252824480000001,-0.06299469702437482,10
FAM,479,28,0.1620617925756252,0.11252824480000001,0.049533547775625186,8
FAM,480,28,0.1620617925756252,0.11252824480000001,0.049533547775625186,8
FAM,481,28,0.1620617925756252,0.11252824480000001,0.049533547775625186,8
FAM,482,29,0.049533547775625186,0.11252824480000001,-0.06299469702437482,10
FAM,483,29,0.049533547775625186,0.11252824480000001,-0.06299469702437482,10
FAM,484,29,0.049533547775625186,0.11252824480000001,-0.06299469702437482,10
FAM,485,29,0.049533547775625186,0.11252824480000001,-0.06299469702437482,10
FAM,486,28,0.1620617925756252,0.11252824480000001,0.049533547775625186,8
FAM,487,29,0.049533547775625186,0.11252824480000001,-0.06299469702437482,10
FAM,488,28,0.1620617925756252,0.11252824480000001,0.049533547775625186,8
FAM,489,28,0.1620617925756252,0.11252824480000001,0.049533547775625186,8
FAM,490,29,0.049533547775625186,0.11252824480000001,-0.06299469702437482,10
FAM,491,29,0.049533547775625186,0.11252824480000001,-0.06299469702437482,10
FAM,492,29,0.049533547775625186,0.11252824480000001,-0.06299469702437482,10
FAM,493,28,0.1620617925756252,0.11252824480000001,0.049533547775625186,8
FAM,494,28,0.1620617925756252,0.11252824480000001,0.049533547775625186,8
FAM,495,28,0.1620617925756252,0.11252824480000001,0.049533547775625186,8
FAM,496,29,0.049533547775625186,0.11252824480000001,-0.06299469702437482,10
FAM,497,28,0.1620617925756252,0.11252824480000001,0.049533547775625186,8
FAM,498,28,0.1620617925756252,0.11252824480000001,0.049533547775625186,8
FAM,499,29,0.049533547775625186,0.11252824480000001,-0.06299469702437482,10
FAM,500,29,0.049533547775625186,0.11252824480000001,-0.06299469702437482,10
FAM,501,28,0.1620617925756252,0.11252824480000001,0.049533547775625186,8
FAM,502,29,0.049533547775625186,0.11252824480000001,-0.06299469702437482,10
FAM,503,28,0.1620617925756252,0.11252824480000001,0.049533547775625186,8
FAM,504,28,0.1620617925756252,0.11252824480000001,0.049533547775625186,8
FAM,505,29,0.049533547775625186,0.11252824480000001,-0.06299469702437482,10
FAM,506,28,0.1620617925756252,0.11252824480000001,0.049533547775625186,8
FAM,507,28,0.1620617925756252,0.11252824480000001,0.049533547775625186,8
FAM,508,28,0.1620617925756252,0.11252824480000001,0.049533547775625186,8
FAM,509,28,0.1620617925756252,0.11252824480000001,0.049533547775625186,8
FAM,510,29,0.049533547775625186,0.11252824480000001,-0.06299469702437482,10
FAM,511,29,0.049533547775625186,0.11252824480000001,-0.06299469702437482,10
FAM,512,28,0.1620617925756252,0.11252824480000001,0.049533547775625186,8
FAM,513,28,0.1620617925756252,0.11252824480000001,0.049533547775625186,8
FAM,514,29,0.049533547775625186,0.11252824480000001,-0.06299469702437482,10
FAM,515,29,0.049533547775625186,0.11252824480000001,-0.06299469702437482,10
FAM,516,29,0.049533547775625186,0.11252824480000001,-0.06299469702437482,10
FAM,517,28,0.1620617925756252,0.11252824480000001,0.049533547775625186,8
FAM,518,29,0.049533547775625186,0.11252824480000001,-0.06299469702437482,10
FAM,519,28,0.1620617925756252,0.11252824480000001,0.049533547775625186,8
FAM,520,29,0.049533547775625186,0.11252824480000001,-0.06299469702437482,10
FAM,521,29,0.049533547775625186,0.11252824480000001,-0.06299469702437482,10
FAM,522,28,0.1620617925756252,0.11252824480000001,0.049533547775625186,8
FAM,523,29,0.049533547775625186,0.11252824480000001,-0.06299469702437482,10
FAM,524,29,0.049533547775625186,0.11252824480000001,-0.06299469702437482,10
FAM,525,28,0.1620617925756252,0.11252824480000001,0.049533547775625186,8
FAM,526,29,0.049533547775625186,0.11252824480000001,-0.06299469702437482,10
FAM,527,29,0.049533547775625186,0.11252824480000001,-0.06299469702437482,10
FAM,528,29,0.049533547775625186,0.11252824480000001,-0.06299469702437482,10
FAM,529,28,0.1620617925756252,0.11252824480000001,0.049533547775625186,8
FAM,530,28,0.1620617925756252,0.11252824480000001,0.049533547775625186,8
FAM,531,29,0.049533547775625186,0.11252824480000001,-0.06299469702437482,10
FAM,532,28,0.1620617925756252,0.11252824480000001,0.049533547775625186,8
FAM,533,28,0.1620617925756252,0.11252824480000001,0.049533547775625186,8
FAM,534,29,0.049533547775625186,0.11252824480000001,-0.06299469702437482,10
FAM,535,28,0.1620617925756252,0.11252824480000001,0.049533547775625186,8
FAM,536,28,0.1620617925756252,0.11252824480000001,0.049533547775625186,8
FAM,537,29,0.049533547775625186,0.11252824480000001,-0.06299469702437482,10
FAM,538,29,0.049533547775625186,0.11252824480000001,-0.06299469702437482,10
FAM,539,29,0.049533547775625186,0.11252824480000001,-0.06299469702437482,10
FAM,540,29,0.049533547775625186,0.11252824480000001,-0.06299469702437482,10
FAM,541,28,0.1620617925756252,0.11252824480000001,0.049533547775625186,8
FAM,542,29,0.049533547775625186,0.11252824480000001,-0.06299469702437482,10
FAM,543,29,0.049533547775625186,0.11252824480000001,-0.06299469702437482,10
FAM,544,28,0.1620617925756252,0.11252824480000001,0.049533547775625186,8
FAM,545,28,0.1620617925756252,0.11252824480000001,0.049533547775625186,8
FAM,546,28,0.1620617925756252,0.11252824480000001,0.049533547775625186,8
FAM,547,29,0.049533547775625186,0.11252824480000001,-0.06299469702437482,10
FAM,548,28,0.1620617925756252,0.11252824480000001,0.049533547775625186,8
FAM,549,28,0.1620617925756252,0.11252824480000001,0.049533547775625186,8
FAM,550,28,0.1620617925756252,0.11252824480000001,0.049533547775625186,8
FAM,551,28,0.1620617925756252,0.11252824480000001,0.049533547775625186,8
FAM,552,29,0.049533547775625186,0.11252824480000001,-0.06299469702437482,10
FAM,553,29,0.049533547775625186,0.11252824480000001,-0.06299469702437482,10
FAM,554,29,0.049533547775625186,0.11252824480000001,-0.06299469702437482,10
FAM,555,28,0.1620617925756252,0.11252824480000001,0.049533547775625186,8
FAM,556,29,0.049533547775625186,0.11252824480000001,-0.06299469702437482,10
FAM,557,29,0.049533547775625186,0.11252824480000001,-0.06299469702437482,10
FAM,558,28,0.1620617925756252,0.11252824480000001,0.049533547775625186,8
FAM,559,28,0.1620617925756252,0.11252824480000001,0.049533547775625186,8
FAM,560,29,0.049533547775625186,0.11252824480000001,-0.06299469702437482,10
FAM,561,29,0.049533547775625186,0.11252824480000001,-0.06299469702437482,10
FAM,562,28,0.1620617925756252,0.11252824480000001,0.049533547775625186,8
FAM,563,29,0.049533547775625186,0.11252824480000001,-0.06299469702437482,10
FAM,564,28,0.1620617925756252,0.11252824480000001,0.049533547775625186,8
FAM,565,29,0.049533547775625186,0.11252824480000001,-0.06299469702437482,10
FAM,566,28,0.1620617925756252,0.11252824480000001,0.049533547775625186,8
FAM,567,29,0.049533547775625186,0.11252824480000001,-0.06299469702437482,10
FAM,568,28,0.1620617925756252,0.11252824480000001,0.049533547775625186,8
FAM,569,29,0.049533547775625186,0.11252824480000001,-0.06299469702437482,10
FAM,570,28,0.1620617925756252,0.11252824480000001,0.049533547775625186,8
FAM,571,28,0.1620617925756252,0.11252824480000001,0.049533547775625186,8
FAM,572,29,0.049533547775625186,0.11252824480000001,-0.06299469702437482,10
FAM,573,28,0.1620617925756252,0.11252824480000001,0.049533547775625186,8
FAM,574,29,0.049533547775625186,0.11252824480000001,-0.06299469702437482,10
FAM,575,29,0.049533547775625186,0.11252824480000001,-0.06299469702437482,10
FAM,576,29,0.049533547775625186,0.11252824480000001,-0.06299469702437482,10
FAM,577,29,0.049533547775625186,0.11252824480000001,-0.06299469702437482,10
FAM,578,29,0.049533547775625186,0.11252824480000001,-0.06299469702437482,10
FAM,579,28,0.1620617925756252,0.11252824480000001,0.049533547775625186,8
FAM,580,28,0.1620617925756252,0.11252824480000001,0.049533547775625186,8
FAM,581,29,0.049533547775625186,0.11252824480000001,-0.06299469702437482,10
FAM,582,29,0.049533547775625186,0.11252824480000001,-0.06299469702437482,10
FAM,583,29,0.049533547775625186,0.11252824480000001,-0.06299469702437482,10
FAM,584,28,0.1620617925756252,0.11252824480000001,0.049533547775625186,8
FAM,585,29,0.049533547775625186,0.11252824480000001,-0.06299469702437482,10
FAM,586,28,0.1620617925756252,0.11252824480000001,0.049533547775625186,8
FAM,587,28,0.1620617925756252,0.11252824480000001,0.049533547775625186,8
FAM,588,29,0.049533547775625186,0.11252824480000001,-0.06299469702437482,10
FAM,589,29,0.049533547775625186,0.11252824480000001,-0.06299469702437482,10
FAM,590,28,0.1620617925756252,0.11252824480000001,0.049533547775625186,8
FAM,591,28,0.1620617925756252,0.11252824480000001,0.049533547775625186,8
FAM,592,28,0.1620617925756252,0.11252824480000001,0.049533547775625186,8
FAM,593,28,0.1620617925756252,0.11252824480000001,0.049533547775625186,8
FAM,594,29,0.049533547775625186,0.11252824480000001,-0.06299469702437482,10
FAM,595,28,0.1620617925756252,0.11252824480000001,0.049533547775625186,8
FAM,596,28,0.1620617925756252,0.11252824480000001,0.049533547775625186,8
FAM,597,28,0.1620617925756252,0.11252824480000001,0.049533547775625186,8
FAM,598,29,0.049533547775625186,0.11252824480000001,-0.06299469702437482,10
FAM,599,28,0.1620617925756252,0.11252824480000001,0.049533547775625186,8
FAM,600,29,0.049533547775625186,0.11252824480000001,-0.06299469702437482,10
FAM,601,29,0.049533547775625186,0.11252824480000001,-0.06299469702437482,10
FAM,602,28,0.1620617925756252,0.11252824480000001,0.049533547775625186,8
FAM,603,29,0.049533547775625186,0.11252824480000001,-0.06299469702437482,10
FAM,604,29,0.049533547775625186,0.11252824480000001,-0.06299469702437482,10
FAM,605,28,0.1620617925756252,0.11252824480000001,0.049533547775625186,8
FAM,606,29,0.049533547775625186,0.11252824480000001,-0.06299469702437482,10
FAM,607,28,0.1620617925756252,0.11252824480000001,0.049533547775625186,8
FAM,608,29,0.049533547775625186,0.11252824480000001,-0.06299469702437482,10
FAM,609,28,0.1620617925756252,0.11252824480000001,0.049533547775625186,8
FAM,610,29,0.049533547775625186,0.11252824480000001,-0.06299469702437482,10
FAM,611,29,0.049533547775625186,0.11252824480000001,-0.06299469702437482,10
FAM,612,28,0.1620617925756252,0.11252824480000001,0.049533547775625186,8
FAM,613,29,0.049533547775625186,0.11252824480000001,-0.06299469702437482,10
FAM,614,28,0.1620617925756252,0.11252824480000001,0.049533547775625186,8
FAM,615,29,0.049533547775625186,0.11252824480000001,-0.06299469702437482,10
FAM,616,28,0.1620617925756252,0.11252824480000001,0.049533547775625186,8
FAM,617,28,0.1620617925756252,0.11252824480000001,0.049533547775625186,8
FAM,618,29,0.049533547775625186,0.11252824480000001,-0.06299469702437482,10
FAM,619,29,0.049533547775625186,0.11252824480000001,-0.06299469702437482,10
FAM,620,28,0.1620617925756252,0.11252824480000001,0.049533547775625186,8
FAM,621,28,0.1620617925756252,0.11252824480000001,0.049533547775625186,8
FAM,622,29,0.049533547775625186,0.11252824480000001,-0.06299469702437482,10
FAM,623,29,0.049533547775625186,0.11252824480000001,-0.06299469702437482,10
FAM,624,29,0.049533547775625186,0.11252824480000001,-0.06299469702437482,10
FAM,625,29,0.049533547775625186,0.11252824480000001,-0.06299469702437482,10
FAM,626,29,0.049533547775625186,0.11252824480000001,-0.06299469702437482,10
FAM,627,28,0.1620617925756252,0.11252824480000001,0.049533547775625186,8
FAM,628,29,0.049533547775625186,0.11252824480000001,-0.06299469702437482,10
FAM,629,28,0.1620617925756252,0.11252824480000001,0.049533547775625186,8
FAM,630,29,0.049533547775625186,0.11252824480000001,-0.06299469702437482,10
FAM,631,28,0.1620617925756252,0.11252824480000001,0.049533547775625186,8
FAM,632,28,0.1620617925756252,0.11252824480000001,0.049533547775625186,8
FAM,633,28,0.1620617925756252,0.11252824480000001,0.049533547775625186,8
FAM,634,29,0.049533547775625186,0.11252824480000001,-0.06299469702437482,10
FAM,635,29,0.049533547775625186,0.11252824480000001,-0.06299469702437482,10
FAM,636,28,0.1620617925756252,0.11252824480000001,0.049533547775625186,8
FAM,637,28,0.1620617925756252,0.11252824480000001,0.049533547775625186,8
FAM,638,29,0.049533547775625186,0.11252824480000001,-0.06299469702437482,10
FAM,639,28,0.1620617925756252,0.11252824480000001,0.049533547775625186,8
FAM,640,28,0.1620617925756252,0.11252824480000001,0.049533547775625186,8
FAM,641,29,0.049533547775625186,0.11252824480000001,-0.06299469702437482,10
FAM,642,29,0.049533547775625186,0.11252824480000001,-0.06299469702437482,10
FAM,643,28,0.1620617925756252,0.11252824480000001,0.049533547775625186,8
FAM,644,28,0.1620617925756252,0.11252824480000001,0.049533547775625186,8
FAM,645,28,0.1620617925756252,0.11252824480000001,0.049533547775625186,8
FAM,646,29,0.049533547775625186,0.11252824480000001,-0.06299469702437482,10
FAM,647,28,0.1620617925756252,0.11252824480000001,0.049533547775625186,8
FAM,648,28,0.1620617925756252,0.11252824480000001,0.049533547775625186,8
FAM,649,29,0.049533547775625186,0.11252824480000001,-0.06299469702437482,10
FAM,650,28,0.1620617925756252,0.11252824480000001,0.049533547775625186,8
FAM,651,29,0.049533547775625186,0.11252824480000001,-0.06299469702437482,10
FAM,652,29,0.049533547775625186,0.11252824480000001,-0.06299469702437482,10
FAM,653,28,0.1620617925756252,0.11252824480000001,0.049533547775625186,8
FAM,654,28,0.1620617925756252,0.11252824480000001,0.049533547775625186,8
FAM,655,29,0.049533547775625186,0.11252824480000001,-0.06299469702437482,10
FAM,656,28,0.1620617925756252,0.11252824480000001,0.049533547775625186,8
FAM,657,29,0.049533547775625186,0.11252824480000001,-0.06299469702437482,10
FAM,658,29,0.049533547775625186,0.11252824480000001,-0.06299469702437482,10
FAM,659,29,0.049533547775625186,0.11252824480000001,-0.06299469702437482,10
FAM,660,29,0.049533547775625186,0.11252824480000001,-0.06299469702437482,10
FAM,661,28,0.1620617925756252,0.11252824480000001,0.049533547775625186,8
FAM,662,28,0.1620617925756252,0.11252824480000001,0.049533547775625186,8
FAM,663,28,0.1620617925756252,0.11252824480000001,0.049533547775625186,8
FAM,664,28,0.1620617925756252,0.11252824480000001,0.049533547775625186,8
FAM,665,28,0.1620617925756252,0.11252824480000001,0.049533547775625186,8
FAM,666,29,0.049533547775625186,0.11252824480000001,-0.06299469702437482,10
FAM,667,29,0.049533547775625186,0.11252824480000001,-0.06299469702437482,10
FAM,668,29,0.049533547775625186,0.11252824480000001,-0.06299469702437482,10
FAM,669,28,0.1620617925756252,0.11252824480000001,0.049533547775625186,8
FAM,670,29,0.049533547775625186,0.11252824480000001,-0.06299469702437482,10
FAM,671,29,0.049533547775625186,0.11252824480000001,-0.06299469702437482,10
FAM,672,28,0.1620617925756252,0.11252824480000001,0.049533547775625186,8
FAM,673,29,0.049533547775625186,0.11252824480000001,-0.06299469702437482,10
FAM,674,29,0.049533547775625186,0.11252824480000001,-0.06299469702437482,10
FAM,675,28,0.1620617925756252,0.11252824480000001,0.049533547775625186,8
FAM,676,29,0.049533547775625186,0.11252824480000001,-0.06299469702437482,10
FAM,677,28,0.1620617925756252,0.11252824480000001,0.049533547775625186,8
FAM,678,28,0.1620617925756252,0.11252824480000001,0.049533547775625186,8
FAM,679,29,0.049533547775625186,0.11252824480000001,-0.06299469702437482,10
FAM,680,28,0.1620617925756252,0.11252824480000001,0.049533547775625186,8
FAM,681,28,0.1620617925756252,0.11252824480000001,0.049533547775625186,8
FAM,682,28,0.1620617925756252,0.11252824480000001,0.049533547775625186,8
FAM,683,28,0.1620617925756252,0.11252824480000001,0.049533547775625186,8
FAM,684,28,0.1620617925756252,0.11252824480000001,0.049533547775625186,8
FAM,685,28,0.1620617925756252,0.11252824480000001,0.049533547775625186,8
FAM,686,28,0.1620617925756252,0.11252824480000001,0.049533547775625186,8
FAM,687,28,0.1620617925756252,0.11252824480000001,0.049533547775625186,8
FAM,688,28,0.1620617925756252,0.11252824480000001,0.049533547775625186,8
FAM,689,28,0.1620617925756252,0.11252824480000001,0.049533547775625186,8
FAM,690,28,0.1620617925756252,0.11252824480000001,0.049533547775625186,8
FAM,691,28,0.1620617925756252,0.11252824480000001,0.049533547775625186,8
FAM,692,29,0.049533547775625186,0.11252824480000001,-0.06299469702437482,10
FAM,693,29,0.049533547775625186,0.11252824480000001,-0.06299469702437482,10
FAM,694,29,0.049533547775625186,0.11252824480000001,-0.06299469702437482,10
FAM,695,29,0.049533547775625186,0.11252824480000001,-0.06299469702437482,10
FAM,696,28,0.1620617925756252,0.11252824480000001,0.049533547775625186,8
FAM,697,29,0.049533547775625186,0.11252824480000001,-0.06299469702437482,10
FAM,698,29,0.049533547775625186,0.11252824480000001,-0.06299469702437482,10
FAM,699,29,0.049533547775625186,0.11252824480000001,-0.06299469702437482,10
FAM,700,28,0.1620617925756252,0.11252824480000001,0.049533547775625186,8
FAM,701,28,0.1620617925756252,0.11252824480000001,0.049533547775625186,8
FAM,702,28,0.1620617925756252,0.11252824480000001,0.049533547775625186,8
FAM,703,29,0.049533547775625186,0.11252824480000001,-0.06299469702437482,10
FAM,704,29,0.049533547775625186,0.11252824480000001,-0.06299469702437482,10
FAM,705,28,0.1620617925756252,0.11252824480000001,0.049533547775625186,8
FAM,706,29,0.049533547775625186,0.11252824480000001,-0.06299469702437482,10
FAM,707,29,0.049533547775625186,0.11252824480000001,-0.06299469702437482,10
FAM,708,29,0.049533547775625186,0.11252824480000001,-0.06299469702437482,10
FAM,709,28,0.1620617925756252,0.11252824480000001,0.049533547775625186,8
FAM,710,29,0.049533547775625186,0.11252824480000001,-0.06299469702437482,10
FAM,711,29,0.049533547775625186,0.11252824480000001,-0.06299469702437482,10
FAM,712,29,0.049533547775625186,0.11252824480000001,-0.06299469702437482,10
FAM,713,29,0.049533547775625186,0.11252824480000001,-0.06299469702437482,10
FAM,714,29,0.049533547775625186,0.11252824480000001,-0.06299469702437482,10
FAM,715,29,0.049533547775625186,0.11252824480000001,-0.06299469702437482,10
FAM,716,28,0.1620617925756252,0.11252824480000001,0.049533547775625186,8
FAM,717,28,0.1620617925756252,0.11252824480000001,0.049533547775625186,8
FAM,718,28,0.1620617925756252,0.11252824480000001,0.049533547775625186,8
FAM,719,28,0.1620617925756252,0.11252824480000001,0.049533547775625186,8
FAM,720,29,0.049533547775625186,0.11252824480000001,-0.06299469702437482,10
FAM,721,29,0.049533547775625186,0.11252824480000001,-0.06299469702437482,10
FAM,722,29,0.049533547775625186,0.11252824480000001,-0.06299469702437482,10
FAM,723,29,0.049533547775625186,0.11252824480000001,-0.06299469702437482,10
FAM,724,28,0.1620617925756252,0.11252824480000001,0.049533547775625186,8
FAM,725,29,0.049533547775625186,0.11252824480000001,-0.06299469702437482,10
FAM,726,29,0.049533547775625186,0.11252824480000001,-0.06299469702437482,10
FAM,727,29,0.049533547775625186,0.11252824480000001,-0.06299469702437482,10
FAM,728,29,0.049533547775625186,0.11252824480000001,-0.06299469702437482,10
FAM,729,28,0.1620617925756252,0.11252824480000001,0.049533547775625186,8
FAM,730,29,0.049533547775625186,0.11252824480000001,-0.06299469702437482,10
FAM,731,28,0.1620617925756252,0.11252824480000001,0.049533547775625186,8
FAM,732,29,0.049533547775625186,0.11252824480000001,-0.06299469702437482,10
FAM,733,29,0.049533547775625186,0.11252824480000001,-0.06299469702437482,10
FAM,734,28,0.1620617925756252,0.11252824480000001,0.049533547775625186,8
FAM,735,28,0.1620617925756252,0.11252824480000001,0.049533547775625186,8
FAM,736,29,0.049533547775625186,0.11252824480000001,-0.06299469702437482,10
FAM,737,28,0.1620617925756252,0.11252824480000001,0.049533547775625186,8
FAM,738,29,0.049533547775625186,0.11252824480000001,-0.06299469702437482,10
FAM,739,29,0.049533547775625186,0.11252824480000001,-0.06299469702437482,10
FAM,740,28,0.1620617925756252,0.11252824480000001,0.049533547775625186,8
FAM,741,28,0.1620617925756252,0.11252824480000001,0.049533547775625186,8
FAM,742,29,0.049533547775625186,0.11252824480000001,-0.06299469702437482,10
FAM,743,29,0.049533547775625186,0.11252824480000001,-0.06299469702437482,10
FAM,744,28,0.1620617925756252,0.11252824480000001,0.049533547775625186,8
FAM,745,28,0.1620617925756252,0.11252824480000001,0.049533547775625186,8
FAM,746,28,0.1620617925756252,0.11252824480000001,0.049533547775625186,8
FAM,747,28,0.1620617925756252,0.11252824480000001,0.049533547775625186,8
FAM,748,28,0.1620617925756252,0.11252824480000001,0.049533547775625186,8
FAM,749,28,0.1620617925756252,0.11252824480000001,0.049533547775625186,8
FAM,750,29,0.049533547775625186,0.11252824480000001,-0.06299469702437482,10
FAM,751,29,0.049533547775625186,0.11252824480000001,-0.06299469702437482,10
FAM,752,28,0.1620617925756252,0.11252824480000001,0.049533547775625186,8
FAM,753,29,0.049533547775625186,0.11252824480000001,-0.06299469702437482,10
FAM,754,28,0.1620617925756252,0.11252824480000001,0.049533547775625186,8
FAM,755,29,0.049533547775625186,0.11252824480000001,-0.06299469702437482,10
FAM,756,29,0.049533547775625186,0.11252824480000001,-0.06299469702437482,10
FAM,757,29,0.049533547775625186,0.11252824480000001,-0.06299469702437482,10
FAM,758,29,0.049533547775625186,0.11252824480000001,-0.06299469702437482,10
FAM,759,28,0.1620617925756252,0.11252824480000001,0.049533547775625186,8
FAM,760,28,0.1620617925756252,0.11252824480000001,0.049533547775625186,8
FAM,761,29,0.049533547775625186,0.11252824480000001,-0.06299469702437482,10
FAM,762,28,0.1620617925756252,0.11252824480000001,0.049533547775625186,8
FAM,763,29,0.049533547775625186,0.11252824480000001,-0.06299469702437482,10
FAM,764,28,0.1620617925756252,0.11252824480000001,0.049533547775625186,8
FAM,765,29,0.049533547775625186,0.11252824480000001,-0.06299469702437482,10
FAM,766,28,0.1620617925756252,0.11252824480000001,0.049533547775625186,8
FAM,767,28,0.1620617925756252,0.11252824480000001,0.049533547775625186,8
FAM,768,28,0.1620617925756252,0.11252824480000001,0.049533547775625186,8
FAM,769,29,0.049533547775625186,0.11252824480000001,-0.06299469702437482,10
FAM,770,28,0.1620617925756252,0.11252824480000001,0.049533547775625186,8
FAM,771,29,0.049533547775625186,0.11252824480000001,-0.06299469702437482,10
FAM,772,28,0.1620617925756252,0.11252824480000001,0.049533547775625186,8
FAM,773,28,0.1620617925756252,0.11252824480000001,0.049533547775625186,8
FAM,774,29,0.049533547775625186,0.11252824480000001,-0.06299469702437482,10
FAM,775,28,0.1620617925756252,0.11252824480000001,0.049533547775625186,8
FAM,776,29,0.049533547775625186,0.11252824480000001,-0.06299469702437482,10
FAM,777,28,0.1620617925756252,0.11252824480000001,0.049533547775625186,8
FAM,778,28,0.1620617925756252,0.11252824480000001,0.049533547775625186,8
FAM,779,28,0.1620617925756252,0.11252824480000001,0.049533547775625186,8
FAM,780,29,0.049533547775625186,0.11252824480000001,-0.06299469702437482,10
FAM,781,28,0.1620617925756252,0.11252824480000001,0.049533547775625186,8
FAM,782,28,0.1620617925756252,0.11252824480000001,0.049533547775625186,8
FAM,783,28,0.1620617925756252,0.11252824480000001,0.049533547775625186,8
FAM,784,28,0.1620617925756252,0.11252824480000001,0.049533547775625186,8
FAM,785,29,0.049533547775625186,0.11252824480000001,-0.06299469702437482,10
FAM,786,29,0.049533547775625186,0.11252824480000001,-0.06299469702437482,10
FAM,787,29,0.049533547775625186,0.11252824480000001,-0.06299469702437482,10
FAM,788,28,0.1620617925756252,0.11252824480000001,0.049533547775625186,8
FAM,789,28,0.1620617925756252,0.11252824480000001,0.049533547775625186,8
FAM,790,29,0.049533547775625186,0.11252824480000001,-0.06299469702437482,10
FAM,791,28,0.1620617925756252,0.11252824480000001,0.049533547775625186,8
FAM,792,28,0.1620617925756252,0.11252824480000001,0.049533547775625186,8
FAM,793,29,0.049533547775625186,0.11252824480000001,-0.06299469702437482,10
FAM,794,29,0.049533547775625186,0.11252824480000001,-0.06299469702437482,10
FAM,795,28,0.1620617925756252,0.11252824480000001,0.049533547775625186,8
FAM,796,28,0.1620617925756252,0.11252824480000001,0.049533547775625186,8
FAM,797,29,0.049533547775625186,0.11252824480000001,-0.06299469702437482,10
FAM,798,29,0.049533547775625186,0.11252824480000001,-0.06299469702437482,10
FAM,799,29,0.049533547775625186,0.11252824480000001,-0.06299469702437482,10
FAM,800,29,0.049533547775625186,0.11252824480000001,-0.06299469702437482,10
FAM,801,28,0.1620617925756252,0.11252824480000001,0.049533547775625186,8
FAM,802,29,0.049533547775625186,0.11252824480000001,-0.06299469702437482,10
FAM,803,28,0.1620617925756252,0.11252824480000001,0.049533547775625186,8
FAM,804,29,0.049533547775625186,0.11252824480000001,-0.06299469702437482,10
FAM,805,29,0.049533547775625186,0.11252824480000001,-0.06299469702437482,10
FAM,806,28,0.1620617925756252,0.11252824480000001,0.049533547775625186,8
FAM,807,29,0.049533547775625186,0.11252824480000001,-0.06299469702437482,10
FAM,808,29,0.049533547775625186,0.11252824480000001,-0.06299469702437482,10
FAM,809,28,0.1620617925756252,0.11252824480000001,0.049533547775625186,8
FAM,810,29,0.049533547775625186,0.11252824480000001,-0.06299469702437482,10
FAM,811,29,0.049533547775625186,0.11252824480000001,-0.06299469702437482,10
FAM,812,28,0.1620617925756252,0.11252824480000001,0.049533547775625186,8
FAM,813,29,0.049533547775625186,0.11252824480000001,-0.06299469702437482,10
FAM,814,28,0.1620617925756252,0.11252824480000001,0.049533547775625186,8
FAM,815,29,0.049533547775625186,0.11252824480000001,-0.06299469702437482,10
FAM,816,29,0.049533547775625186,0.11252824480000001,-0.06299469702437482,10
FAM,817,29,0.049533547775625186,0.11252824480000001,-0.06299469702437482,10
FAM,818,29,0.049533547775625186,0.11252824480000001,-0.06299469702437482,10
FAM,819,28,0.1620617925756252,0.11252824480000001,0.049533547775625186,8
FAM,820,29,0.049533547775625186,0.11252824480000001,-0.06299469702437482,10
FAM,821,28,0.1620617925756252,0.11252824480000001,0.049533547775625186,8
FAM,822,28,0.1620617925756252,0.11252824480000001,0.049533547775625186,8
FAM,823,28,0.1620617925756252,0.11252824480000001,0.049533547775625186,8
FAM,824,28,0.1620617925756252,0.11252824480000001,0.049533547775625186,8
FAM,825,28,0.1620617925756252,0.11252824480000001,0.049533547775625186,8
FAM,826,29,0.049533547775625186,0.11252824480000001,-0.06299469702437482,10
FAM,827,28,0.1620617925756252,0.11252824480000001,0.049533547775625186,8
FAM,828,28,0.1620617925756252,0.11252824480000001,0.049533547775625186,8
FAM,829,28,0.1620617925756252,0.11252824480000001,0.049533547775625186,8
FAM,830,29,0.049533547775625186,0.11252824480000001,-0.06299469702437482,10
FAM,831,29,0.049533547775625186,0.11252824480000001,-0.06299469702437482,10
FAM,832,28,0.1620617925756252,0.11252824480000001,0.049533547775625186,8
FAM,833,28,0.1620617925756252,0.11252824480000001,0.049533547775625186,8
FAM,834,28,0.1620617925756252,0.11252824480000001,0.049533547775625186,8
FAM,835,28,0.1620617925756252,0.11252824480000001,0.049533547775625186,8
FAM,836,29,0.049533547775625186,0.11252824480000001,-0.06299469702437482,10
FAM,837,28,0.1620617925756252,0.11252824480000001,0.049533547775625186,8
FAM,838,28,0.1620617925756252,0.11252824480000001,0.049533547775625186,8
FAM,839,29,0.049533547775625186,0.11252824480000001,-0.06299469702437482,10
FAM,840,28,0.1620617925756252,0.11252824480000001,0.049533547775625186,8
FAM,841,28,0.1620617925756252,0.11252824480000001,0.049533547775625186,8
FAM,842,28,0.1620617925756252,0.11252824480000001,0.049533547775625186,8
FAM,843,29,0.049533547775625186,0.11252824480000001,-0.06299469702437482,10
FAM,844,28,0.1620617925756252,0.11252824480000001,0.049533547775625186,8
FAM,845,29,0.049533547775625186,0.11252824480000001,-0.06299469702437482,10
FAM,846,29,0.049533547775625186,0.11252824480000001,-0.06299469702437482,10
FAM,847,29,0.049533547775625186,0.11252824480000001,-0.06299469702437482,10
FAM,848,28,0.1620617925756252,0.11252824480000001,0.049533547775625186,8
FAM,849,28,0.1620617925756252,0.11252824480000001,0.049533547775625186,8
FAM,850,29,0.049533547775625186,0.11252824480000001,-0.06299469702437482,10
FAM,851,29,0.049533547775625186,0.11252824480000001,-0.06299469702437482,10
FAM,852,28,0.1620617925756252,0.11252824480000001,0.049533547775625186,8
FAM,853,29,0.049533547775625186,0.11252824480000001,-0.06299469702437482,10
FAM,854,29,0.049533547775625186,0.11252824480000001,-0.06299469702437482,10
FAM,855,29,0.049533547775625186,0.11252824480000001,-0.06299469702437482,10
FAM,856,28,0.1620617925756252,0.11252824480000001,0.049533547775625186,8
FAM,857,29,0.049533547775625186,0.11252824480000001,-0.06299469702437482,10
FAM,858,29,0.049533547775625186,0.11252824480000001,-0.06299469702437482,10
FAM,859,28,0.1620617925756252,0.11252824480000001,0.049533547775625186,8
FAM,860,28,0.1620617925756252,0.11252824480000001,0.049533547775625186,8
FAM,861,29,0.049533547775625186,0.11252824480000001,-0.06299469702437482,10
FAM,862,29,0.049533547775625186,0.11252824480000001,-0.06299469702437482,10
FAM,863,29,0.049533547775625186,0.11252824480000001,-0.06299469702437482,10
FAM,864,29,0.049533547775625186,0.11252824480000001,-0.06299469702437482,10
FAM,865,29,0.049533547775625186,0.11252824480000001,-0.06299469702437482,10
FAM,866,28,0.1620617925756252,0.11252824480000001,0.049533547775625186,8
FAM,867,29,0.049533547775625186,0.11252824480000001,-0.06299469702437482,10
FAM,868,29,0.049533547775625186,0.11252824480000001,-0.06299469702437482,10
FAM,869,29,0.049533547775625186,0.11252824480000001,-0.06299469702437482,10
FAM,870,28,0.1620617925756252,0.11252824480000001,0.049533547775625186,8
FAM,871,28,0.1620617925756252,0.11252824480000001,0.049533547775625186,8
FAM,872,29,0.049533547775625186,0.11252824480000001,-0.06299469702437482,10
FAM,873,29,0.049533547775625186,0.11252824480000001,-0.06299469702437482,10
FAM,874,29,0.049533547775625186,0.11252824480000001,-0.06299469702437482,10
FAM,875,29,0.049533547775625186,0.11252824480000001,-0.06299469702437482,10
FAM,876,28,0.1620617925756252,0.11252824480000001,0.049533547775625186,8
FAM,877,28,0.1620617925756252,0.11252824480000001,0.049533547775625186,8
FAM,878,29,0.049533547775625186,0.11252824480000001,-0.06299469702437482,10
FAM,879,28,0.1620617925756252,0.11252824480000001,0.049533547775625186,8
FAM,880,28,0.1620617925756252,0.11252824480000001,0.049533547775625186,8
FAM,881,28,0.1620617925756252,0.11252824480000001,0.049533547775625186,8
FAM,882,28,0.1620617925756252,0.11252824480000001,0.049533547775625186,8
FAM,883,28,0.1620617925756252,0.11252824480000001,0.049533547775625186,8
FAM,884,28,0.1620617925756252,0.11252824480000001,0.049533547775625186,8
FAM,885,29,0.049533547775625186,0.11252824480000001,-0.06299469702437482,10
FAM,886,29,0.049533547775625186,0.11252824480000001,-0.06299469702437482,10
FAM,887,29,0.049533547775625186,0.11252824480000001,-0.06299469702437482,10
FAM,888,28,0.1620617925756252,0.11252824480000001,0.049533547775625186,8
FAM,889,29,0.049533547775625186,0.11252824480000001,-0.06299469702437482,10
FAM,890,28,0.1620617925756252,0.11252824480000001,0.049533547775625186,8
FAM,891,29,0.049533547775625186,0.11252824480000001,-0.06299469702437482,10
FAM,892,28,0.1620617925756252,0.11252824480000001,0.049533547775625186,8
FAM,893,28,0.1620617925756252,0.11252824480000001,0.049533547775625186,8
FAM,894,29,0.049533547775625186,0.11252824480000001,-0.06299469702437482,10
FAM,895,29,0.049533547775625186,0.11252824480000001,-0.06299469702437482,10
FAM,896,28,0.1620617925756252,0.11252824480000001,0.049533547775625186,8
FAM,897,29,0.049533547775625186,0.11252824480000001,-0.06299469702437482,10
FAM,898,28,0.1620617925756252,0.11252824480000001,0.049533547775625186,8
FAM,899,29,0.049533547775625186,0.11252824480000001,-0.06299469702437482,10
FAM,900,28,0.1620617925756252,0.11252824480000001,0.049533547775625186,8
FAM,901,29,0.049533547775625186,0.11252824480000001,-0.06299469702437482,10
FAM,902,28,0.1620617925756252,0.11252824480000001,0.049533547775625186,8
FAM,903,29,0.049533547775625186,0.11252824480000001,-0.06299469702437482,10
FAM,904,29,0.049533547775625186,0.11252824480000001,-0.06299469702437482,10
FAM,905,28,0.1620617925756252,0.11252824480000001,0.049533547775625186,8
FAM,906,28,0.1620617925756252,0.11252824480000001,0.049533547775625186,8
FAM,907,28,0.1620617925756252,0.11252824480000001,0.049533547775625186,8
FAM,908,29,0.049533547775625186,0.11252824480000001,-0.06299469702437482,10
FAM,909,28,0.1620617925756252,0.11252824480000001,0.049533547775625186,8
FAM,910,28,0.1620617925756252,0.11252824480000001,0.049533547775625186,8
FAM,911,29,0.049533547775625186,0.11252824480000001,-0.06299469702437482,10
FAM,912,28,0.1620617925756252,0.11252824480000001,0.049533547775625186,8
FAM,913,29,0.049533547775625186,0.11252824480000001,-0.06299469702437482,10
FAM,914,28,0.1620617925756252,0.11252824480000001,0.049533547775625186,8
FAM,915,28,0.1620617925756252,0.11252824480000001,0.049533547775625186,8
FAM,916,28,0.1620617925756252,0.11252824480000001,0.049533547775625186,8
FAM,917,29,0.049533547775625186,0.11252824480000001,-0.06299469702437482,10
FAM,918,28,0.1620617925756252,0.11252824480000001,0.049533547775625186,8
FAM,919,29,0.049533547775625186,0.11252824480000001,-0.06299469702437482,10
FAM,920,28,0.1620617925756252,0.11252824480000001,0.049533547775625186,8
FAM,921,29,0.049533547775625186,0.11252824480000001,-0.06299469702437482,10
FAM,922,29,0.049533547775625186,0.11252824480000001,-0.06299469702437482,10
FAM,923,28,0.1620617925756252,0.11252824480000001,0.049533547775625186,8
FAM,924,29,0.049533547775625186,0.11252824480000001,-0.06299469702437482,10
FAM,925,29,0.049533547775625186,0.11252824480000001,-0.06299469702437482,10
FAM,926,28,0.1620617925756252,0.11252824480000001,0.049533547775625186,8
FAM,927,29,0.049533547775625186,0.11252824480000001,-0.06299469702437482,10
FAM,928,29,0.049533547775625186,0.11252824480000001,-0.06299469702437482,10
FAM,929,29,0.049533547775625186,0.11252824480000001,-0.06299469702437482,10
FAM,930,28,0.1620617925756252,0.11252824480000001,0.049533547775625186,8
FAM,931,28,0.1620617925756252,0.11252824480000001,0.049533547775625186,8
FAM,932,28,0.1620617925756252,0.11252824480000001,0.049533547775625186,8
FAM,933,29,0.049533547775625186,0.11252824480000001,-0.06299469702437482,10
FAM,934,28,0.1620617925756252,0.11252824480000001,0.049533547775625186,8
FAM,935,28,0.1620617925756252,0.11252824480000001,0.049533547775625186,8
FAM,936,29,0.049533547775625186,0.11252824480000001,-0.06299469702437482,10
FAM,937,28,0.1620617925756252,0.11252824480000001,0.049533547775625186,8
FAM,938,29,0.049533547775625186,0.11252824480000001,-0.06299469702437482,10
FAM,939,28,0.1620617925756252,0.11252824480000001,0.049533547775625186,8
FAM,940,29,0.049533547775625186,0.11252824480000001,-0.06299469702437482,10
FAM,941,29,0.049533547775625186,0.11252824480000001,-0.06299469702437482,10
FAM,942,29,0.049533547775625186,0.11252824480000001,-0.06299469702437482,10
FAM,943,28,0.1620617925756252,0.11252824480000001,0.049533547775625186,8
FAM,944,29,0.049533547775625186,0.11252824480000001,-0.06299469702437482,10
FAM,945,29,0.049533547775625186,0.11252824480000001,-0.06299469702437482,10
FAM,946,29,0.049533547775625186,0.11252824480000001,-0.06299469702437482,10
FAM,947,28,0.1620617925756252,0.11252824480000001,0.049533547775625186,8
FAM,948,28,0.1620617925756252,0.11252824480000001,0.049533547775625186,8
FAM,949,29,0.049533547775625186,0.11252824480000001,-0.06299469702437482,10
FAM,950,28,0.1620617925756252,0.11252824480000001,0.049533547775625186,8
FAM,951,28,0.1620617925756252,0.11252824480000001,0.049533547775625186,8
FAM,952,29,0.049533547775625186,0.11252824480000001,-0.06299469702437482,10
FAM,953,29,0.049533547775625186,0.11252824480000001,-0.06299469702437482,10
FAM,954,29,0.049533547775625186,0.11252824480000001,-0.06299469702437482,10
FAM,955,28,0.1620617925756252,0.11252824480000001,0.049533547775625186,8
FAM,956,29,0.049533547775625186,0.11252824480000001,-0.06299469702437482,10
FAM,957,28,0.1620617925756252,0.11252824480000001,0.049533547775625186,8
FAM,958,29,0.049533547775625186,0.11252824480000001,-0.06299469702437482,10
FAM,959,29,0.049533547775625186,0.11252824480000001,-0.06299469702437482,10
FAM,960,28,0.1620617925756252,0.11252824480000001,0.049533547775625186,8
FAM,961,29,0.049533547775625186,0.11252824480000001,-0.06299469702437482,10
FAM,962,29,0.049533547775625186,0.11252824480000001,-0.06299469702437482,10
FAM,963,28,0.1620617925756252,0.11252824480000001,0.049533547775625186,8
FAM,964,29,0.049533547775625186,0.11252824480000001,-0.06299469702437482,10
FAM,965,28,0.1620617925756252,0.11252824480000001,0.049533547775625186,8
FAM,966,29,0.049533547775625186,0.11252824480000001,-0.06299469702437482,10
FAM,967,28,0.1620617925756252,0.11252824480000001,0.049533547775625186,8
FAM,968,29,0.049533547775625186,0.11252824480000001,-0.06299469702437482,10
FAM,969,28,0.1620617925756252,0.11252824480000001,0.049533547775625186,8
FAM,970,28,0.1620617925756252,0.11252824480000001,0.049533547775625186,8
FAM,971,28,0.1620617925756252,0.11252824480000001,0.049533547775625186,8
FAM,972,28,0.1620617925756252,0.11252824480000001,0.049533547775625186,8
FAM,973,29,0.049533547775625186,0.11252824480000001,-0.06299469702437482,10
FAM,974,29,0.049533547775625186,0.11252824480000001,-0.06299469702437482,10
FAM,975,29,0.049533547775625186,0.11252824480000001,-0.06299469702437482,10
FAM,976,28,0.1620617925756252,0.11252824480000001,0.049533547775625186,8
FAM,977,29,0.049533547775625186,0.11252824480000001,-0.06299469702437482,10
FAM,978,29,0.049533547775625186,0.11252824480000001,-0.06299469702437482,10
FAM,979,29,0.049533547775625186,0.11252824480000001,-0.06299469702437482,10
FAM,980,28,0.1620617925756252,0.11252824480000001,0.049533547775625186,8
FAM,981,28,0.1620617925756252,0.11252824480000001,0.049533547775625186,8
FAM,982,29,0.049533547775625186,0.11252824480000001,-0.06299469702437482,10
FAM,983,28,0.1620617925756252,0.11252824480000001,0.049533547775625186,8
FAM,984,28,0.1620617925756252,0.11252824480000001,0.049533547775625186,8
FAM,985,28,0.1620617925756252,0.11252824480000001,0.049533547775625186,8
FAM,986,29,0.049533547775625186,0.11252824480000001,-0.06299469702437482,10
FAM,987,29,0.049533547775625186,0.11252824480000001,-0.06299469702437482,10
FAM,988,28,0.1620617925756252,0.11252824480000001,0.049533547775625186,8
FAM,989,28,0.1620617925756252,0.11252824480000001,0.049533547775625186,8
FAM,990,28,0.1620617925756252,0.11252824480000001,0.049533547775625186,8
FAM,991,29,0.049533547775625186,0.11252824480000001,-0.06299469702437482,10
FAM,992,29,0.049533547775625186,0.11252824480000001,-0.06299469702437482,10
FAM,993,28,0.1620617925756252,0.11252824480000001,0.049533547775625186,8
FAM,994,29,0.049533547775625186,0.11252824480000001,-0.06299469702437482,10
FAM,995,29,0.049533547775625186,0.11252824480000001,-0.06299469702437482,10
FAM,996,29,0.049533547775625186,0.11252824480000001,-0.06299469702437482,10
FAM,997,29,0.049533547775625186,0.11252824480000001,-0.06299469702437482,10
FAM,998,28,0.1620617925756252,0.11252824480000001,0.049533547775625186,8
FAM,999,28,0.1620617925756252,0.11252824480000001,0.049533547775625186,8
SOD1,0,5,0.18755735349276312,0.21000000000000002,-0.022442646507236902,ASO3
SOD1,1,4,0.18755735349276312,0.21000000000000002,-0.022442646507236902,ASO2
SOD1,2,4,0.18755735349276312,0.21000000000000002,-0.022442646507236902,ASO2
SOD1,3,0,0.13251911783092105,0.20999999999999996,-0.07748088216907892,SODr/h146145
SOD1,4,2,0.13251911783092105,0.20999999999999996,-0.07748088216907892,SODr146192
SOD1,5,5,0.18755735349276312,0.21000000000000002,-0.022442646507236902,ASO3
SOD1,6,0,0.13251911783092105,0.20999999999999996,-0.07748088216907892,SODr/h146145
SOD1,7,3,0.17251911783092105,0.15,0.02251911783092106,ASO1
SOD1,8,0,0.13251911783092105,0.20999999999999996,-0.07748088216907892,SODr/h146145
SOD1,9,3,0.17251911783092105,0.15,0.02251911783092106,ASO1
SOD1,10,5,0.18755735349276312,0.21000000000000002,-0.022442646507236902,ASO3
SOD1,11,0,0.13251911783092105,0.20999999999999996,-0.07748088216907892,SODr/h146145
SOD1,12,2,0.13251911783092105,0.20999999999999996,-0.07748088216907892,SODr146192
SOD1,13,0,0.13251911783092105,0.20999999999999996,-0.07748088216907892,SODr/h146145
SOD1,14,5,0.18755735349276312,0.21000000000000002,-0.022442646507236902,ASO3
SOD1,15,4,0.18755735349276312,0.21000000000000002,-0.022442646507236902,ASO2
SOD1,16,5,0.18755735349276312,0.21000000000000002,-0.022442646507236902,ASO3
SOD1,17,0,0.13251911783092105,0.20999999999999996,-0.07748088216907892,SODr/h146145
SOD1,18,5,0.18755735349276312,0.21000000000000002,-0.022442646507236902,ASO3
SOD1,19,0,0.13251911783092105,0.20999999999999996,-0.07748088216907892,SODr/h146145
SOD1,20,4,0.18755735349276312,0.21000000000000002,-0.022442646507236902,ASO2
SOD1,21,0,0.13251911783092105,0.20999999999999996,-0.07748088216907892,SODr/h146145
SOD1,22,3,0.17251911783092105,0.15,0.02251911783092106,ASO1
SOD1,23,1,0.16251911783092104,0.15,0.01251911783092105,SODr/h333611
SOD1,24,0,0.13251911783092105,0.20999999999999996,-0.07748088216907892,SODr/h146145
SOD1,25,4,0.18755735349276312,0.21000000000000002,-0.022442646507236902,ASO2
SOD1,26,0,0.13251911783092105,0.20999999999999996,-0.07748088216907892,SODr/h146145
SOD1,27,3,0.17251911783092105,0.15,0.02251911783092106,ASO1
SOD1,28,5,0.18755735349276312,0.21000000000000002,-0.022442646507236902,ASO3
SOD1,29,4,0.18755735349276312,0.21000000000000002,-0.022442646507236902,ASO2
SOD1,30,2,0.13251911783092105,0.20999999999999996,-0.07748088216907892,SODr146192
SOD1,31,4,0.18755735349276312,0.21000000000000002,-0.022442646507236902,ASO2
SOD1,32,5,0.18755735349276312,0.21000000000000002,-0.022442646507236902,ASO3
SOD1,33,0,0.13251911783092105,0.20999999999999996,-0.07748088216907892,SODr/h146145
SOD1,34,0,0.13251911783092105,0.20999999999999996,-0.07748088216907892,SODr/h146145
SOD1,35,1,0.16251911783092104,0.15,0.01251911783092105,SODr/h333611
SOD1,36,5,0.18755735349276312,0.21000000000000002,-0.022442646507236902,ASO3
SOD1,37,5,0.18755735349276312,0.21000000000000002,-0.022442646507236902,ASO3
SOD1,38,1,0.16251911783092104,0.15,0.01251911783092105,SODr/h333611
SOD1,39,3,0.17251911783092105,0.15,0.02251911783092106,ASO1
SOD1,40,2,0.13251911783092105,0.20999999999999996,-0.07748088216907892,SODr146192
SOD1,41,4,0.18755735349276312,0.21000000000000002,-0.022442646507236902,ASO2
SOD1,42,3,0.17251911783092105,0.15,0.02251911783092106,ASO1
SOD1,43,5,0.18755735349276312,0.21000000000000002,-0.022442646507236902,ASO3
SOD1,44,3,0.17251911783092105,0.15,0.02251911783092106,ASO1
SOD1,45,5,0.18755735349276312,0.21000000000000002,-0.022442646507236902,ASO3
SOD1,46,0,0.13251911783092105,0.20999999999999996,-0.07748088216907892,SODr/h146145
SOD1,47,5,0.18755735349276312,0.21000000000000002,-0.022442646507236902,ASO3
SOD1,48,2,0.13251911783092105,0.20999999999999996,-0.07748088216907892,SODr146192
SOD1,49,2,0.13251911783092105,0.20999999999999996,-0.07748088216907892,SODr146192
SOD1,50,5,0.18755735349276312,0.21000000000000002,-0.022442646507236902,ASO3
SOD1,51,3,0.17251911783092105,0.15,0.02251911783092106,ASO1
SOD1,52,1,0.16251911783092104,0.15,0.01251911783092105,SODr/h333611
SOD1,53,0,0.13251911783092105,0.20999999999999996,-0.07748088216907892,SODr/h146145
SOD1,54,1,0.16251911783092104,0.15,0.01251911783092105,SODr/h333611
SOD1,55,0,0.13251911783092105,0.20999999999999996,-0.07748088216907892,SODr/h146145
SOD1,56,2,0.13251911783092105,0.20999999999999996,-0.07748088216907892,SODr146192
SOD1,57,3,0.17251911783092105,0.15,0.02251911783092106,ASO1
SOD1,58,0,0.13251911783092105,0.20999999999999996,-0.07748088216907892,SODr/h146145
SOD1,59,1,0.16251911783092104,0.15,0.01251911783092105,SODr/h333611
SOD1,60,1,0.16251911783092104,0.15,0.01251911783092105,SODr/h333611
SOD1,61,2,0.13251911783092105,0.20999999999999996,-0.07748088216907892,SODr146192
SOD1,62,3,0.17251911783092105,0.15,0.02251911783092106,ASO1
SOD1,63,1,0.16251911783092104,0.15,0.01251911783092105,SODr/h333611
SOD1,64,4,0.18755735349276312,0.21000000000000002,-0.022442646507236902,ASO2
SOD1,65,2,0.13251911783092105,0.20999999999999996,-0.07748088216907892,SODr146192
SOD1,66,4,0.18755735349276312,0.21000000000000002,-0.022442646507236902,ASO2
SOD1,67,5,0.18755735349276312,0.21000000000000002,-0.022442646507236902,ASO3
SOD1,68,3,0.17251911783092105,0.15,0.02251911783092106,ASO1
SOD1,69,1,0.16251911783092104,0.15,0.01251911783092105,SODr/h333611
SOD1,70,0,0.13251911783092105,0.20999999999999996,-0.07748088216907892,SODr/h146145
SOD1,71,0,0.13251911783092105,0.20999999999999996,-0.07748088216907892,SODr/h146145
SOD1,72,0,0.13251911783092105,0.20999999999999996,-0.07748088216907892,SODr/h146145
SOD1,73,5,0.18755735349276312,0.21000000000000002,-0.022442646507236902,ASO3
SOD1,74,3,0.17251911783092105,0.15,0.02251911783092106,ASO1
SOD1,75,3,0.17251911783092105,0.15,0.02251911783092106,ASO1
SOD1,76,0,0.13251911783092105,0.20999999999999996,-0.07748088216907892,SODr/h146145
SOD1,77,2,0.13251911783092105,0.20999999999999996,-0.07748088216907892,SODr146192
SOD1,78,4,0.18755735349276312,0.21000000000000002,-0.022442646507236902,ASO2
SOD1,79,3,0.17251911783092105,0.15,0.02251911783092106,ASO1
SOD1,80,2,0.13251911783092105,0.20999999999999996,-0.07748088216907892,SODr146192
SOD1,81,0,0.13251911783092105,0.20999999999999996,-0.07748088216907892,SODr/h146145
SOD1,82,2,0.13251911783092105,0.20999999999999996,-0.07748088216907892,SODr146192
SOD1,83,1,0.16251911783092104,0.15,0.01251911783092105,SODr/h333611
SOD1,84,4,0.18755735349276312,0.21000000000000002,-0.022442646507236902,ASO2
SOD1,85,0,0.13251911783092105,0.20999999999999996,-0.07748088216907892,SODr/h146145
SOD1,86,3,0.17251911783092105,0.15,0.02251911783092106,ASO1
SOD1,87,0,0.13251911783092105,0.20999999999999996,-0.07748088216907892,SODr/h146145
SOD1,88,3,0.17251911783092105,0.15,0.02251911783092106,ASO1
SOD1,89,2,0.13251911783092105,0.20999999999999996,-0.07748088216907892,SODr146192
SOD1,90,4,0.18755735349276312,0.21000000000000002,-0.022442646507236902,ASO2
SOD1,91,0,0.13251911783092105,0.20999999999999996,-0.07748088216907892,SODr/h146145
SOD1,92,3,0.17251911783092105,0.15,0.02251911783092106,ASO1
SOD1,93,1,0.16251911783092104,0.15,0.01251911783092105,SODr/h333611
SOD1,94,1,0.16251911783092104,0.15,0.01251911783092105,SODr/h333611
SOD1,95,3,0.17251911783092105,0.15,0.02251911783092106,ASO1
SOD1,96,3,0.17251911783092105,0.15,0.02251911783092106,ASO1
SOD1,97,5,0.18755735349276312,0.21000000000000002,-0.022442646507236902,ASO3
SOD1,98,4,0.18755735349276312,0.21000000000000002,-0.022442646507236902,ASO2
SOD1,99,1,0.16251911783092104,0.15,0.01251911783092105,SODr/h333611
SOD1,100,0,0.13251911783092105,0.20999999999999996,-0.07748088216907892,SODr/h146145
SOD1,101,2,0.13251911783092105,0.20999999999999996,-0.07748088216907892,SODr146192
SOD1,102,2,0.13251911783092105,0.20999999999999996,-0.07748088216907892,SODr146192
SOD1,103,1,0.16251911783092104,0.15,0.01251911783092105,SODr/h333611
SOD1,104,4,0.18755735349276312,0.21000000000000002,-0.022442646507236902,ASO2
SOD1,105,1,0.16251911783092104,0.15,0.01251911783092105,SODr/h333611
SOD1,106,4,0.18755735349276312,0.21000000000000002,-0.022442646507236902,ASO2
SOD1,107,5,0.18755735349276312,0.21000000000000002,-0.022442646507236902,ASO3
SOD1,108,4,0.18755735349276312,0.21000000000000002,-0.022442646507236902,ASO2
SOD1,109,2,0.13251911783092105,0.20999999999999996,-0.07748088216907892,SODr146192
SOD1,110,4,0.18755735349276312,0.21000000000000002,-0.022442646507236902,ASO2
SOD1,111,4,0.18755735349276312,0.21000000000000002,-0.022442646507236902,ASO2
SOD1,112,3,0.17251911783092105,0.15,0.02251911783092106,ASO1
SOD1,113,0,0.13251911783092105,0.20999999999999996,-0.07748088216907892,SODr/h146145
SOD1,114,0,0.13251911783092105,0.20999999999999996,-0.07748088216907892,SODr/h146145
SOD1,115,2,0.13251911783092105,0.20999999999999996,-0.07748088216907892,SODr146192
SOD1,116,0,0.13251911783092105,0.20999999999999996,-0.07748088216907892,SODr/h146145
SOD1,117,2,0.13251911783092105,0.20999999999999996,-0.07748088216907892,SODr146192
SOD1,118,0,0.13251911783092105,0.20999999999999996,-0.07748088216907892,SODr/h146145
SOD1,119,3,0.17251911783092105,0.15,0.02251911783092106,ASO1
SOD1,120,2,0.13251911783092105,0.20999999999999996,-0.07748088216907892,SODr146192
SOD1,121,4,0.18755735349276312,0.21000000000000002,-0.022442646507236902,ASO2
SOD1,122,3,0.17251911783092105,0.15,0.02251911783092106,ASO1
SOD1,123,2,0.13251911783092105,0.20999999999999996,-0.07748088216907892,SODr146192
SOD1,124,4,0.18755735349276312,0.21000000000000002,-0.022442646507236902,ASO2
SOD1,125,1,0.16251911783092104,0.15,0.01251911783092105,SODr/h333611
SOD1,126,2,0.13251911783092105,0.20999999999999996,-0.07748088216907892,SODr146192
SOD1,127,5,0.18755735349276312,0.21000000000000002,-0.022442646507236902,ASO3
SOD1,128,3,0.17251911783092105,0.15,0.02251911783092106,ASO1
SOD1,129,2,0.13251911783092105,0.20999999999999996,-0.07748088216907892,SODr146192
SOD1,130,5,0.18755735349276312,0.21000000000000002,-0.022442646507236902,ASO3
SOD1,131,0,0.13251911783092105,0.20999999999999996,-0.07748088216907892,SODr/h146145
SOD1,132,1,0.16251911783092104,0.15,0.01251911783092105,SODr/h333611
SOD1,133,3,0.17251911783092105,0.15,0.02251911783092106,ASO1
SOD1,134,4,0.18755735349276312,0.21000000000000002,-0.022442646507236902,ASO2
SOD1,135,1,0.16251911783092104,0.15,0.01251911783092105,SODr/h333611
SOD1,136,0,0.13251911783092105,0.20999999999999996,-0.07748088216907892,SODr/h146145
SOD1,137,4,0.18755735349276312,0.21000000000000002,-0.022442646507236902,ASO2
SOD1,138,2,0.13251911783092105,0.20999999999999996,-0.07748088216907892,SODr146192
SOD1,139,4,0.18755735349276312,0.21000000000000002,-0.022442646507236902,ASO2
SOD1,140,4,0.18755735349276312,0.21000000000000002,-0.022442646507236902,ASO2
SOD1,141,3,0.17251911783092105,0.15,0.02251911783092106,ASO1
SOD1,142,4,0.18755735349276312,0.21000000000000002,-0.022442646507236902,ASO2
SOD1,143,0,0.13251911783092105,0.20999999999999996,-0.07748088216907892,SODr/h146145
SOD1,144,1,0.16251911783092104,0.15,0.01251911783092105,SODr/h333611
SOD1,145,2,0.13251911783092105,0.20999999999999996,-0.07748088216907892,SODr146192
SOD1,146,4,0.18755735349276312,0.21000000000000002,-0.022442646507236902,ASO2
SOD1,147,3,0.17251911783092105,0.15,0.02251911783092106,ASO1
SOD1,148,1,0.16251911783092104,0.15,0.01251911783092105,SODr/h333611
SOD1,149,4,0.18755735349276312,0.21000000000000002,-0.022442646507236902,ASO2
SOD1,150,3,0.17251911783092105,0.15,0.02251911783092106,ASO1
SOD1,151,2,0.13251911783092105,0.20999999999999996,-0.07748088216907892,SODr146192
SOD1,152,0,0.13251911783092105,0.20999999999999996,-0.07748088216907892,SODr/h146145
SOD1,153,5,0.18755735349276312,0.21000000000000002,-0.022442646507236902,ASO3
SOD1,154,4,0.18755735349276312,0.21000000000000002,-0.022442646507236902,ASO2
SOD1,155,2,0.13251911783092105,0.20999999999999996,-0.07748088216907892,SODr146192
SOD1,156,3,0.17251911783092105,0.15,0.02251911783092106,ASO1
SOD1,157,0,0.13251911783092105,0.20999999999999996,-0.07748088216907892,SODr/h146145
SOD1,158,0,0.13251911783092105,0.20999999999999996,-0.07748088216907892,SODr/h146145
SOD1,159,2,0.13251911783092105,0.20999999999999996,-0.07748088216907892,SODr146192
SOD1,160,0,0.13251911783092105,0.20999999999999996,-0.07748088216907892,SODr/h146145
SOD1,161,5,0.18755735349276312,0.21000000000000002,-0.022442646507236902,ASO3
SOD1,162,0,0.13251911783092105,0.20999999999999996,-0.07748088216907892,SODr/h146145
SOD1,163,1,0.16251911783092104,0.15,0.01251911783092105,SODr/h333611
SOD1,164,1,0.16251911783092104,0.15,0.01251911783092105,SODr/h333611
SOD1,165,1,0.16251911783092104,0.15,0.01251911783092105,SODr/h333611
SOD1,166,3,0.17251911783092105,0.15,0.02251911783092106,ASO1
SOD1,167,5,0.18755735349276312,0.21000000000000002,-0.022442646507236902,ASO3
SOD1,168,3,0.17251911783092105,0.15,0.02251911783092106,ASO1
SOD1,169,0,0.13251911783092105,0.20999999999999996,-0.07748088216907892,SODr/h146145
SOD1,170,1,0.16251911783092104,0.15,0.01251911783092105,SODr/h333611
SOD1,171,2,0.13251911783092105,0.20999999999999996,-0.07748088216907892,SODr146192
SOD1,172,5,0.18755735349276312,0.21000000000000002,-0.022442646507236902,ASO3
SOD1,173,2,0.13251911783092105,0.20999999999999996,-0.07748088216907892,SODr146192
SOD1,174,5,0.18755735349276312,0.21000000000000002,-0.022442646507236902,ASO3
SOD1,175,2,0.13251911783092105,0.20999999999999996,-0.07748088216907892,SODr146192
SOD1,176,4,0.18755735349276312,0.21000000000000002,-0.022442646507236902,ASO2
SOD1,177,3,0.17251911783092105,0.15,0.02251911783092106,ASO1
SOD1,178,3,0.17251911783092105,0.15,0.02251911783092106,ASO1
SOD1,179,4,0.18755735349276312,0.21000000000000002,-0.022442646507236902,ASO2
SOD1,180,1,0.16251911783092104,0.15,0.01251911783092105,SODr/h333611
SOD1,181,2,0.13251911783092105,0.20999999999999996,-0.07748088216907892,SODr146192
SOD1,182,1,0.16251911783092104,0.15,0.01251911783092105,SODr/h333611
SOD1,183,0,0.13251911783092105,0.20999999999999996,-0.07748088216907892,SODr/h146145
SOD1,184,1,0.16251911783092104,0.15,0.01251911783092105,SODr/h333611
SOD1,185,2,0.13251911783092105,0.20999999999999996,-0.07748088216907892,SODr146192
SOD1,186,1,0.16251911783092104,0.15,0.01251911783092105,SODr/h333611
SOD1,187,0,0.13251911783092105,0.20999999999999996,-0.07748088216907892,SODr/h146145
SOD1,188,3,0.17251911783092105,0.15,0.02251911783092106,ASO1
SOD1,189,3,0.17251911783092105,0.15,0.02251911783092106,ASO1
SOD1,190,3,0.17251911783092105,0.15,0.02251911783092106,ASO1
SOD1,191,5,0.18755735349276312,0.21000000000000002,-0.022442646507236902,ASO3
SOD1,192,3,0.17251911783092105,0.15,0.02251911783092106,ASO1
SOD1,193,0,0.13251911783092105,0.20999999999999996,-0.07748088216907892,SODr/h146145
SOD1,194,4,0.18755735349276312,0.21000000000000002,-0.022442646507236902,ASO2
SOD1,195,2,0.13251911783092105,0.20999999999999996,-0.07748088216907892,SODr146192
SOD1,196,1,0.16251911783092104,0.15,0.01251911783092105,SODr/h333611
SOD1,197,5,0.18755735349276312,0.21000000000000002,-0.022442646507236902,ASO3
SOD1,198,3,0.17251911783092105,0.15,0.02251911783092106,ASO1
SOD1,199,4,0.18755735349276312,0.21000000000000002,-0.022442646507236902,ASO2
SOD1,200,2,0.13251911783092105,0.20999999999999996,-0.07748088216907892,SODr146192
SOD1,201,4,0.18755735349276312,0.21000000000000002,-0.022442646507236902,ASO2
SOD1,202,5,0.18755735349276312,0.21000000000000002,-0.022442646507236902,ASO3
SOD1,203,4,0.18755735349276312,0.21000000000000002,-0.022442646507236902,ASO2
SOD1,204,3,0.17251911783092105,0.15,0.02251911783092106,ASO1
SOD1,205,0,0.13251911783092105,0.20999999999999996,-0.07748088216907892,SODr/h146145
SOD1,206,2,0.13251911783092105,0.20999999999999996,-0.07748088216907892,SODr146192
SOD1,207,2,0.13251911783092105,0.20999999999999996,-0.07748088216907892,SODr146192
SOD1,208,5,0.18755735349276312,0.21000000000000002,-0.022442646507236902,ASO3
SOD1,209,5,0.18755735349276312,0.21000000000000002,-0.022442646507236902,ASO3
SOD1,210,4,0.18755735349276312,0.21000000000000002,-0.022442646507236902,ASO2
SOD1,211,4,0.18755735349276312,0.21000000000000002,-0.022442646507236902,ASO2
SOD1,212,1,0.16251911783092104,0.15,0.01251911783092105,SODr/h333611
SOD1,213,2,0.13251911783092105,0.20999999999999996,-0.07748088216907892,SODr146192
SOD1,214,5,0.18755735349276312,0.21000000000000002,-0.022442646507236902,ASO3
SOD1,215,3,0.17251911783092105,0.15,0.02251911783092106,ASO1
SOD1,216,0,0.13251911783092105,0.20999999999999996,-0.07748088216907892,SODr/h146145
SOD1,217,3,0.17251911783092105,0.15,0.02251911783092106,ASO1
SOD1,218,3,0.17251911783092105,0.15,0.02251911783092106,ASO1
SOD1,219,5,0.18755735349276312,0.21000000000000002,-0.022442646507236902,ASO3
SOD1,220,2,0.13251911783092105,0.20999999999999996,-0.07748088216907892,SODr146192
SOD1,221,3,0.17251911783092105,0.15,0.02251911783092106,ASO1
SOD1,222,4,0.18755735349276312,0.21000000000000002,-0.022442646507236902,ASO2
SOD1,223,5,0.18755735349276312,0.21000000000000002,-0.022442646507236902,ASO3
SOD1,224,1,0.16251911783092104,0.15,0.01251911783092105,SODr/h333611
SOD1,225,4,0.18755735349276312,0.21000000000000002,-0.022442646507236902,ASO2
SOD1,226,0,0.13251911783092105,0.20999999999999996,-0.07748088216907892,SODr/h146145
SOD1,227,5,0.18755735349276312,0.21000000000000002,-0.022442646507236902,ASO3
SOD1,228,2,0.13251911783092105,0.20999999999999996,-0.07748088216907892,SODr146192
SOD1,229,2,0.13251911783092105,0.20999999999999996,-0.07748088216907892,SODr146192
SOD1,230,2,0.13251911783092105,0.20999999999999996,-0.07748088216907892,SODr146192
SOD1,231,3,0.17251911783092105,0.15,0.02251911783092106,ASO1
SOD1,232,0,0.13251911783092105,0.20999999999999996,-0.07748088216907892,SODr/h146145
SOD1,233,3,0.17251911783092105,0.15,0.02251911783092106,ASO1
SOD1,234,1,0.16251911783092104,0.15,0.01251911783092105,SODr/h333611
SOD1,235,0,0.13251911783092105,0.20999999999999996,-0.07748088216907892,SODr/h146145
SOD1,236,3,0.17251911783092105,0.15,0.02251911783092106,ASO1
SOD1,237,3,0.17251911783092105,0.15,0.02251911783092106,ASO1
SOD1,238,2,0.13251911783092105,0.20999999999999996,-0.07748088216907892,SODr146192
SOD1,239,2,0.13251911783092105,0.20999999999999996,-0.07748088216907892,SODr146192
SOD1,240,3,0.17251911783092105,0.15,0.02251911783092106,ASO1
SOD1,241,1,0.16251911783092104,0.15,0.01251911783092105,SODr/h333611
SOD1,242,5,0.18755735349276312,0.21000000000000002,-0.022442646507236902,ASO3
SOD1,243,3,0.17251911783092105,0.15,0.02251911783092106,ASO1
SOD1,244,1,0.16251911783092104,0.15,0.01251911783092105,SODr/h333611
SOD1,245,4,0.18755735349276312,0.21000000000000002,-0.022442646507236902,ASO2
SOD1,246,4,0.18755735349276312,0.21000000000000002,-0.022442646507236902,ASO2
SOD1,247,4,0.18755735349276312,0.21000000000000002,-0.022442646507236902,ASO2
SOD1,248,2,0.13251911783092105,0.20999999999999996,-0.07748088216907892,SODr146192
SOD1,249,5,0.18755735349276312,0.21000000000000002,-0.022442646507236902,ASO3
SOD1,250,2,0.13251911783092105,0.20999999999999996,-0.07748088216907892,SODr146192
SOD1,251,2,0.13251911783092105,0.20999999999999996,-0.07748088216907892,SODr146192
SOD1,252,0,0.13251911783092105,0.20999999999999996,-0.07748088216907892,SODr/h146145
SOD1,253,4,0.18755735349276312,0.21000000000000002,-0.022442646507236902,ASO2
SOD1,254,0,0.13251911783092105,0.20999999999999996,-0.07748088216907892,SODr/h146145
SOD1,255,1,0.16251911783092104,0.15,0.01251911783092105,SODr/h333611
SOD1,256,0,0.13251911783092105,0.20999999999999996,-0.07748088216907892,SODr/h146145
SOD1,257,3,0.17251911783092105,0.15,0.02251911783092106,ASO1
SOD1,258,0,0.13251911783092105,0.20999999999999996,-0.07748088216907892,SODr/h146145
SOD1,259,0,0.13251911783092105,0.20999999999999996,-0.07748088216907892,SODr/h146145
SOD1,260,1,0.16251911783092104,0.15,0.01251911783092105,SODr/h333611
SOD1,261,4,0.18755735349276312,0.21000000000000002,-0.022442646507236902,ASO2
SOD1,262,2,0.13251911783092105,0.20999999999999996,-0.07748088216907892,SODr146192
SOD1,263,4,0.18755735349276312,0.21000000000000002,-0.022442646507236902,ASO2
SOD1,264,1,0.16251911783092104,0.15,0.01251911783092105,SODr/h333611
SOD1,265,0,0.13251911783092105,0.20999999999999996,-0.07748088216907892,SODr/h146145
SOD1,266,3,0.17251911783092105,0.15,0.02251911783092106,ASO1
SOD1,267,5,0.18755735349276312,0.21000000000000002,-0.022442646507236902,ASO3
SOD1,268,4,0.18755735349276312,0.21000000000000002,-0.022442646507236902,ASO2
SOD1,269,2,0.13251911783092105,0.20999999999999996,-0.07748088216907892,SODr146192
SOD1,270,2,0.13251911783092105,0.20999999999999996,-0.07748088216907892,SODr146192
SOD1,271,5,0.18755735349276312,0.21000000000000002,-0.022442646507236902,ASO3
SOD1,272,4,0.18755735349276312,0.21000000000000002,-0.022442646507236902,ASO2
SOD1,273,5,0.18755735349276312,0.21000000000000002,-0.022442646507236902,ASO3
SOD1,274,1,0.16251911783092104,0.15,0.01251911783092105,SODr/h333611
SOD1,275,2,0.13251911783092105,0.20999999999999996,-0.07748088216907892,SODr146192
SOD1,276,1,0.16251911783092104,0.15,0.01251911783092105,SODr/h333611
SOD1,277,4,0.18755735349276312,0.21000000000000002,-0.022442646507236902,ASO2
SOD1,278,2,0.13251911783092105,0.20999999999999996,-0.07748088216907892,SODr146192
SOD1,279,5,0.18755735349276312,0.21000000000000002,-0.022442646507236902,ASO3
SOD1,280,0,0.13251911783092105,0.20999999999999996,-0.07748088216907892,SODr/h146145
SOD1,281,5,0.18755735349276312,0.21000000000000002,-0.022442646507236902,ASO3
SOD1,282,2,0.13251911783092105,0.20999999999999996,-0.07748088216907892,SODr146192
SOD1,283,1,0.16251911783092104,0.15,0.01251911783092105,SODr/h333611
SOD1,284,4,0.18755735349276312,0.21000000000000002,-0.022442646507236902,ASO2
SOD1,285,4,0.18755735349276312,0.21000000000000002,-0.022442646507236902,ASO2
SOD1,286,4,0.18755735349276312,0.21000000000000002,-0.022442646507236902,ASO2
SOD1,287,2,0.13251911783092105,0.20999999999999996,-0.07748088216907892,SODr146192
SOD1,288,5,0.18755735349276312,0.21000000000000002,-0.022442646507236902,ASO3
SOD1,289,0,0.13251911783092105,0.20999999999999996,-0.07748088216907892,SODr/h146145
SOD1,290,1,0.16251911783092104,0.15,0.01251911783092105,SODr/h333611
SOD1,291,1,0.16251911783092104,0.15,0.01251911783092105,SODr/h333611
SOD1,292,0,0.13251911783092105,0.20999999999999996,-0.07748088216907892,SODr/h146145
SOD1,293,0,0.13251911783092105,0.20999999999999996,-0.07748088216907892,SODr/h146145
SOD1,294,5,0.18755735349276312,0.21000000000000002,-0.022442646507236902,ASO3
SOD1,295,4,0.18755735349276312,0.21000000000000002,-0.022442646507236902,ASO2
SOD1,296,4,0.18755735349276312,0.21000000000000002,-0.022442646507236902,ASO2
SOD1,297,3,0.17251911783092105,0.15,0.02251911783092106,ASO1
SOD1,298,2,0.13251911783092105,0.20999999999999996,-0.07748088216907892,SODr146192
SOD1,299,0,0.13251911783092105,0.20999999999999996,-0.07748088216907892,SODr/h146145
SOD1,300,2,0.13251911783092105,0.20999999999999996,-0.07748088216907892,SODr146192
SOD1,301,3,0.17251911783092105,0.15,0.02251911783092106,ASO1
SOD1,302,4,0.18755735349276312,0.21000000000000002,-0.022442646507236902,ASO2
SOD1,303,0,0.13251911783092105,0.20999999999999996,-0.07748088216907892,SODr/h146145
SOD1,304,1,0.16251911783092104,0.15,0.01251911783092105,SODr/h333611
SOD1,305,3,0.17251911783092105,0.15,0.02251911783092106,ASO1
SOD1,306,1,0.16251911783092104,0.15,0.01251911783092105,SODr/h333611
SOD1,307,2,0.13251911783092105,0.20999999999999996,-0.07748088216907892,SODr146192
SOD1,308,1,0.16251911783092104,0.15,0.01251911783092105,SODr/h333611
SOD1,309,4,0.18755735349276312,0.21000000000000002,-0.022442646507236902,ASO2
SOD1,310,2,0.13251911783092105,0.20999999999999996,-0.07748088216907892,SODr146192
SOD1,311,2,0.13251911783092105,0.20999999999999996,-0.07748088216907892,SODr146192
SOD1,312,0,0.13251911783092105,0.20999999999999996,-0.07748088216907892,SODr/h146145
SOD1,313,4,0.18755735349276312,0.21000000000000002,-0.022442646507236902,ASO2
SOD1,314,5,0.18755735349276312,0.21000000000000002,-0.022442646507236902,ASO3
SOD1,315,2,0.13251911783092105,0.20999999999999996,-0.07748088216907892,SODr146192
SOD1,316,2,0.13251911783092105,0.20999999999999996,-0.07748088216907892,SODr146192
SOD1,317,2,0.13251911783092105,0.20999999999999996,-0.07748088216907892,SODr146192
SOD1,318,0,0.13251911783092105,0.20999999999999996,-0.07748088216907892,SODr/h146145
SOD1,319,1,0.16251911783092104,0.15,0.01251911783092105,SODr/h333611
SOD1,320,4,0.18755735349276312,0.21000000000000002,-0.022442646507236902,ASO2
SOD1,321,4,0.18755735349276312,0.21000000000000002,-0.022442646507236902,ASO2
SOD1,322,4,0.18755735349276312,0.21000000000000002,-0.022442646507236902,ASO2
SOD1,323,5,0.18755735349276312,0.21000000000000002,-0.022442646507236902,ASO3
SOD1,324,0,0.13251911783092105,0.20999999999999996,-0.07748088216907892,SODr/h146145
SOD1,325,0,0.13251911783092105,0.20999999999999996,-0.07748088216907892,SODr/h146145
SOD1,326,2,0.13251911783092105,0.20999999999999996,-0.07748088216907892,SODr146192
SOD1,327,3,0.17251911783092105,0.15,0.02251911783092106,ASO1
SOD1,328,2,0.13251911783092105,0.20999999999999996,-0.07748088216907892,SODr146192
SOD1,329,3,0.17251911783092105,0.15,0.02251911783092106,ASO1
SOD1,330,0,0.13251911783092105,0.20999999999999996,-0.07748088216907892,SODr/h146145
SOD1,331,5,0.18755735349276312,0.21000000000000002,-0.022442646507236902,ASO3
SOD1,332,5,0.18755735349276312,0.21000000000000002,-0.022442646507236902,ASO3
SOD1,333,2,0.13251911783092105,0.20999999999999996,-0.07748088216907892,SODr146192
SOD1,334,2,0.13251911783092105,0.20999999999999996,-0.07748088216907892,SODr146192
SOD1,335,3,0.17251911783092105,0.15,0.02251911783092106,ASO1
SOD1,336,3,0.17251911783092105,0.15,0.02251911783092106,ASO1
SOD1,337,1,0.16251911783092104,0.15,0.01251911783092105,SODr/h333611
SOD1,338,3,0.17251911783092105,0.15,0.02251911783092106,ASO1
SOD1,339,3,0.17251911783092105,0.15,0.02251911783092106,ASO1
SOD1,340,5,0.18755735349276312,0.21000000000000002,-0.022442646507236902,ASO3
SOD1,341,4,0.18755735349276312,0.21000000000000002,-0.022442646507236902,ASO2
SOD1,342,0,0.13251911783092105,0.20999999999999996,-0.07748088216907892,SODr/h146145
SOD1,343,0,0.13251911783092105,0.20999999999999996,-0.07748088216907892,SODr/h146145
SOD1,344,4,0.18755735349276312,0.21000000000000002,-0.022442646507236902,ASO2
SOD1,345,4,0.18755735349276312,0.21000000000000002,-0.022442646507236902,ASO2
SOD1,346,3,0.17251911783092105,0.15,0.02251911783092106,ASO1
SOD1,347,0,0.13251911783092105,0.20999999999999996,-0.07748088216907892,SODr/h146145
SOD1,348,3,0.17251911783092105,0.15,0.02251911783092106,ASO1
SOD1,349,4,0.18755735349276312,0.21000000000000002,-0.022442646507236902,ASO2
SOD1,350,2,0.13251911783092105,0.20999999999999996,-0.07748088216907892,SODr146192
SOD1,351,3,0.17251911783092105,0.15,0.02251911783092106,ASO1
SOD1,352,4,0.18755735349276312,0.21000000000000002,-0.022442646507236902,ASO2
SOD1,353,3,0.17251911783092105,0.15,0.02251911783092106,ASO1
SOD1,354,1,0.16251911783092104,0.15,0.01251911783092105,SODr/h333611
SOD1,355,2,0.13251911783092105,0.20999999999999996,-0.07748088216907892,SODr146192
SOD1,356,5,0.18755735349276312,0.21000000000000002,-0.022442646507236902,ASO3
SOD1,357,2,0.13251911783092105,0.20999999999999996,-0.07748088216907892,SODr146192
SOD1,358,4,0.18755735349276312,0.21000000000000002,-0.022442646507236902,ASO2
SOD1,359,1,0.16251911783092104,0.15,0.01251911783092105,SODr/h333611
SOD1,360,1,0.16251911783092104,0.15,0.01251911783092105,SODr/h333611
SOD1,361,4,0.18755735349276312,0.21000000000000002,-0.022442646507236902,ASO2
SOD1,362,0,0.13251911783092105,0.20999999999999996,-0.07748088216907892,SODr/h146145
SOD1,363,1,0.16251911783092104,0.15,0.01251911783092105,SODr/h333611
SOD1,364,1,0.16251911783092104,0.15,0.01251911783092105,SODr/h333611
SOD1,365,3,0.17251911783092105,0.15,0.02251911783092106,ASO1
SOD1,366,4,0.18755735349276312,0.21000000000000002,-0.022442646507236902,ASO2
SOD1,367,4,0.18755735349276312,0.21000000000000002,-0.022442646507236902,ASO2
SOD1,368,3,0.17251911783092105,0.15,0.02251911783092106,ASO1
SOD1,369,1,0.16251911783092104,0.15,0.01251911783092105,SODr/h333611
SOD1,370,1,0.16251911783092104,0.15,0.01251911783092105,SODr/h333611
SOD1,371,0,0.13251911783092105,0.20999999999999996,-0.07748088216907892,SODr/h146145
SOD1,372,4,0.18755735349276312,0.21000000000000002,-0.022442646507236902,ASO2
SOD1,373,0,0.13251911783092105,0.20999999999999996,-0.07748088216907892,SODr/h146145
SOD1,374,3,0.17251911783092105,0.15,0.02251911783092106,ASO1
SOD1,375,0,0.13251911783092105,0.20999999999999996,-0.07748088216907892,SODr/h146145
SOD1,376,4,0.18755735349276312,0.21000000000000002,-0.022442646507236902,ASO2
SOD1,377,2,0.13251911783092105,0.20999999999999996,-0.07748088216907892,SODr146192
SOD1,378,4,0.18755735349276312,0.21000000000000002,-0.022442646507236902,ASO2
SOD1,379,2,0.13251911783092105,0.20999999999999996,-0.07748088216907892,SODr146192
SOD1,380,1,0.16251911783092104,0.15,0.01251911783092105,SODr/h333611
SOD1,381,0,0.13251911783092105,0.20999999999999996,-0.07748088216907892,SODr/h146145
SOD1,382,4,0.18755735349276312,0.21000000000000002,-0.022442646507236902,ASO2
SOD1,383,5,0.18755735349276312,0.21000000000000002,-0.022442646507236902,ASO3
SOD1,384,0,0.13251911783092105,0.20999999999999996,-0.07748088216907892,SODr/h146145
SOD1,385,1,0.16251911783092104,0.15,0.01251911783092105,SODr/h333611
SOD1,386,3,0.17251911783092105,0.15,0.02251911783092106,ASO1
SOD1,387,0,0.13251911783092105,0.20999999999999996,-0.07748088216907892,SODr/h146145
SOD1,388,3,0.17251911783092105,0.15,0.02251911783092106,ASO1
SOD1,389,1,0.16251911783092104,0.15,0.01251911783092105,SODr/h333611
SOD1,390,3,0.17251911783092105,0.15,0.02251911783092106,ASO1
SOD1,391,1,0.16251911783092104,0.15,0.01251911783092105,SODr/h333611
SOD1,392,0,0.13251911783092105,0.20999999999999996,-0.07748088216907892,SODr/h146145
SOD1,393,2,0.13251911783092105,0.20999999999999996,-0.07748088216907892,SODr146192
SOD1,394,0,0.13251911783092105,0.20999999999999996,-0.07748088216907892,SODr/h146145
SOD1,395,1,0.16251911783092104,0.15,0.01251911783092105,SODr/h333611
SOD1,396,3,0.17251911783092105,0.15,0.02251911783092106,ASO1
SOD1,397,2,0.13251911783092105,0.20999999999999996,-0.07748088216907892,SODr146192
SOD1,398,1,0.16251911783092104,0.15,0.01251911783092105,SODr/h333611
SOD1,399,3,0.17251911783092105,0.15,0.02251911783092106,ASO1
SOD1,400,1,0.16251911783092104,0.15,0.01251911783092105,SODr/h333611
SOD1,401,0,0.13251911783092105,0.20999999999999996,-0.07748088216907892,SODr/h146145
SOD1,402,2,0.13251911783092105,0.20999999999999996,-0.07748088216907892,SODr146192
SOD1,403,0,0.13251911783092105,0.20999999999999996,-0.07748088216907892,SODr/h146145
SOD1,404,5,0.18755735349276312,0.21000000000000002,-0.022442646507236902,ASO3
SOD1,405,1,0.16251911783092104,0.15,0.01251911783092105,SODr/h333611
SOD1,406,3,0.17251911783092105,0.15,0.02251911783092106,ASO1
SOD1,407,2,0.13251911783092105,0.20999999999999996,-0.07748088216907892,SODr146192
SOD1,408,3,0.17251911783092105,0.15,0.02251911783092106,ASO1
SOD1,409,3,0.17251911783092105,0.15,0.02251911783092106,ASO1
SOD1,410,4,0.18755735349276312,0.21000000000000002,-0.022442646507236902,ASO2
SOD1,411,1,0.16251911783092104,0.15,0.01251911783092105,SODr/h333611
SOD1,412,2,0.13251911783092105,0.20999999999999996,-0.07748088216907892,SODr146192
SOD1,413,0,0.13251911783092105,0.20999999999999996,-0.07748088216907892,SODr/h146145
SOD1,414,1,0.16251911783092104,0.15,0.01251911783092105,SODr/h333611
SOD1,415,5,0.18755735349276312,0.21000000000000002,-0.022442646507236902,ASO3
SOD1,416,2,0.13251911783092105,0.20999999999999996,-0.07748088216907892,SODr146192
SOD1,417,1,0.16251911783092104,0.15,0.01251911783092105,SODr/h333611
SOD1,418,5,0.18755735349276312,0.21000000000000002,-0.022442646507236902,ASO3
SOD1,419,3,0.17251911783092105,0.15,0.02251911783092106,ASO1
SOD1,420,3,0.17251911783092105,0.15,0.02251911783092106,ASO1
SOD1,421,0,0.13251911783092105,0.20999999999999996,-0.07748088216907892,SODr/h146145
SOD1,422,4,0.18755735349276312,0.21000000000000002,-0.022442646507236902,ASO2
SOD1,423,0,0.13251911783092105,0.20999999999999996,-0.07748088216907892,SODr/h146145
SOD1,424,0,0.13251911783092105,0.20999999999999996,-0.07748088216907892,SODr/h146145
SOD1,425,4,0.18755735349276312,0.21000000000000002,-0.022442646507236902,ASO2
SOD1,426,5,0.18755735349276312,0.21000000000000002,-0.022442646507236902,ASO3
SOD1,427,1,0.16251911783092104,0.15,0.01251911783092105,SODr/h333611
SOD1,428,5,0.18755735349276312,0.21000000000000002,-0.022442646507236902,ASO3
SOD1,429,3,0.17251911783092105,0.15,0.02251911783092106,ASO1
SOD1,430,0,0.13251911783092105,0.20999999999999996,-0.07748088216907892,SODr/h146145
SOD1,431,3,0.17251911783092105,0.15,0.02251911783092106,ASO1
SOD1,432,3,0.17251911783092105,0.15,0.02251911783092106,ASO1
SOD1,433,3,0.17251911783092105,0.15,0.02251911783092106,ASO1
SOD1,434,3,0.17251911783092105,0.15,0.02251911783092106,ASO1
SOD1,435,5,0.18755735349276312,0.21000000000000002,-0.022442646507236902,ASO3
SOD1,436,4,0.18755735349276312,0.21000000000000002,-0.022442646507236902,ASO2
SOD1,437,2,0.13251911783092105,0.20999999999999996,-0.07748088216907892,SODr146192
SOD1,438,3,0.17251911783092105,0.15,0.02251911783092106,ASO1
SOD1,439,5,0.18755735349276312,0.21000000000000002,-0.022442646507236902,ASO3
SOD1,440,0,0.13251911783092105,0.20999999999999996,-0.07748088216907892,SODr/h146145
SOD1,441,3,0.17251911783092105,0.15,0.02251911783092106,ASO1
SOD1,442,0,0.13251911783092105,0.20999999999999996,-0.07748088216907892,SODr/h146145
SOD1,443,4,0.18755735349276312,0.21000000000000002,-0.022442646507236902,ASO2
SOD1,444,1,0.16251911783092104,0.15,0.01251911783092105,SODr/h333611
SOD1,445,2,0.13251911783092105,0.20999999999999996,-0.07748088216907892,SODr146192
SOD1,446,1,0.16251911783092104,0.15,0.01251911783092105,SODr/h333611
SOD1,447,3,0.17251911783092105,0.15,0.02251911783092106,ASO1
SOD1,448,5,0.18755735349276312,0.21000000000000002,-0.022442646507236902,ASO3
SOD1,449,5,0.18755735349276312,0.21000000000000002,-0.022442646507236902,ASO3
SOD1,450,0,0.13251911783092105,0.20999999999999996,-0.07748088216907892,SODr/h146145
SOD1,451,3,0.17251911783092105,0.15,0.02251911783092106,ASO1
SOD1,452,5,0.18755735349276312,0.21000000000000002,-0.022442646507236902,ASO3
SOD1,453,4,0.18755735349276312,0.21000000000000002,-0.022442646507236902,ASO2
SOD1,454,0,0.13251911783092105,0.20999999999999996,-0.07748088216907892,SODr/h146145
SOD1,455,1,0.16251911783092104,0.15,0.01251911783092105,SODr/h333611
SOD1,456,2,0.13251911783092105,0.20999999999999996,-0.07748088216907892,SODr146192
SOD1,457,0,0.13251911783092105,0.20999999999999996,-0.07748088216907892,SODr/h146145
SOD1,458,2,0.13251911783092105,0.20999999999999996,-0.07748088216907892,SODr146192
SOD1,459,5,0.18755735349276312,0.21000000000000002,-0.022442646507236902,ASO3
SOD1,460,3,0.17251911783092105,0.15,0.02251911783092106,ASO1
SOD1,461,1,0.16251911783092104,0.15,0.01251911783092105,SODr/h333611
SOD1,462,3,0.17251911783092105,0.15,0.02251911783092106,ASO1
SOD1,463,1,0.16251911783092104,0.15,0.01251911783092105,SODr/h333611
SOD1,464,1,0.16251911783092104,0.15,0.01251911783092105,SODr/h333611
SOD1,465,2,0.13251911783092105,0.20999999999999996,-0.07748088216907892,SODr146192
SOD1,466,2,0.13251911783092105,0.20999999999999996,-0.07748088216907892,SODr146192
SOD1,467,4,0.18755735349276312,0.21000000000000002,-0.022442646507236902,ASO2
SOD1,468,4,0.18755735349276312,0.21000000000000002,-0.022442646507236902,ASO2
SOD1,469,1,0.16251911783092104,0.15,0.01251911783092105,SODr/h333611
SOD1,470,2,0.13251911783092105,0.20999999999999996,-0.07748088216907892,SODr146192
SOD1,471,0,0.13251911783092105,0.20999999999999996,-0.07748088216907892,SODr/h146145
SOD1,472,5,0.18755735349276312,0.21000000000000002,-0.022442646507236902,ASO3
SOD1,473,2,0.13251911783092105,0.20999999999999996,-0.07748088216907892,SODr146192
SOD1,474,0,0.13251911783092105,0.20999999999999996,-0.07748088216907892,SODr/h146145
SOD1,475,4,0.18755735349276312,0.21000000000000002,-0.022442646507236902,ASO2
SOD1,476,3,0.17251911783092105,0.15,0.02251911783092106,ASO1
SOD1,477,0,0.13251911783092105,0.20999999999999996,-0.07748088216907892,SODr/h146145
SOD1,478,4,0.18755735349276312,0.21000000000000002,-0.022442646507236902,ASO2
SOD1,479,3,0.17251911783092105,0.15,0.02251911783092106,ASO1
SOD1,480,4,0.18755735349276312,0.21000000000000002,-0.022442646507236902,ASO2
SOD1,481,4,0.18755735349276312,0.21000000000000002,-0.022442646507236902,ASO2
SOD1,482,0,0.13251911783092105,0.20999999999999996,-0.07748088216907892,SODr/h146145
SOD1,483,2,0.13251911783092105,0.20999999999999996,-0.07748088216907892,SODr146192
SOD1,484,5,0.18755735349276312,0.21000000000000002,-0.022442646507236902,ASO3
SOD1,485,5,0.18755735349276312,0.21000000000000002,-0.022442646507236902,ASO3
SOD1,486,4,0.18755735349276312,0.21000000000000002,-0.022442646507236902,ASO2
SOD1,487,2,0.13251911783092105,0.20999999999999996,-0.07748088216907892,SODr146192
SOD1,488,0,0.13251911783092105,0.20999999999999996,-0.07748088216907892,SODr/h146145
SOD1,489,4,0.18755735349276312,0.21000000000000002,-0.022442646507236902,ASO2
SOD1,490,2,0.13251911783092105,0.20999999999999996,-0.07748088216907892,SODr146192
SOD1,491,1,0.16251911783092104,0.15,0.01251911783092105,SODr/h333611
SOD1,492,3,0.17251911783092105,0.15,0.02251911783092106,ASO1
SOD1,493,0,0.13251911783092105,0.20999999999999996,-0.07748088216907892,SODr/h146145
SOD1,494,1,0.16251911783092104,0.15,0.01251911783092105,SODr/h333611
SOD1,495,3,0.17251911783092105,0.15,0.02251911783092106,ASO1
SOD1,496,3,0.17251911783092105,0.15,0.02251911783092106,ASO1
SOD1,497,2,0.13251911783092105,0.20999999999999996,-0.07748088216907892,SODr146192
SOD1,498,5,0.18755735349276312,0.21000000000000002,-0.022442646507236902,ASO3
SOD1,499,3,0.17251911783092105,0.15,0.02251911783092106,ASO1
SOD1,500,0,0.13251911783092105,0.20999999999999996,-0.07748088216907892,SODr/h146145
SOD1,501,3,0.17251911783092105,0.15,0.02251911783092106,ASO1
SOD1,502,5,0.18755735349276312,0.21000000000000002,-0.022442646507236902,ASO3
SOD1,503,1,0.16251911783092104,0.15,0.01251911783092105,SODr/h333611
SOD1,504,4,0.18755735349276312,0.21000000000000002,-0.022442646507236902,ASO2
SOD1,505,2,0.13251911783092105,0.20999999999999996,-0.07748088216907892,SODr146192
SOD1,506,5,0.18755735349276312,0.21000000000000002,-0.022442646507236902,ASO3
SOD1,507,5,0.18755735349276312,0.21000000000000002,-0.022442646507236902,ASO3
SOD1,508,4,0.18755735349276312,0.21000000000000002,-0.022442646507236902,ASO2
SOD1,509,0,0.13251911783092105,0.20999999999999996,-0.07748088216907892,SODr/h146145
SOD1,510,4,0.18755735349276312,0.21000000000000002,-0.022442646507236902,ASO2
SOD1,511,3,0.17251911783092105,0.15,0.02251911783092106,ASO1
SOD1,512,0,0.13251911783092105,0.20999999999999996,-0.07748088216907892,SODr/h146145
SOD1,513,4,0.18755735349276312,0.21000000000000002,-0.022442646507236902,ASO2
SOD1,514,3,0.17251911783092105,0.15,0.02251911783092106,ASO1
SOD1,515,0,0.13251911783092105,0.20999999999999996,-0.07748088216907892,SODr/h146145
SOD1,516,5,0.18755735349276312,0.21000000000000002,-0.022442646507236902,ASO3
SOD1,517,4,0.18755735349276312,0.21000000000000002,-0.022442646507236902,ASO2
SOD1,518,4,0.18755735349276312,0.21000000000000002,-0.022442646507236902,ASO2
SOD1,519,1,0.16251911783092104,0.15,0.01251911783092105,SODr/h333611
SOD1,520,2,0.13251911783092105,0.20999999999999996,-0.07748088216907892,SODr146192
SOD1,521,1,0.16251911783092104,0.15,0.01251911783092105,SODr/h333611
SOD1,522,5,0.18755735349276312,0.21000000000000002,-0.022442646507236902,ASO3
SOD1,523,0,0.13251911783092105,0.20999999999999996,-0.07748088216907892,SODr/h146145
SOD1,524,1,0.16251911783092104,0.15,0.01251911783092105,SODr/h333611
SOD1,525,2,0.13251911783092105,0.20999999999999996,-0.07748088216907892,SODr146192
SOD1,526,0,0.13251911783092105,0.20999999999999996,-0.07748088216907892,SODr/h146145
SOD1,527,5,0.18755735349276312,0.21000000000000002,-0.022442646507236902,ASO3
SOD1,528,2,0.13251911783092105,0.20999999999999996,-0.07748088216907892,SODr146192
SOD1,529,0,0.13251911783092105,0.20999999999999996,-0.07748088216907892,SODr/h146145
SOD1,530,1,0.16251911783092104,0.15,0.01251911783092105,SODr/h333611
SOD1,531,5,0.18755735349276312,0.21000000000000002,-0.022442646507236902,ASO3
SOD1,532,3,0.17251911783092105,0.15,0.02251911783092106,ASO1
SOD1,533,2,0.13251911783092105,0.20999999999999996,-0.07748088216907892,SODr146192
SOD1,534,4,0.18755735349276312,0.21000000000000002,-0.022442646507236902,ASO2
SOD1,535,2,0.13251911783092105,0.20999999999999996,-0.07748088216907892,SODr146192
SOD1,536,3,0.17251911783092105,0.15,0.02251911783092106,ASO1
SOD1,537,1,0.16251911783092104,0.15,0.01251911783092105,SODr/h333611
SOD1,538,5,0.18755735349276312,0.21000000000000002,-0.022442646507236902,ASO3
SOD1,539,5,0.18755735349276312,0.21000000000000002,-0.022442646507236902,ASO3
SOD1,540,0,0.13251911783092105,0.20999999999999996,-0.07748088216907892,SODr/h146145
SOD1,541,1,0.16251911783092104,0.15,0.01251911783092105,SODr/h333611
SOD1,542,3,0.17251911783092105,0.15,0.02251911783092106,ASO1
SOD1,543,4,0.18755735349276312,0.21000000000000002,-0.022442646507236902,ASO2
SOD1,544,5,0.18755735349276312,0.21000000000000002,-0.022442646507236902,ASO3
SOD1,545,3,0.17251911783092105,0.15,0.02251911783092106,ASO1
SOD1,546,3,0.17251911783092105,0.15,0.02251911783092106,ASO1
SOD1,547,1,0.16251911783092104,0.15,0.01251911783092105,SODr/h333611
SOD1,548,0,0.13251911783092105,0.20999999999999996,-0.07748088216907892,SODr/h146145
SOD1,549,4,0.18755735349276312,0.21000000000000002,-0.022442646507236902,ASO2
SOD1,550,2,0.13251911783092105,0.20999999999999996,-0.07748088216907892,SODr146192
SOD1,551,4,0.18755735349276312,0.21000000000000002,-0.022442646507236902,ASO2
SOD1,552,1,0.16251911783092104,0.15,0.01251911783092105,SODr/h333611
SOD1,553,5,0.18755735349276312,0.21000000000000002,-0.022442646507236902,ASO3
SOD1,554,5,0.18755735349276312,0.21000000000000002,-0.022442646507236902,ASO3
SOD1,555,0,0.13251911783092105,0.20999999999999996,-0.07748088216907892,SODr/h146145
SOD1,556,1,0.16251911783092104,0.15,0.01251911783092105,SODr/h333611
SOD1,557,0,0.13251911783092105,0.20999999999999996,-0.07748088216907892,SODr/h146145
SOD1,558,1,0.16251911783092104,0.15,0.01251911783092105,SODr/h333611
SOD1,559,1,0.16251911783092104,0.15,0.01251911783092105,SODr/h333611
SOD1,560,0,0.13251911783092105,0.20999999999999996,-0.07748088216907892,SODr/h146145
SOD1,561,1,0.16251911783092104,0.15,0.01251911783092105,SODr/h333611
SOD1,562,5,0.18755735349276312,0.21000000000000002,-0.022442646507236902,ASO3
SOD1,563,1,0.16251911783092104,0.15,0.01251911783092105,SODr/h333611
SOD1,564,0,0.13251911783092105,0.20999999999999996,-0.07748088216907892,SODr/h146145
SOD1,565,1,0.16251911783092104,0.15,0.01251911783092105,SODr/h333611
SOD1,566,4,0.18755735349276312,0.21000000000000002,-0.022442646507236902,ASO2
SOD1,567,1,0.16251911783092104,0.15,0.01251911783092105,SODr/h333611
SOD1,568,1,0.16251911783092104,0.15,0.01251911783092105,SODr/h333611
SOD1,569,4,0.18755735349276312,0.21000000000000002,-0.022442646507236902,ASO2
SOD1,570,0,0.13251911783092105,0.20999999999999996,-0.07748088216907892,SODr/h146145
SOD1,571,2,0.13251911783092105,0.20999999999999996,-0.07748088216907892,SODr146192
SOD1,572,5,0.18755735349276312,0.21000000000000002,-0.022442646507236902,ASO3
SOD1,573,3,0.17251911783092105,0.15,0.02251911783092106,ASO1
SOD1,574,0,0.13251911783092105,0.20999999999999996,-0.07748088216907892,SODr/h146145
SOD1,575,3,0.17251911783092105,0.15,0.02251911783092106,ASO1
SOD1,576,1,0.16251911783092104,0.15,0.01251911783092105,SODr/h333611
SOD1,577,4,0.18755735349276312,0.21000000000000002,-0.022442646507236902,ASO2
SOD1,578,4,0.18755735349276312,0.21000000000000002,-0.022442646507236902,ASO2
SOD1,579,3,0.17251911783092105,0.15,0.02251911783092106,ASO1
SOD1,580,2,0.13251911783092105,0.20999999999999996,-0.07748088216907892,SODr146192
SOD1,581,4,0.18755735349276312,0.21000000000000002,-0.022442646507236902,ASO2
SOD1,582,4,0.18755735349276312,0.21000000000000002,-0.022442646507236902,ASO2
SOD1,583,3,0.17251911783092105,0.15,0.02251911783092106,ASO1
SOD1,584,2,0.13251911783092105,0.20999999999999996,-0.07748088216907892,SODr146192
SOD1,585,0,0.13251911783092105,0.20999999999999996,-0.07748088216907892,SODr/h146145
SOD1,586,0,0.13251911783092105,0.20999999999999996,-0.07748088216907892,SODr/h146145
SOD1,587,2,0.13251911783092105,0.20999999999999996,-0.07748088216907892,SODr146192
SOD1,588,5,0.18755735349276312,0.21000000000000002,-0.022442646507236902,ASO3
SOD1,589,1,0.16251911783092104,0.15,0.01251911783092105,SODr/h333611
SOD1,590,1,0.16251911783092104,0.15,0.01251911783092105,SODr/h333611
SOD1,591,1,0.16251911783092104,0.15,0.01251911783092105,SODr/h333611
SOD1,592,1,0.16251911783092104,0.15,0.01251911783092105,SODr/h333611
SOD1,593,3,0.17251911783092105,0.15,0.02251911783092106,ASO1
SOD1,594,2,0.13251911783092105,0.20999999999999996,-0.07748088216907892,SODr146192
SOD1,595,4,0.18755735349276312,0.21000000000000002,-0.022442646507236902,ASO2
SOD1,596,2,0.13251911783092105,0.20999999999999996,-0.07748088216907892,SODr146192
SOD1,597,4,0.18755735349276312,0.21000000000000002,-0.022442646507236902,ASO2
SOD1,598,1,0.16251911783092104,0.15,0.01251911783092105,SODr/h333611
SOD1,599,1,0.16251911783092104,0.15,0.01251911783092105,SODr/h333611
SOD1,600,1,0.16251911783092104,0.15,0.01251911783092105,SODr/h333611
SOD1,601,2,0.13251911783092105,0.20999999999999996,-0.07748088216907892,SODr146192
SOD1,602,3,0.17251911783092105,0.15,0.02251911783092106,ASO1
SOD1,603,1,0.16251911783092104,0.15,0.01251911783092105,SODr/h333611
SOD1,604,2,0.13251911783092105,0.20999999999999996,-0.07748088216907892,SODr146192
SOD1,605,2,0.13251911783092105,0.20999999999999996,-0.07748088216907892,SODr146192
SOD1,606,5,0.18755735349276312,0.21000000000000002,-0.022442646507236902,ASO3
SOD1,607,2,0.13251911783092105,0.20999999999999996,-0.07748088216907892,SODr146192
SOD1,608,2,0.13251911783092105,0.20999999999999996,-0.07748088216907892,SODr146192
SOD1,609,5,0.18755735349276312,0.21000000000000002,-0.022442646507236902,ASO3
SOD1,610,0,0.13251911783092105,0.20999999999999996,-0.07748088216907892,SODr/h146145
SOD1,611,0,0.13251911783092105,0.20999999999999996,-0.07748088216907892,SODr/h146145
SOD1,612,3,0.17251911783092105,0.15,0.02251911783092106,ASO1
SOD1,613,2,0.13251911783092105,0.20999999999999996,-0.07748088216907892,SODr146192
SOD1,614,1,0.16251911783092104,0.15,0.01251911783092105,SODr/h333611
SOD1,615,5,0.18755735349276312,0.21000000000000002,-0.022442646507236902,ASO3
SOD1,616,0,0.13251911783092105,0.20999999999999996,-0.07748088216907892,SODr/h146145
SOD1,617,3,0.17251911783092105,0.15,0.02251911783092106,ASO1
SOD1,618,1,0.16251911783092104,0.15,0.01251911783092105,SODr/h333611
SOD1,619,2,0.13251911783092105,0.20999999999999996,-0.07748088216907892,SODr146192
SOD1,620,5,0.18755735349276312,0.21000000000000002,-0.022442646507236902,ASO3
SOD1,621,4,0.18755735349276312,0.21000000000000002,-0.022442646507236902,ASO2
SOD1,622,0,0.13251911783092105,0.20999999999999996,-0.07748088216907892,SODr/h146145
SOD1,623,5,0.18755735349276312,0.21000000000000002,-0.022442646507236902,ASO3
SOD1,624,3,0.17251911783092105,0.15,0.02251911783092106,ASO1
SOD1,625,4,0.18755735349276312,0.21000000000000002,-0.022442646507236902,ASO2
SOD1,626,3,0.17251911783092105,0.15,0.02251911783092106,ASO1
SOD1,627,5,0.18755735349276312,0.21000000000000002,-0.022442646507236902,ASO3
SOD1,628,5,0.18755735349276312,0.21000000000000002,-0.022442646507236902,ASO3
SOD1,629,3,0.17251911783092105,0.15,0.02251911783092106,ASO1
SOD1,630,0,0.13251911783092105,0.20999999999999996,-0.07748088216907892,SODr/h146145
SOD1,631,1,0.16251911783092104,0.15,0.01251911783092105,SODr/h333611
SOD1,632,2,0.13251911783092105,0.20999999999999996,-0.07748088216907892,SODr146192
SOD1,633,0,0.13251911783092105,0.20999999999999996,-0.07748088216907892,SODr/h146145
SOD1,634,0,0.13251911783092105,0.20999999999999996,-0.07748088216907892,SODr/h146145
SOD1,635,5,0.18755735349276312,0.21000000000000002,-0.022442646507236902,ASO3
SOD1,636,0,0.13251911783092105,0.20999999999999996,-0.07748088216907892,SODr/h146145
SOD1,637,1,0.16251911783092104,0.15,0.01251911783092105,SODr/h333611
SOD1,638,5,0.18755735349276312,0.21000000000000002,-0.022442646507236902,ASO3
SOD1,639,4,0.18755735349276312,0.21000000000000002,-0.022442646507236902,ASO2
SOD1,640,1,0.16251911783092104,0.15,0.01251911783092105,SODr/h333611
SOD1,641,3,0.17251911783092105,0.15,0.02251911783092106,ASO1
SOD1,642,4,0.18755735349276312,0.21000000000000002,-0.022442646507236902,ASO2
SOD1,643,2,0.13251911783092105,0.20999999999999996,-0.07748088216907892,SODr146192
SOD1,644,1,0.16251911783092104,0.15,0.01251911783092105,SODr/h333611
SOD1,645,1,0.16251911783092104,0.15,0.01251911783092105,SODr/h333611
SOD1,646,1,0.16251911783092104,0.15,0.01251911783092105,SODr/h333611
SOD1,647,0,0.13251911783092105,0.20999999999999996,-0.07748088216907892,SODr/h146145
SOD1,648,3,0.17251911783092105,0.15,0.02251911783092106,ASO1
SOD1,649,5,0.18755735349276312,0.21000000000000002,-0.022442646507236902,ASO3
SOD1,650,1,0.16251911783092104,0.15,0.01251911783092105,SODr/h333611
SOD1,651,3,0.17251911783092105,0.15,0.02251911783092106,ASO1
SOD1,652,4,0.18755735349276312,0.21000000000000002,-0.022442646507236902,ASO2
SOD1,653,4,0.18755735349276312,0.21000000000000002,-0.022442646507236902,ASO2
SOD1,654,2,0.13251911783092105,0.20999999999999996,-0.07748088216907892,SODr146192
SOD1,655,3,0.17251911783092105,0.15,0.02251911783092106,ASO1
SOD1,656,4,0.18755735349276312,0.21000000000000002,-0.022442646507236902,ASO2
SOD1,657,5,0.18755735349276312,0.21000000000000002,-0.022442646507236902,ASO3
SOD1,658,3,0.17251911783092105,0.15,0.02251911783092106,ASO1
SOD1,659,0,0.13251911783092105,0.20999999999999996,-0.07748088216907892,SODr/h146145
SOD1,660,1,0.16251911783092104,0.15,0.01251911783092105,SODr/h333611
SOD1,661,4,0.18755735349276312,0.21000000000000002,-0.022442646507236902,ASO2
SOD1,662,0,0.13251911783092105,0.20999999999999996,-0.07748088216907892,SODr/h146145
SOD1,663,4,0.18755735349276312,0.21000000000000002,-0.022442646507236902,ASO2
SOD1,664,5,0.18755735349276312,0.21000000000000002,-0.022442646507236902,ASO3
SOD1,665,2,0.13251911783092105,0.20999999999999996,-0.07748088216907892,SODr146192
SOD1,666,0,0.13251911783092105,0.20999999999999996,-0.07748088216907892,SODr/h146145
SOD1,667,1,0.16251911783092104,0.15,0.01251911783092105,SODr/h333611
SOD1,668,3,0.17251911783092105,0.15,0.02251911783092106,ASO1
SOD1,669,2,0.13251911783092105,0.20999999999999996,-0.07748088216907892,SODr146192
SOD1,670,1,0.16251911783092104,0.15,0.01251911783092105,SODr/h333611
SOD1,671,0,0.13251911783092105,0.20999999999999996,-0.07748088216907892,SODr/h146145
SOD1,672,5,0.18755735349276312,0.21000000000000002,-0.022442646507236902,ASO3
SOD1,673,4,0.18755735349276312,0.21000000000000002,-0.022442646507236902,ASO2
SOD1,674,1,0.16251911783092104,0.15,0.01251911783092105,SODr/h333611
SOD1,675,5,0.18755735349276312,0.21000000000000002,-0.022442646507236902,ASO3
SOD1,676,3,0.17251911783092105,0.15,0.02251911783092106,ASO1
SOD1,677,5,0.18755735349276312,0.21000000000000002,-0.022442646507236902,ASO3
SOD1,678,1,0.16251911783092104,0.15,0.01251911783092105,SODr/h333611
SOD1,679,2,0.13251911783092105,0.20999999999999996,-0.07748088216907892,SODr146192
SOD1,680,0,0.13251911783092105,0.20999999999999996,-0.07748088216907892,SODr/h146145
SOD1,681,4,0.18755735349276312,0.21000000000000002,-0.022442646507236902,ASO2
SOD1,682,5,0.18755735349276312,0.21000000000000002,-0.022442646507236902,ASO3
SOD1,683,1,0.16251911783092104,0.15,0.01251911783092105,SODr/h333611
SOD1,684,2,0.13251911783092105,0.20999999999999996,-0.07748088216907892,SODr146192
SOD1,685,2,0.13251911783092105,0.20999999999999996,-0.07748088216907892,SODr146192
SOD1,686,3,0.17251911783092105,0.15,0.02251911783092106,ASO1
SOD1,687,2,0.13251911783092105,0.20999999999999996,-0.07748088216907892,SODr146192
SOD1,688,2,0.13251911783092105,0.20999999999999996,-0.07748088216907892,SODr146192
SOD1,689,4,0.18755735349276312,0.21000000000000002,-0.022442646507236902,ASO2
SOD1,690,5,0.18755735349276312,0.21000000000000002,-0.022442646507236902,ASO3
SOD1,691,2,0.13251911783092105,0.20999999999999996,-0.07748088216907892,SODr146192
SOD1,692,5,0.18755735349276312,0.21000000000000002,-0.022442646507236902,ASO3
SOD1,693,3,0.17251911783092105,0.15,0.02251911783092106,ASO1
SOD1,694,4,0.18755735349276312,0.21000000000000002,-0.022442646507236902,ASO2
SOD1,695,4,0.18755735349276312,0.21000000000000002,-0.022442646507236902,ASO2
SOD1,696,0,0.13251911783092105,0.20999999999999996,-0.07748088216907892,SODr/h146145
SOD1,697,5,0.18755735349276312,0.21000000000000002,-0.022442646507236902,ASO3
SOD1,698,5,0.18755735349276312,0.21000000000000002,-0.022442646507236902,ASO3
SOD1,699,4,0.18755735349276312,0.21000000000000002,-0.022442646507236902,ASO2
SOD1,700,2,0.13251911783092105,0.20999999999999996,-0.07748088216907892,SODr146192
SOD1,701,3,0.17251911783092105,0.15,0.02251911783092106,ASO1
SOD1,702,3,0.17251911783092105,0.15,0.02251911783092106,ASO1
SOD1,703,4,0.18755735349276312,0.21000000000000002,-0.022442646507236902,ASO2
SOD1,704,0,0.13251911783092105,0.20999999999999996,-0.07748088216907892,SODr/h146145
SOD1,705,2,0.13251911783092105,0.20999999999999996,-0.07748088216907892,SODr146192
SOD1,706,3,0.17251911783092105,0.15,0.02251911783092106,ASO1
SOD1,707,2,0.13251911783092105,0.20999999999999996,-0.07748088216907892,SODr146192
SOD1,708,1,0.16251911783092104,0.15,0.01251911783092105,SODr/h333611
SOD1,709,5,0.18755735349276312,0.21000000000000002,-0.022442646507236902,ASO3
SOD1,710,3,0.17251911783092105,0.15,0.02251911783092106,ASO1
SOD1,711,0,0.13251911783092105,0.20999999999999996,-0.07748088216907892,SODr/h146145
SOD1,712,2,0.13251911783092105,0.20999999999999996,-0.07748088216907892,SODr146192
SOD1,713,5,0.18755735349276312,0.21000000000000002,-0.022442646507236902,ASO3
SOD1,714,1,0.16251911783092104,0.15,0.01251911783092105,SODr/h333611
SOD1,715,4,0.18755735349276312,0.21000000000000002,-0.022442646507236902,ASO2
SOD1,716,1,0.16251911783092104,0.15,0.01251911783092105,SODr/h333611
SOD1,717,5,0.18755735349276312,0.21000000000000002,-0.022442646507236902,ASO3
SOD1,718,0,0.13251911783092105,0.20999999999999996,-0.07748088216907892,SODr/h146145
SOD1,719,1,0.16251911783092104,0.15,0.01251911783092105,SODr/h333611
SOD1,720,0,0.13251911783092105,0.20999999999999996,-0.07748088216907892,SODr/h146145
SOD1,721,3,0.17251911783092105,0.15,0.02251911783092106,ASO1
SOD1,722,1,0.16251911783092104,0.15,0.01251911783092105,SODr/h333611
SOD1,723,5,0.18755735349276312,0.21000000000000002,-0.022442646507236902,ASO3
SOD1,724,3,0.17251911783092105,0.15,0.02251911783092106,ASO1
SOD1,725,0,0.13251911783092105,0.20999999999999996,-0.07748088216907892,SODr/h146145
SOD1,726,5,0.18755735349276312,0.21000000000000002,-0.022442646507236902,ASO3
SOD1,727,4,0.18755735349276312,0.21000000000000002,-0.022442646507236902,ASO2
SOD1,728,4,0.18755735349276312,0.21000000000000002,-0.022442646507236902,ASO2
SOD1,729,4,0.18755735349276312,0.21000000000000002,-0.022442646507236902,ASO2
SOD1,730,0,0.13251911783092105,0.20999999999999996,-0.07748088216907892,SODr/h146145
SOD1,731,3,0.17251911783092105,0.15,0.02251911783092106,ASO1
SOD1,732,3,0.17251911783092105,0.15,0.02251911783092106,ASO1
SOD1,733,3,0.17251911783092105,0.15,0.02251911783092106,ASO1
SOD1,734,0,0.13251911783092105,0.20999999999999996,-0.07748088216907892,SODr/h146145
SOD1,735,5,0.18755735349276312,0.21000000000000002,-0.022442646507236902,ASO3
SOD1,736,0,0.13251911783092105,0.20999999999999996,-0.07748088216907892,SODr/h146145
SOD1,737,2,0.13251911783092105,0.20999999999999996,-0.07748088216907892,SODr146192
SOD1,738,4,0.18755735349276312,0.21000000000000002,-0.022442646507236902,ASO2
SOD1,739,2,0.13251911783092105,0.20999999999999996,-0.07748088216907892,SODr146192
SOD1,740,2,0.13251911783092105,0.20999999999999996,-0.07748088216907892,SODr146192
SOD1,741,2,0.13251911783092105,0.20999999999999996,-0.07748088216907892,SODr146192
SOD1,742,2,0.13251911783092105,0.20999999999999996,-0.07748088216907892,SODr146192
SOD1,743,3,0.17251911783092105,0.15,0.02251911783092106,ASO1
SOD1,744,1,0.16251911783092104,0.15,0.01251911783092105,SODr/h333611
SOD1,745,4,0.18755735349276312,0.21000000000000002,-0.022442646507236902,ASO2
SOD1,746,5,0.18755735349276312,0.21000000000000002,-0.022442646507236902,ASO3
SOD1,747,2,0.13251911783092105,0.20999999999999996,-0.07748088216907892,SODr146192
SOD1,748,5,0.18755735349276312,0.21000000000000002,-0.022442646507236902,ASO3
SOD1,749,2,0.13251911783092105,0.20999999999999996,-0.07748088216907892,SODr146192
SOD1,750,5,0.18755735349276312,0.21000000000000002,-0.022442646507236902,ASO3
SOD1,751,1,0.16251911783092104,0.15,0.01251911783092105,SODr/h333611
SOD1,752,1,0.16251911783092104,0.15,0.01251911783092105,SODr/h333611
SOD1,753,3,0.17251911783092105,0.15,0.02251911783092106,ASO1
SOD1,754,2,0.13251911783092105,0.20999999999999996,-0.07748088216907892,SODr146192
SOD1,755,1,0.16251911783092104,0.15,0.01251911783092105,SODr/h333611
SOD1,756,3,0.17251911783092105,0.15,0.02251911783092106,ASO1
SOD1,757,3,0.17251911783092105,0.15,0.02251911783092106,ASO1
SOD1,758,1,0.16251911783092104,0.15,0.01251911783092105,SODr/h333611
SOD1,759,5,0.18755735349276312,0.21000000000000002,-0.022442646507236902,ASO3
SOD1,760,1,0.16251911783092104,0.15,0.01251911783092105,SODr/h333611
SOD1,761,2,0.13251911783092105,0.20999999999999996,-0.07748088216907892,SODr146192
SOD1,762,4,0.18755735349276312,0.21000000000000002,-0.022442646507236902,ASO2
SOD1,763,0,0.13251911783092105,0.20999999999999996,-0.07748088216907892,SODr/h146145
SOD1,764,5,0.18755735349276312,0.21000000000000002,-0.022442646507236902,ASO3
SOD1,765,5,0.18755735349276312,0.21000000000000002,-0.022442646507236902,ASO3
SOD1,766,5,0.18755735349276312,0.21000000000000002,-0.022442646507236902,ASO3
SOD1,767,2,0.13251911783092105,0.20999999999999996,-0.07748088216907892,SODr146192
SOD1,768,4,0.18755735349276312,0.21000000000000002,-0.022442646507236902,ASO2
SOD1,769,2,0.13251911783092105,0.20999999999999996,-0.07748088216907892,SODr146192
SOD1,770,0,0.13251911783092105,0.20999999999999996,-0.07748088216907892,SODr/h146145
SOD1,771,5,0.18755735349276312,0.21000000000000002,-0.022442646507236902,ASO3
SOD1,772,0,0.13251911783092105,0.20999999999999996,-0.07748088216907892,SODr/h146145
SOD1,773,4,0.18755735349276312,0.21000000000000002,-0.022442646507236902,ASO2
SOD1,774,3,0.17251911783092105,0.15,0.02251911783092106,ASO1
SOD1,775,2,0.13251911783092105,0.20999999999999996,-0.07748088216907892,SODr146192
SOD1,776,0,0.13251911783092105,0.20999999999999996,-0.07748088216907892,SODr/h146145
SOD1,777,5,0.18755735349276312,0.21000000000000002,-0.022442646507236902,ASO3
SOD1,778,3,0.17251911783092105,0.15,0.02251911783092106,ASO1
SOD1,779,1,0.16251911783092104,0.15,0.01251911783092105,SODr/h333611
SOD1,780,1,0.16251911783092104,0.15,0.01251911783092105,SODr/h333611
SOD1,781,1,0.16251911783092104,0.15,0.01251911783092105,SODr/h333611
SOD1,782,0,0.13251911783092105,0.20999999999999996,-0.07748088216907892,SODr/h146145
SOD1,783,3,0.17251911783092105,0.15,0.02251911783092106,ASO1
SOD1,784,3,0.17251911783092105,0.15,0.02251911783092106,ASO1
SOD1,785,2,0.13251911783092105,0.20999999999999996,-0.07748088216907892,SODr146192
SOD1,786,2,0.13251911783092105,0.20999999999999996,-0.07748088216907892,SODr146192
SOD1,787,3,0.17251911783092105,0.15,0.02251911783092106,ASO1
SOD1,788,1,0.16251911783092104,0.15,0.01251911783092105,SODr/h333611
SOD1,789,4,0.18755735349276312,0.21000000000000002,-0.022442646507236902,ASO2
SOD1,790,5,0.18755735349276312,0.21000000000000002,-0.022442646507236902,ASO3
SOD1,791,2,0.13251911783092105,0.20999999999999996,-0.07748088216907892,SODr146192
SOD1,792,4,0.18755735349276312,0.21000000000000002,-0.022442646507236902,ASO2
SOD1,793,5,0.18755735349276312,0.21000000000000002,-0.022442646507236902,ASO3
SOD1,794,4,0.18755735349276312,0.21000000000000002,-0.022442646507236902,ASO2
SOD1,795,0,0.13251911783092105,0.20999999999999996,-0.07748088216907892,SODr/h146145
SOD1,796,0,0.13251911783092105,0.20999999999999996,-0.07748088216907892,SODr/h146145
SOD1,797,5,0.18755735349276312,0.21000000000000002,-0.022442646507236902,ASO3
SOD1,798,3,0.17251911783092105,0.15,0.02251911783092106,ASO1
SOD1,799,4,0.18755735349276312,0.21000000000000002,-0.022442646507236902,ASO2
SOD1,800,4,0.18755735349276312,0.21000000000000002,-0.022442646507236902,ASO2
SOD1,801,0,0.13251911783092105,0.20999999999999996,-0.07748088216907892,SODr/h146145
SOD1,802,2,0.13251911783092105,0.20999999999999996,-0.07748088216907892,SODr146192
SOD1,803,3,0.17251911783092105,0.15,0.02251911783092106,ASO1
SOD1,804,4,0.18755735349276312,0.21000000000000002,-0.022442646507236902,ASO2
SOD1,805,4,0.18755735349276312,0.21000000000000002,-0.022442646507236902,ASO2
SOD1,806,5,0.18755735349276312,0.21000000000000002,-0.022442646507236902,ASO3
SOD1,807,2,0.13251911783092105,0.20999999999999996,-0.07748088216907892,SODr146192
SOD1,808,3,0.17251911783092105,0.15,0.02251911783092106,ASO1
SOD1,809,2,0.13251911783092105,0.20999999999999996,-0.07748088216907892,SODr146192
SOD1,810,0,0.13251911783092105,0.20999999999999996,-0.07748088216907892,SODr/h146145
SOD1,811,4,0.18755735349276312,0.21000000000000002,-0.022442646507236902,ASO2
SOD1,812,1,0.16251911783092104,0.15,0.01251911783092105,SODr/h333611
SOD1,813,5,0.18755735349276312,0.21000000000000002,-0.022442646507236902,ASO3
SOD1,814,4,0.18755735349276312,0.21000000000000002,-0.022442646507236902,ASO2
SOD1,815,2,0.13251911783092105,0.20999999999999996,-0.07748088216907892,SODr146192
SOD1,816,4,0.18755735349276312,0.21000000000000002,-0.022442646507236902,ASO2
SOD1,817,5,0.18755735349276312,0.21000000000000002,-0.022442646507236902,ASO3
SOD1,818,0,0.13251911783092105,0.20999999999999996,-0.07748088216907892,SODr/h146145
SOD1,819,4,0.18755735349276312,0.21000000000000002,-0.022442646507236902,ASO2
SOD1,820,3,0.17251911783092105,0.15,0.02251911783092106,ASO1
SOD1,821,0,0.13251911783092105,0.20999999999999996,-0.07748088216907892,SODr/h146145
SOD1,822,3,0.17251911783092105,0.15,0.02251911783092106,ASO1
SOD1,823,4,0.18755735349276312,0.21000000000000002,-0.022442646507236902,ASO2
SOD1,824,2,0.13251911783092105,0.20999999999999996,-0.07748088216907892,SODr146192
SOD1,825,4,0.18755735349276312,0.21000000000000002,-0.022442646507236902,ASO2
SOD1,826,1,0.16251911783092104,0.15,0.01251911783092105,SODr/h333611
SOD1,827,5,0.18755735349276312,0.21000000000000002,-0.022442646507236902,ASO3
SOD1,828,0,0.13251911783092105,0.20999999999999996,-0.07748088216907892,SODr/h146145
SOD1,829,2,0.13251911783092105,0.20999999999999996,-0.07748088216907892,SODr146192
SOD1,830,5,0.18755735349276312,0.21000000000000002,-0.022442646507236902,ASO3
SOD1,831,1,0.16251911783092104,0.15,0.01251911783092105,SODr/h333611
SOD1,832,5,0.18755735349276312,0.21000000000000002,-0.022442646507236902,ASO3
SOD1,833,1,0.16251911783092104,0.15,0.01251911783092105,SODr/h333611
SOD1,834,0,0.13251911783092105,0.20999999999999996,-0.07748088216907892,SODr/h146145
SOD1,835,5,0.18755735349276312,0.21000000000000002,-0.022442646507236902,ASO3
SOD1,836,5,0.18755735349276312,0.21000000000000002,-0.022442646507236902,ASO3
SOD1,837,2,0.13251911783092105,0.20999999999999996,-0.07748088216907892,SODr146192
SOD1,838,5,0.18755735349276312,0.21000000000000002,-0.022442646507236902,ASO3
SOD1,839,4,0.18755735349276312,0.21000000000000002,-0.022442646507236902,ASO2
SOD1,840,2,0.13251911783092105,0.20999999999999996,-0.07748088216907892,SODr146192
SOD1,841,3,0.17251911783092105,0.15,0.02251911783092106,ASO1
SOD1,842,2,0.13251911783092105,0.20999999999999996,-0.07748088216907892,SODr146192
SOD1,843,1,0.16251911783092104,0.15,0.01251911783092105,SODr/h333611
SOD1,844,5,0.18755735349276312,0.21000000000000002,-0.022442646507236902,ASO3
SOD1,845,2,0.13251911783092105,0.20999999999999996,-0.07748088216907892,SODr146192
SOD1,846,1,0.16251911783092104,0.15,0.01251911783092105,SODr/h333611
SOD1,847,4,0.18755735349276312,0.21000000000000002,-0.022442646507236902,ASO2
SOD1,848,4,0.18755735349276312,0.21000000000000002,-0.022442646507236902,ASO2
SOD1,849,5,0.18755735349276312,0.21000000000000002,-0.022442646507236902,ASO3
SOD1,850,3,0.17251911783092105,0.15,0.02251911783092106,ASO1
SOD1,851,2,0.13251911783092105,0.20999999999999996,-0.07748088216907892,SODr146192
SOD1,852,3,0.17251911783092105,0.15,0.02251911783092106,ASO1
SOD1,853,4,0.18755735349276312,0.21000000000000002,-0.022442646507236902,ASO2
SOD1,854,4,0.18755735349276312,0.21000000000000002,-0.022442646507236902,ASO2
SOD1,855,0,0.13251911783092105,0.20999999999999996,-0.07748088216907892,SODr/h146145
SOD1,856,5,0.18755735349276312,0.21000000000000002,-0.022442646507236902,ASO3
SOD1,857,3,0.17251911783092105,0.15,0.02251911783092106,ASO1
SOD1,858,5,0.18755735349276312,0.21000000000000002,-0.022442646507236902,ASO3
SOD1,859,0,0.13251911783092105,0.20999999999999996,-0.07748088216907892,SODr/h146145
SOD1,860,4,0.18755735349276312,0.21000000000000002,-0.022442646507236902,ASO2
SOD1,861,5,0.18755735349276312,0.21000000000000002,-0.022442646507236902,ASO3
SOD1,862,4,0.18755735349276312,0.21000000000000002,-0.022442646507236902,ASO2
SOD1,863,4,0.18755735349276312,0.21000000000000002,-0.022442646507236902,ASO2
SOD1,864,3,0.17251911783092105,0.15,0.02251911783092106,ASO1
SOD1,865,2,0.13251911783092105,0.20999999999999996,-0.07748088216907892,SODr146192
SOD1,866,4,0.18755735349276312,0.21000000000000002,-0.022442646507236902,ASO2
SOD1,867,5,0.18755735349276312,0.21000000000000002,-0.022442646507236902,ASO3
SOD1,868,3,0.17251911783092105,0.15,0.02251911783092106,ASO1
SOD1,869,0,0.13251911783092105,0.20999999999999996,-0.07748088216907892,SODr/h146145
SOD1,870,2,0.13251911783092105,0.20999999999999996,-0.07748088216907892,SODr146192
SOD1,871,2,0.13251911783092105,0.20999999999999996,-0.07748088216907892,SODr146192
SOD1,872,4,0.18755735349276312,0.21000000000000002,-0.022442646507236902,ASO2
SOD1,873,1,0.16251911783092104,0.15,0.01251911783092105,SODr/h333611
SOD1,874,2,0.13251911783092105,0.20999999999999996,-0.07748088216907892,SODr146192
SOD1,875,5,0.18755735349276312,0.21000000000000002,-0.022442646507236902,ASO3
SOD1,876,1,0.16251911783092104,0.15,0.01251911783092105,SODr/h333611
SOD1,877,0,0.13251911783092105,0.20999999999999996,-0.07748088216907892,SODr/h146145
SOD1,878,1,0.16251911783092104,0.15,0.01251911783092105,SODr/h333611
SOD1,879,3,0.17251911783092105,0.15,0.02251911783092106,ASO1
SOD1,880,5,0.18755735349276312,0.21000000000000002,-0.022442646507236902,ASO3
SOD1,881,1,0.16251911783092104,0.15,0.01251911783092105,SODr/h333611
SOD1,882,1,0.16251911783092104,0.15,0.01251911783092105,SODr/h333611
SOD1,883,4,0.18755735349276312,0.21000000000000002,-0.022442646507236902,ASO2
SOD1,884,4,0.18755735349276312,0.21000000000000002,-0.022442646507236902,ASO2
SOD1,885,2,0.13251911783092105,0.20999999999999996,-0.07748088216907892,SODr146192
SOD1,886,1,0.16251911783092104,0.15,0.01251911783092105,SODr/h333611
SOD1,887,5,0.18755735349276312,0.21000000000000002,-0.022442646507236902,ASO3
SOD1,888,3,0.17251911783092105,0.15,0.02251911783092106,ASO1
SOD1,889,4,0.18755735349276312,0.21000000000000002,-0.022442646507236902,ASO2
SOD1,890,5,0.18755735349276312,0.21000000000000002,-0.022442646507236902,ASO3
SOD1,891,4,0.18755735349276312,0.21000000000000002,-0.022442646507236902,ASO2
SOD1,892,1,0.16251911783092104,0.15,0.01251911783092105,SODr/h333611
SOD1,893,1,0.16251911783092104,0.15,0.01251911783092105,SODr/h333611
SOD1,894,0,0.13251911783092105,0.20999999999999996,-0.07748088216907892,SODr/h146145
SOD1,895,0,0.13251911783092105,0.20999999999999996,-0.07748088216907892,SODr/h146145
SOD1,896,1,0.16251911783092104,0.15,0.01251911783092105,SODr/h333611
SOD1,897,2,0.13251911783092105,0.20999999999999996,-0.07748088216907892,SODr146192
SOD1,898,3,0.17251911783092105,0.15,0.02251911783092106,ASO1
SOD1,899,0,0.13251911783092105,0.20999999999999996,-0.07748088216907892,SODr/h146145
SOD1,900,1,0.16251911783092104,0.15,0.01251911783092105,SODr/h333611
SOD1,901,1,0.16251911783092104,0.15,0.01251911783092105,SODr/h333611
SOD1,902,2,0.13251911783092105,0.20999999999999996,-0.07748088216907892,SODr146192
SOD1,903,3,0.17251911783092105,0.15,0.02251911783092106,ASO1
SOD1,904,1,0.16251911783092104,0.15,0.01251911783092105,SODr/h333611
SOD1,905,1,0.16251911783092104,0.15,0.01251911783092105,SODr/h333611
SOD1,906,3,0.17251911783092105,0.15,0.02251911783092106,ASO1
SOD1,907,0,0.13251911783092105,0.20999999999999996,-0.07748088216907892,SODr/h146145
SOD1,908,5,0.18755735349276312,0.21000000000000002,-0.022442646507236902,ASO3
SOD1,909,3,0.17251911783092105,0.15,0.02251911783092106,ASO1
SOD1,910,4,0.18755735349276312,0.21000000000000002,-0.022442646507236902,ASO2
SOD1,911,4,0.18755735349276312,0.21000000000000002,-0.022442646507236902,ASO2
SOD1,912,0,0.13251911783092105,0.20999999999999996,-0.07748088216907892,SODr/h146145
SOD1,913,1,0.16251911783092104,0.15,0.01251911783092105,SODr/h333611
SOD1,914,0,0.13251911783092105,0.20999999999999996,-0.07748088216907892,SODr/h146145
SOD1,915,5,0.18755735349276312,0.21000000000000002,-0.022442646507236902,ASO3
SOD1,916,0,0.13251911783092105,0.20999999999999996,-0.07748088216907892,SODr/h146145
SOD1,917,2,0.13251911783092105,0.20999999999999996,-0.07748088216907892,SODr146192
SOD1,918,0,0.13251911783092105,0.20999999999999996,-0.07748088216907892,SODr/h146145
SOD1,919,3,0.17251911783092105,0.15,0.02251911783092106,ASO1
SOD1,920,1,0.16251911783092104,0.15,0.01251911783092105,SODr/h333611
SOD1,921,3,0.17251911783092105,0.15,0.02251911783092106,ASO1
SOD1,922,3,0.17251911783092105,0.15,0.02251911783092106,ASO1
SOD1,923,3,0.17251911783092105,0.15,0.02251911783092106,ASO1
SOD1,924,4,0.18755735349276312,0.21000000000000002,-0.022442646507236902,ASO2
SOD1,925,3,0.17251911783092105,0.15,0.02251911783092106,ASO1
SOD1,926,4,0.18755735349276312,0.21000000000000002,-0.022442646507236902,ASO2
SOD1,927,0,0.13251911783092105,0.20999999999999996,-0.07748088216907892,SODr/h146145
SOD1,928,1,0.16251911783092104,0.15,0.01251911783092105,SODr/h333611
SOD1,929,3,0.17251911783092105,0.15,0.02251911783092106,ASO1
SOD1,930,3,0.17251911783092105,0.15,0.02251911783092106,ASO1
SOD1,931,4,0.18755735349276312,0.21000000000000002,-0.022442646507236902,ASO2
SOD1,932,0,0.13251911783092105,0.20999999999999996,-0.07748088216907892,SODr/h146145
SOD1,933,0,0.13251911783092105,0.20999999999999996,-0.07748088216907892,SODr/h146145
SOD1,934,3,0.17251911783092105,0.15,0.02251911783092106,ASO1
SOD1,935,5,0.18755735349276312,0.21000000000000002,-0.022442646507236902,ASO3
SOD1,936,0,0.13251911783092105,0.20999999999999996,-0.07748088216907892,SODr/h146145
SOD1,937,0,0.13251911783092105,0.20999999999999996,-0.07748088216907892,SODr/h146145
SOD1,938,4,0.18755735349276312,0.21000000000000002,-0.022442646507236902,ASO2
SOD1,939,4,0.18755735349276312,0.21000000000000002,-0.022442646507236902,ASO2
SOD1,940,2,0.13251911783092105,0.20999999999999996,-0.07748088216907892,SODr146192
SOD1,941,2,0.13251911783092105,0.20999999999999996,-0.07748088216907892,SODr146192
SOD1,942,5,0.18755735349276312,0.21000000000000002,-0.022442646507236902,ASO3
SOD1,943,1,0.16251911783092104,0.15,0.01251911783092105,SODr/h333611
SOD1,944,0,0.13251911783092105,0.20999999999999996,-0.07748088216907892,SODr/h146145
SOD1,945,5,0.18755735349276312,0.21000000000000002,-0.022442646507236902,ASO3
SOD1,946,3,0.17251911783092105,0.15,0.02251911783092106,ASO1
SOD1,947,4,0.18755735349276312,0.21000000000000002,-0.022442646507236902,ASO2
SOD1,948,0,0.13251911783092105,0.20999999999999996,-0.07748088216907892,SODr/h146145
SOD1,949,3,0.17251911783092105,0.15,0.02251911783092106,ASO1
SOD1,950,5,0.18755735349276312,0.21000000000000002,-0.022442646507236902,ASO3
SOD1,951,2,0.13251911783092105,0.20999999999999996,-0.07748088216907892,SODr146192
SOD1,952,3,0.17251911783092105,0.15,0.02251911783092106,ASO1
SOD1,953,4,0.18755735349276312,0.21000000000000002,-0.022442646507236902,ASO2
SOD1,954,4,0.18755735349276312,0.21000000000000002,-0.022442646507236902,ASO2
SOD1,955,0,0.13251911783092105,0.20999999999999996,-0.07748088216907892,SODr/h146145
SOD1,956,5,0.18755735349276312,0.21000000000000002,-0.022442646507236902,ASO3
SOD1,957,2,0.13251911783092105,0.20999999999999996,-0.07748088216907892,SODr146192
SOD1,958,3,0.17251911783092105,0.15,0.02251911783092106,ASO1
SOD1,959,2,0.13251911783092105,0.20999999999999996,-0.07748088216907892,SODr146192
SOD1,960,4,0.18755735349276312,0.21000000000000002,-0.022442646507236902,ASO2
SOD1,961,0,0.13251911783092105,0.20999999999999996,-0.07748088216907892,SODr/h146145
SOD1,962,2,0.13251911783092105,0.20999999999999996,-0.07748088216907892,SODr146192
SOD1,963,2,0.13251911783092105,0.20999999999999996,-0.07748088216907892,SODr146192
SOD1,964,5,0.18755735349276312,0.21000000000000002,-0.022442646507236902,ASO3
SOD1,965,2,0.13251911783092105,0.20999999999999996,-0.07748088216907892,SODr146192
SOD1,966,4,0.18755735349276312,0.21000000000000002,-0.022442646507236902,ASO2
SOD1,967,0,0.13251911783092105,0.20999999999999996,-0.07748088216907892,SODr/h146145
SOD1,968,3,0.17251911783092105,0.15,0.02251911783092106,ASO1
SOD1,969,0,0.13251911783092105,0.20999999999999996,-0.07748088216907892,SODr/h146145
SOD1,970,5,0.18755735349276312,0.21000000000000002,-0.022442646507236902,ASO3
SOD1,971,5,0.18755735349276312,0.21000000000000002,-0.022442646507236902,ASO3
SOD1,972,2,0.13251911783092105,0.20999999999999996,-0.07748088216907892,SODr146192
SOD1,973,0,0.13251911783092105,0.20999999999999996,-0.07748088216907892,SODr/h146145
SOD1,974,1,0.16251911783092104,0.15,0.01251911783092105,SODr/h333611
SOD1,975,0,0.13251911783092105,0.20999999999999996,-0.07748088216907892,SODr/h146145
SOD1,976,5,0.18755735349276312,0.21000000000000002,-0.022442646507236902,ASO3
SOD1,977,5,0.18755735349276312,0.21000000000000002,-0.022442646507236902,ASO3
SOD1,978,1,0.16251911783092104,0.15,0.01251911783092105,SODr/h333611
SOD1,979,5,0.18755735349276312,0.21000000000000002,-0.022442646507236902,ASO3
SOD1,980,4,0.18755735349276312,0.21000000000000002,-0.022442646507236902,ASO2
SOD1,981,2,0.13251911783092105,0.20999999999999996,-0.07748088216907892,SODr146192
SOD1,982,3,0.17251911783092105,0.15,0.02251911783092106,ASO1
SOD1,983,0,0.13251911783092105,0.20999999999999996,-0.07748088216907892,SODr/h146145
SOD1,984,5,0.18755735349276312,0.21000000000000002,-0.022442646507236902,ASO3
SOD1,985,3,0.17251911783092105,0.15,0.02251911783092106,ASO1
SOD1,986,4,0.18755735349276312,0.21000000000000002,-0.022442646507236902,ASO2
SOD1,987,2,0.13251911783092105,0.20999999999999996,-0.07748088216907892,SODr146192
SOD1,988,4,0.18755735349276312,0.21000000000000002,-0.022442646507236902,ASO2
SOD1,989,5,0.18755735349276312,0.21000000000000002,-0.022442646507236902,ASO3
SOD1,990,4,0.18755735349276312,0.21000000000000002,-0.022442646507236902,ASO2
SOD1,991,0,0.13251911783092105,0.20999999999999996,-0.07748088216907892,SODr/h146145
SOD1,992,1,0.16251911783092104,0.15,0.01251911783092105,SODr/h333611
SOD1,993,4,0.18755735349276312,0.21000000000000002,-0.022442646507236902,ASO2
SOD1,994,1,0.16251911783092104,0.15,0.01251911783092105,SODr/h333611
SOD1,995,0,0.13251911783092105,0.20999999999999996,-0.07748088216907892,SODr/h146145
SOD1,996,0,0.13251911783092105,0.20999999999999996,-0.07748088216907892,SODr/h146145
SOD1,997,1,0.16251911783092104,0.15,0.01251911783092105,SODr/h333611
SOD1,998,1,0.16251911783092104,0.15,0.01251911783092105,SODr/h333611
SOD1,999,1,0.16251911783092104,0.15,0.01251911783092105,SODr/h333611
STMN2,0,18,0.26636938166770185,0.3500000000000001,-0.08363061833229823,rASO5
STMN2,1,14,0.18318469083385092,0.275,-0.0918153091661491,rASO1
STMN2,2,16,0.23318469083385093,0.175,0.058184690833850944,rASO3
STMN2,3,17,0.2581846908338509,0.19999999999999998,0.058184690833850944,rASO4
STMN2,4,18,0.26636938166770185,0.3500000000000001,-0.08363061833229823,rASO5
STMN2,5,14,0.18318469083385092,0.275,-0.0918153091661491,rASO1
STMN2,6,18,0.26636938166770185,0.3500000000000001,-0.08363061833229823,rASO5
STMN2,7,16,0.23318469083385093,0.175,0.058184690833850944,rASO3
STMN2,8,14,0.18318469083385092,0.275,-0.0918153091661491,rASO1
STMN2,9,14,0.18318469083385092,0.275,-0.0918153091661491,rASO1
STMN2,10,14,0.18318469083385092,0.275,-0.0918153091661491,rASO1
STMN2,11,17,0.2581846908338509,0.19999999999999998,0.058184690833850944,rASO4
STMN2,12,16,0.23318469083385093,0.175,0.058184690833850944,rASO3
STMN2,13,17,0.2581846908338509,0.19999999999999998,0.058184690833850944,rASO4
STMN2,14,14,0.18318469083385092,0.275,-0.0918153091661491,rASO1
STMN2,15,14,0.18318469083385092,0.275,-0.0918153091661491,rASO1
STMN2,16,18,0.26636938166770185,0.3500000000000001,-0.08363061833229823,rASO5
STMN2,17,14,0.18318469083385092,0.275,-0.0918153091661491,rASO1
STMN2,18,14,0.18318469083385092,0.275,-0.0918153091661491,rASO1
STMN2,19,17,0.2581846908338509,0.19999999999999998,0.058184690833850944,rASO4
STMN2,20,15,0.2081846908338509,0.2,0.0081846908338509,rASO2
STMN2,21,16,0.23318469083385093,0.175,0.058184690833850944,rASO3
STMN2,22,14,0.18318469083385092,0.275,-0.0918153091661491,rASO1
STMN2,23,15,0.2081846908338509,0.2,0.0081846908338509,rASO2
STMN2,24,16,0.23318469083385093,0.175,0.058184690833850944,rASO3
STMN2,25,17,0.2581846908338509,0.19999999999999998,0.058184690833850944,rASO4
STMN2,26,14,0.18318469083385092,0.275,-0.0918153091661491,rASO1
STMN2,27,18,0.26636938166770185,0.3500000000000001,-0.08363061833229823,rASO5
STMN2,28,17,0.2581846908338509,0.19999999999999998,0.058184690833850944,rASO4
STMN2,29,16,0.23318469083385093,0.175,0.058184690833850944,rASO3
STMN2,30,14,0.18318469083385092,0.275,-0.0918153091661491,rASO1
STMN2,31,15,0.2081846908338509,0.2,0.0081846908338509,rASO2
STMN2,32,15,0.2081846908338509,0.2,0.0081846908338509,rASO2
STMN2,33,16,0.23318469083385093,0.175,0.058184690833850944,rASO3
STMN2,34,14,0.18318469083385092,0.275,-0.0918153091661491,rASO1
STMN2,35,16,0.23318469083385093,0.175,0.058184690833850944,rASO3
STMN2,36,16,0.23318469083385093,0.175,0.058184690833850944,rASO3
STMN2,37,15,0.2081846908338509,0.2,0.0081846908338509,rASO2
STMN2,38,18,0.26636938166770185,0.3500000000000001,-0.08363061833229823,rASO5
STMN2,39,17,0.2581846908338509,0.19999999999999998,0.058184690833850944,rASO4
STMN2,40,16,0.23318469083385093,0.175,0.058184690833850944,rASO3
STMN2,41,16,0.23318469083385093,0.175,0.058184690833850944,rASO3
STMN2,42,17,0.2581846908338509,0.19999999999999998,0.058184690833850944,rASO4
STMN2,43,17,0.2581846908338509,0.19999999999999998,0.058184690833850944,rASO4
STMN2,44,14,0.18318469083385092,0.275,-0.0918153091661491,rASO1
STMN2,45,16,0.23318469083385093,0.175,0.058184690833850944,rASO3
STMN2,46,17,0.2581846908338509,0.19999999999999998,0.058184690833850944,rASO4
STMN2,47,16,0.23318469083385093,0.175,0.058184690833850944,rASO3
STMN2,48,17,0.2581846908338509,0.19999999999999998,0.058184690833850944,rASO4
STMN2,49,15,0.2081846908338509,0.2,0.0081846908338509,rASO2
STMN2,50,15,0.2081846908338509,0.2,0.0081846908338509,rASO2
STMN2,51,18,0.26636938166770185,0.3500000000000001,-0.08363061833229823,rASO5
STMN2,52,15,0.2081846908338509,0.2,0.0081846908338509,rASO2
STMN2,53,14,0.18318469083385092,0.275,-0.0918153091661491,rASO1
STMN2,54,15,0.2081846908338509,0.2,0.0081846908338509,rASO2
STMN2,55,15,0.2081846908338509,0.2,0.0081846908338509,rASO2
STMN2,56,17,0.2581846908338509,0.19999999999999998,0.058184690833850944,rASO4
STMN2,57,15,0.2081846908338509,0.2,0.0081846908338509,rASO2
STMN2,58,15,0.2081846908338509,0.2,0.0081846908338509,rASO2
STMN2,59,18,0.26636938166770185,0.3500000000000001,-0.08363061833229823,rASO5
STMN2,60,14,0.18318469083385092,0.275,-0.0918153091661491,rASO1
STMN2,61,16,0.23318469083385093,0.175,0.058184690833850944,rASO3
STMN2,62,18,0.26636938166770185,0.3500000000000001,-0.08363061833229823,rASO5
STMN2,63,14,0.18318469083385092,0.275,-0.0918153091661491,rASO1
STMN2,64,17,0.2581846908338509,0.19999999999999998,0.058184690833850944,rASO4
STMN2,65,18,0.26636938166770185,0.3500000000000001,-0.08363061833229823,rASO5
STMN2,66,17,0.2581846908338509,0.19999999999999998,0.058184690833850944,rASO4
STMN2,67,15,0.2081846908338509,0.2,0.0081846908338509,rASO2
STMN2,68,17,0.2581846908338509,0.19999999999999998,0.058184690833850944,rASO4
STMN2,69,14,0.18318469083385092,0.275,-0.0918153091661491,rASO1
STMN2,70,16,0.23318469083385093,0.175,0.058184690833850944,rASO3
STMN2,71,17,0.2581846908338509,0.19999999999999998,0.058184690833850944,rASO4
STMN2,72,16,0.23318469083385093,0.175,0.058184690833850944,rASO3
STMN2,73,18,0.26636938166770185,0.3500000000000001,-0.08363061833229823,rASO5
STMN2,74,15,0.2081846908338509,0.2,0.0081846908338509,rASO2
STMN2,75,18,0.26636938166770185,0.3500000000000001,-0.08363061833229823,rASO5
STMN2,76,14,0.18318469083385092,0.275,-0.0918153091661491,rASO1
STMN2,77,14,0.18318469083385092,0.275,-0.0918153091661491,rASO1
STMN2,78,15,0.2081846908338509,0.2,0.0081846908338509,rASO2
STMN2,79,16,0.23318469083385093,0.175,0.058184690833850944,rASO3
STMN2,80,16,0.23318469083385093,0.175,0.058184690833850944,rASO3
STMN2,81,14,0.18318469083385092,0.275,-0.0918153091661491,rASO1
STMN2,82,14,0.18318469083385092,0.275,-0.0918153091661491,rASO1
STMN2,83,15,0.2081846908338509,0.2,0.0081846908338509,rASO2
STMN2,84,16,0.23318469083385093,0.175,0.058184690833850944,rASO3
STMN2,85,14,0.18318469083385092,0.275,-0.0918153091661491,rASO1
STMN2,86,17,0.2581846908338509,0.19999999999999998,0.058184690833850944,rASO4
STMN2,87,17,0.2581846908338509,0.19999999999999998,0.058184690833850944,rASO4
STMN2,88,15,0.2081846908338509,0.2,0.0081846908338509,rASO2
STMN2,89,15,0.2081846908338509,0.2,0.0081846908338509,rASO2
STMN2,90,16,0.23318469083385093,0.175,0.058184690833850944,rASO3
STMN2,91,18,0.26636938166770185,0.3500000000000001,-0.08363061833229823,rASO5
STMN2,92,16,0.23318469083385093,0.175,0.058184690833850944,rASO3
STMN2,93,16,0.23318469083385093,0.175,0.058184690833850944,rASO3
STMN2,94,14,0.18318469083385092,0.275,-0.0918153091661491,rASO1
STMN2,95,16,0.23318469083385093,0.175,0.058184690833850944,rASO3
STMN2,96,14,0.18318469083385092,0.275,-0.0918153091661491,rASO1
STMN2,97,17,0.2581846908338509,0.19999999999999998,0.058184690833850944,rASO4
STMN2,98,15,0.2081846908338509,0.2,0.0081846908338509,rASO2
STMN2,99,17,0.2581846908338509,0.19999999999999998,0.058184690833850944,rASO4
STMN2,100,16,0.23318469083385093,0.175,0.058184690833850944,rASO3
STMN2,101,18,0.26636938166770185,0.3500000000000001,-0.08363061833229823,rASO5
STMN2,102,17,0.2581846908338509,0.19999999999999998,0.058184690833850944,rASO4
STMN2,103,14,0.18318469083385092,0.275,-0.0918153091661491,rASO1
STMN2,104,15,0.2081846908338509,0.2,0.0081846908338509,rASO2
STMN2,105,16,0.23318469083385093,0.175,0.058184690833850944,rASO3
STMN2,106,17,0.2581846908338509,0.19999999999999998,0.058184690833850944,rASO4
STMN2,107,16,0.23318469083385093,0.175,0.058184690833850944,rASO3
STMN2,108,17,0.2581846908338509,0.19999999999999998,0.058184690833850944,rASO4
STMN2,109,14,0.18318469083385092,0.275,-0.0918153091661491,rASO1
STMN2,110,17,0.2581846908338509,0.19999999999999998,0.058184690833850944,rASO4
STMN2,111,17,0.2581846908338509,0.19999999999999998,0.058184690833850944,rASO4
STMN2,112,16,0.23318469083385093,0.175,0.058184690833850944,rASO3
STMN2,113,16,0.23318469083385093,0.175,0.058184690833850944,rASO3
STMN2,114,16,0.23318469083385093,0.175,0.058184690833850944,rASO3
STMN2,115,17,0.2581846908338509,0.19999999999999998,0.058184690833850944,rASO4
STMN2,116,17,0.2581846908338509,0.19999999999999998,0.058184690833850944,rASO4
STMN2,117,18,0.26636938166770185,0.3500000000000001,-0.08363061833229823,rASO5
STMN2,118,14,0.18318469083385092,0.275,-0.0918153091661491,rASO1
STMN2,119,17,0.2581846908338509,0.19999999999999998,0.058184690833850944,rASO4
STMN2,120,17,0.2581846908338509,0.19999999999999998,0.058184690833850944,rASO4
STMN2,121,17,0.2581846908338509,0.19999999999999998,0.058184690833850944,rASO4
STMN2,122,15,0.2081846908338509,0.2,0.0081846908338509,rASO2
STMN2,123,15,0.2081846908338509,0.2,0.0081846908338509,rASO2
STMN2,124,14,0.18318469083385092,0.275,-0.0918153091661491,rASO1
STMN2,125,16,0.23318469083385093,0.175,0.058184690833850944,rASO3
STMN2,126,15,0.2081846908338509,0.2,0.0081846908338509,rASO2
STMN2,127,18,0.26636938166770185,0.3500000000000001,-0.08363061833229823,rASO5
STMN2,128,17,0.2581846908338509,0.19999999999999998,0.058184690833850944,rASO4
STMN2,129,15,0.2081846908338509,0.2,0.0081846908338509,rASO2
STMN2,130,15,0.2081846908338509,0.2,0.0081846908338509,rASO2
STMN2,131,16,0.23318469083385093,0.175,0.058184690833850944,rASO3
STMN2,132,16,0.23318469083385093,0.175,0.058184690833850944,rASO3
STMN2,133,14,0.18318469083385092,0.275,-0.0918153091661491,rASO1
STMN2,134,16,0.23318469083385093,0.175,0.058184690833850944,rASO3
STMN2,135,17,0.2581846908338509,0.19999999999999998,0.058184690833850944,rASO4
STMN2,136,15,0.2081846908338509,0.2,0.0081846908338509,rASO2
STMN2,137,15,0.2081846908338509,0.2,0.0081846908338509,rASO2
STMN2,138,16,0.23318469083385093,0.175,0.058184690833850944,rASO3
STMN2,139,14,0.18318469083385092,0.275,-0.0918153091661491,rASO1
STMN2,140,15,0.2081846908338509,0.2,0.0081846908338509,rASO2
STMN2,141,18,0.26636938166770185,0.3500000000000001,-0.08363061833229823,rASO5
STMN2,142,18,0.26636938166770185,0.3500000000000001,-0.08363061833229823,rASO5
STMN2,143,14,0.18318469083385092,0.275,-0.0918153091661491,rASO1
STMN2,144,15,0.2081846908338509,0.2,0.0081846908338509,rASO2
STMN2,145,16,0.23318469083385093,0.175,0.058184690833850944,rASO3
STMN2,146,17,0.2581846908338509,0.19999999999999998,0.058184690833850944,rASO4
STMN2,147,15,0.2081846908338509,0.2,0.0081846908338509,rASO2
STMN2,148,18,0.26636938166770185,0.3500000000000001,-0.08363061833229823,rASO5
STMN2,149,16,0.23318469083385093,0.175,0.058184690833850944,rASO3
STMN2,150,14,0.18318469083385092,0.275,-0.0918153091661491,rASO1
STMN2,151,18,0.26636938166770185,0.3500000000000001,-0.08363061833229823,rASO5
STMN2,152,18,0.26636938166770185,0.3500000000000001,-0.08363061833229823,rASO5
STMN2,153,17,0.2581846908338509,0.19999999999999998,0.058184690833850944,rASO4
STMN2,154,18,0.26636938166770185,0.3500000000000001,-0.08363061833229823,rASO5
STMN2,155,17,0.2581846908338509,0.19999999999999998,0.058184690833850944,rASO4
STMN2,156,15,0.2081846908338509,0.2,0.0081846908338509,rASO2
STMN2,157,14,0.18318469083385092,0.275,-0.0918153091661491,rASO1
STMN2,158,17,0.2581846908338509,0.19999999999999998,0.058184690833850944,rASO4
STMN2,159,14,0.18318469083385092,0.275,-0.0918153091661491,rASO1
STMN2,160,16,0.23318469083385093,0.175,0.058184690833850944,rASO3
STMN2,161,17,0.2581846908338509,0.19999999999999998,0.058184690833850944,rASO4
STMN2,162,15,0.2081846908338509,0.2,0.0081846908338509,rASO2
STMN2,163,16,0.23318469083385093,0.175,0.058184690833850944,rASO3
STMN2,164,16,0.23318469083385093,0.175,0.058184690833850944,rASO3
STMN2,165,18,0.26636938166770185,0.3500000000000001,-0.08363061833229823,rASO5
STMN2,166,15,0.2081846908338509,0.2,0.0081846908338509,rASO2
STMN2,167,15,0.2081846908338509,0.2,0.0081846908338509,rASO2
STMN2,168,16,0.23318469083385093,0.175,0.058184690833850944,rASO3
STMN2,169,17,0.2581846908338509,0.19999999999999998,0.058184690833850944,rASO4
STMN2,170,15,0.2081846908338509,0.2,0.0081846908338509,rASO2
STMN2,171,15,0.2081846908338509,0.2,0.0081846908338509,rASO2
STMN2,172,16,0.23318469083385093,0.175,0.058184690833850944,rASO3
STMN2,173,16,0.23318469083385093,0.175,0.058184690833850944,rASO3
STMN2,174,14,0.18318469083385092,0.275,-0.0918153091661491,rASO1
STMN2,175,16,0.23318469083385093,0.175,0.058184690833850944,rASO3
STMN2,176,16,0.23318469083385093,0.175,0.058184690833850944,rASO3
STMN2,177,14,0.18318469083385092,0.275,-0.0918153091661491,rASO1
STMN2,178,16,0.23318469083385093,0.175,0.058184690833850944,rASO3
STMN2,179,15,0.2081846908338509,0.2,0.0081846908338509,rASO2
STMN2,180,14,0.18318469083385092,0.275,-0.0918153091661491,rASO1
STMN2,181,15,0.2081846908338509,0.2,0.0081846908338509,rASO2
STMN2,182,14,0.18318469083385092,0.275,-0.0918153091661491,rASO1
STMN2,183,15,0.2081846908338509,0.2,0.0081846908338509,rASO2
STMN2,184,15,0.2081846908338509,0.2,0.0081846908338509,rASO2
STMN2,185,17,0.2581846908338509,0.19999999999999998,0.058184690833850944,rASO4
STMN2,186,15,0.2081846908338509,0.2,0.0081846908338509,rASO2
STMN2,187,17,0.2581846908338509,0.19999999999999998,0.058184690833850944,rASO4
STMN2,188,17,0.2581846908338509,0.19999999999999998,0.058184690833850944,rASO4
STMN2,189,16,0.23318469083385093,0.175,0.058184690833850944,rASO3
STMN2,190,18,0.26636938166770185,0.3500000000000001,-0.08363061833229823,rASO5
STMN2,191,16,0.23318469083385093,0.175,0.058184690833850944,rASO3
STMN2,192,16,0.23318469083385093,0.175,0.058184690833850944,rASO3
STMN2,193,16,0.23318469083385093,0.175,0.058184690833850944,rASO3
STMN2,194,14,0.18318469083385092,0.275,-0.0918153091661491,rASO1
STMN2,195,15,0.2081846908338509,0.2,0.0081846908338509,rASO2
STMN2,196,15,0.2081846908338509,0.2,0.0081846908338509,rASO2
STMN2,197,15,0.2081846908338509,0.2,0.0081846908338509,rASO2
STMN2,198,14,0.18318469083385092,0.275,-0.0918153091661491,rASO1
STMN2,199,17,0.2581846908338509,0.19999999999999998,0.058184690833850944,rASO4
STMN2,200,18,0.26636938166770185,0.3500000000000001,-0.08363061833229823,rASO5
STMN2,201,14,0.18318469083385092,0.275,-0.0918153091661491,rASO1
STMN2,202,14,0.18318469083385092,0.275,-0.0918153091661491,rASO1
STMN2,203,14,0.18318469083385092,0.275,-0.0918153091661491,rASO1
STMN2,204,18,0.26636938166770185,0.3500000000000001,-0.08363061833229823,rASO5
STMN2,205,16,0.23318469083385093,0.175,0.058184690833850944,rASO3
STMN2,206,14,0.18318469083385092,0.275,-0.0918153091661491,rASO1
STMN2,207,15,0.2081846908338509,0.2,0.0081846908338509,rASO2
STMN2,208,14,0.18318469083385092,0.275,-0.0918153091661491,rASO1
STMN2,209,15,0.2081846908338509,0.2,0.0081846908338509,rASO2
STMN2,210,17,0.2581846908338509,0.19999999999999998,0.058184690833850944,rASO4
STMN2,211,17,0.2581846908338509,0.19999999999999998,0.058184690833850944,rASO4
STMN2,212,18,0.26636938166770185,0.3500000000000001,-0.08363061833229823,rASO5
STMN2,213,18,0.26636938166770185,0.3500000000000001,-0.08363061833229823,rASO5
STMN2,214,18,0.26636938166770185,0.3500000000000001,-0.08363061833229823,rASO5
STMN2,215,16,0.23318469083385093,0.175,0.058184690833850944,rASO3
STMN2,216,14,0.18318469083385092,0.275,-0.0918153091661491,rASO1
STMN2,217,14,0.18318469083385092,0.275,-0.0918153091661491,rASO1
STMN2,218,16,0.23318469083385093,0.175,0.058184690833850944,rASO3
STMN2,219,17,0.2581846908338509,0.19999999999999998,0.058184690833850944,rASO4
STMN2,220,16,0.23318469083385093,0.175,0.058184690833850944,rASO3
STMN2,221,17,0.2581846908338509,0.19999999999999998,0.058184690833850944,rASO4
STMN2,222,18,0.26636938166770185,0.3500000000000001,-0.08363061833229823,rASO5
STMN2,223,14,0.18318469083385092,0.275,-0.0918153091661491,rASO1
STMN2,224,15,0.2081846908338509,0.2,0.0081846908338509,rASO2
STMN2,225,15,0.2081846908338509,0.2,0.0081846908338509,rASO2
STMN2,226,18,0.26636938166770185,0.3500000000000001,-0.08363061833229823,rASO5
STMN2,227,15,0.2081846908338509,0.2,0.0081846908338509,rASO2
STMN2,228,16,0.23318469083385093,0.175,0.058184690833850944,rASO3
STMN2,229,17,0.2581846908338509,0.19999999999999998,0.058184690833850944,rASO4
STMN2,230,16,0.23318469083385093,0.175,0.058184690833850944,rASO3
STMN2,231,18,0.26636938166770185,0.3500000000000001,-0.08363061833229823,rASO5
STMN2,232,18,0.26636938166770185,0.3500000000000001,-0.08363061833229823,rASO5
STMN2,233,18,0.26636938166770185,0.3500000000000001,-0.08363061833229823,rASO5
STMN2,234,18,0.26636938166770185,0.3500000000000001,-0.08363061833229823,rASO5
STMN2,235,15,0.2081846908338509,0.2,0.0081846908338509,rASO2
STMN2,236,16,0.23318469083385093,0.175,0.058184690833850944,rASO3
STMN2,237,17,0.2581846908338509,0.19999999999999998,0.058184690833850944,rASO4
STMN2,238,17,0.2581846908338509,0.19999999999999998,0.058184690833850944,rASO4
STMN2,239,16,0.23318469083385093,0.175,0.058184690833850944,rASO3
STMN2,240,14,0.18318469083385092,0.275,-0.0918153091661491,rASO1
STMN2,241,16,0.23318469083385093,0.175,0.058184690833850944,rASO3
STMN2,242,15,0.2081846908338509,0.2,0.0081846908338509,rASO2
STMN2,243,16,0.23318469083385093,0.175,0.058184690833850944,rASO3
STMN2,244,16,0.23318469083385093,0.175,0.058184690833850944,rASO3
STMN2,245,14,0.18318469083385092,0.275,-0.0918153091661491,rASO1
STMN2,246,18,0.26636938166770185,0.3500000000000001,-0.08363061833229823,rASO5
STMN2,247,18,0.26636938166770185,0.3500000000000001,-0.08363061833229823,rASO5
STMN2,248,15,0.2081846908338509,0.2,0.0081846908338509,rASO2
STMN2,249,18,0.26636938166770185,0.3500000000000001,-0.08363061833229823,rASO5
STMN2,250,18,0.26636938166770185,0.3500000000000001,-0.08363061833229823,rASO5
STMN2,251,15,0.2081846908338509,0.2,0.0081846908338509,rASO2
STMN2,252,15,0.2081846908338509,0.2,0.0081846908338509,rASO2
STMN2,253,17,0.2581846908338509,0.19999999999999998,0.058184690833850944,rASO4
STMN2,254,14,0.18318469083385092,0.275,-0.0918153091661491,rASO1
STMN2,255,14,0.18318469083385092,0.275,-0.0918153091661491,rASO1
STMN2,256,16,0.23318469083385093,0.175,0.058184690833850944,rASO3
STMN2,257,14,0.18318469083385092,0.275,-0.0918153091661491,rASO1
STMN2,258,17,0.2581846908338509,0.19999999999999998,0.058184690833850944,rASO4
STMN2,259,14,0.18318469083385092,0.275,-0.0918153091661491,rASO1
STMN2,260,16,0.23318469083385093,0.175,0.058184690833850944,rASO3
STMN2,261,16,0.23318469083385093,0.175,0.058184690833850944,rASO3
STMN2,262,18,0.26636938166770185,0.3500000000000001,-0.08363061833229823,rASO5
STMN2,263,15,0.2081846908338509,0.2,0.0081846908338509,rASO2
STMN2,264,18,0.26636938166770185,0.3500000000000001,-0.08363061833229823,rASO5
STMN2,265,18,0.26636938166770185,0.3500000000000001,-0.08363061833229823,rASO5
STMN2,266,18,0.26636938166770185,0.3500000000000001,-0.08363061833229823,rASO5
STMN2,267,17,0.2581846908338509,0.19999999999999998,0.058184690833850944,rASO4
STMN2,268,15,0.2081846908338509,0.2,0.0081846908338509,rASO2
STMN2,269,18,0.26636938166770185,0.3500000000000001,-0.08363061833229823,rASO5
STMN2,270,14,0.18318469083385092,0.275,-0.0918153091661491,rASO1
STMN2,271,18,0.26636938166770185,0.3500000000000001,-0.08363061833229823,rASO5
STMN2,272,15,0.2081846908338509,0.2,0.0081846908338509,rASO2
STMN2,273,14,0.18318469083385092,0.275,-0.0918153091661491,rASO1
STMN2,274,14,0.18318469083385092,0.275,-0.0918153091661491,rASO1
STMN2,275,15,0.2081846908338509,0.2,0.0081846908338509,rASO2
STMN2,276,15,0.2081846908338509,0.2,0.0081846908338509,rASO2
STMN2,277,16,0.23318469083385093,0.175,0.058184690833850944,rASO3
STMN2,278,18,0.26636938166770185,0.3500000000000001,-0.08363061833229823,rASO5
STMN2,279,15,0.2081846908338509,0.2,0.0081846908338509,rASO2
STMN2,280,17,0.2581846908338509,0.19999999999999998,0.058184690833850944,rASO4
STMN2,281,15,0.2081846908338509,0.2,0.0081846908338509,rASO2
STMN2,282,16,0.23318469083385093,0.175,0.058184690833850944,rASO3
STMN2,283,17,0.2581846908338509,0.19999999999999998,0.058184690833850944,rASO4
STMN2,284,14,0.18318469083385092,0.275,-0.0918153091661491,rASO1
STMN2,285,14,0.18318469083385092,0.275,-0.0918153091661491,rASO1
STMN2,286,15,0.2081846908338509,0.2,0.0081846908338509,rASO2
STMN2,287,17,0.2581846908338509,0.19999999999999998,0.058184690833850944,rASO4
STMN2,288,18,0.26636938166770185,0.3500000000000001,-0.08363061833229823,rASO5
STMN2,289,15,0.2081846908338509,0.2,0.0081846908338509,rASO2
STMN2,290,18,0.26636938166770185,0.3500000000000001,-0.08363061833229823,rASO5
STMN2,291,16,0.23318469083385093,0.175,0.058184690833850944,rASO3
STMN2,292,16,0.23318469083385093,0.175,0.058184690833850944,rASO3
STMN2,293,17,0.2581846908338509,0.19999999999999998,0.058184690833850944,rASO4
STMN2,294,17,0.2581846908338509,0.19999999999999998,0.058184690833850944,rASO4
STMN2,295,17,0.2581846908338509,0.19999999999999998,0.058184690833850944,rASO4
STMN2,296,15,0.2081846908338509,0.2,0.0081846908338509,rASO2
STMN2,297,15,0.2081846908338509,0.2,0.0081846908338509,rASO2
STMN2,298,18,0.26636938166770185,0.3500000000000001,-0.08363061833229823,rASO5
STMN2,299,16,0.23318469083385093,0.175,0.058184690833850944,rASO3
STMN2,300,15,0.2081846908338509,0.2,0.0081846908338509,rASO2
STMN2,301,15,0.2081846908338509,0.2,0.0081846908338509,rASO2
STMN2,302,17,0.2581846908338509,0.19999999999999998,0.058184690833850944,rASO4
STMN2,303,18,0.26636938166770185,0.3500000000000001,-0.08363061833229823,rASO5
STMN2,304,17,0.2581846908338509,0.19999999999999998,0.058184690833850944,rASO4
STMN2,305,17,0.2581846908338509,0.19999999999999998,0.058184690833850944,rASO4
STMN2,306,18,0.26636938166770185,0.3500000000000001,-0.08363061833229823,rASO5
STMN2,307,15,0.2081846908338509,0.2,0.0081846908338509,rASO2
STMN2,308,17,0.2581846908338509,0.19999999999999998,0.058184690833850944,rASO4
STMN2,309,15,0.2081846908338509,0.2,0.0081846908338509,rASO2
STMN2,310,16,0.23318469083385093,0.175,0.058184690833850944,rASO3
STMN2,311,14,0.18318469083385092,0.275,-0.0918153091661491,rASO1
STMN2,312,17,0.2581846908338509,0.19999999999999998,0.058184690833850944,rASO4
STMN2,313,14,0.18318469083385092,0.275,-0.0918153091661491,rASO1
STMN2,314,14,0.18318469083385092,0.275,-0.0918153091661491,rASO1
STMN2,315,18,0.26636938166770185,0.3500000000000001,-0.08363061833229823,rASO5
STMN2,316,15,0.2081846908338509,0.2,0.0081846908338509,rASO2
STMN2,317,15,0.2081846908338509,0.2,0.0081846908338509,rASO2
STMN2,318,14,0.18318469083385092,0.275,-0.0918153091661491,rASO1
STMN2,319,17,0.2581846908338509,0.19999999999999998,0.058184690833850944,rASO4
STMN2,320,17,0.2581846908338509,0.19999999999999998,0.058184690833850944,rASO4
STMN2,321,18,0.26636938166770185,0.3500000000000001,-0.08363061833229823,rASO5
STMN2,322,16,0.23318469083385093,0.175,0.058184690833850944,rASO3
STMN2,323,14,0.18318469083385092,0.275,-0.0918153091661491,rASO1
STMN2,324,16,0.23318469083385093,0.175,0.058184690833850944,rASO3
STMN2,325,18,0.26636938166770185,0.3500000000000001,-0.08363061833229823,rASO5
STMN2,326,15,0.2081846908338509,0.2,0.0081846908338509,rASO2
STMN2,327,14,0.18318469083385092,0.275,-0.0918153091661491,rASO1
STMN2,328,17,0.2581846908338509,0.19999999999999998,0.058184690833850944,rASO4
STMN2,329,18,0.26636938166770185,0.3500000000000001,-0.08363061833229823,rASO5
STMN2,330,14,0.18318469083385092,0.275,-0.0918153091661491,rASO1
STMN2,331,17,0.2581846908338509,0.19999999999999998,0.058184690833850944,rASO4
STMN2,332,18,0.26636938166770185,0.3500000000000001,-0.08363061833229823,rASO5
STMN2,333,18,0.26636938166770185,0.3500000000000001,-0.08363061833229823,rASO5
STMN2,334,17,0.2581846908338509,0.19999999999999998,0.058184690833850944,rASO4
STMN2,335,15,0.2081846908338509,0.2,0.0081846908338509,rASO2
STMN2,336,16,0.23318469083385093,0.175,0.058184690833850944,rASO3
STMN2,337,15,0.2081846908338509,0.2,0.0081846908338509,rASO2
STMN2,338,18,0.26636938166770185,0.3500000000000001,-0.08363061833229823,rASO5
STMN2,339,16,0.23318469083385093,0.175,0.058184690833850944,rASO3
STMN2,340,16,0.23318469083385093,0.175,0.058184690833850944,rASO3
STMN2,341,17,0.2581846908338509,0.19999999999999998,0.058184690833850944,rASO4
STMN2,342,18,0.26636938166770185,0.3500000000000001,-0.08363061833229823,rASO5
STMN2,343,18,0.26636938166770185,0.3500000000000001,-0.08363061833229823,rASO5
STMN2,344,14,0.18318469083385092,0.275,-0.0918153091661491,rASO1
STMN2,345,14,0.18318469083385092,0.275,-0.0918153091661491,rASO1
STMN2,346,17,0.2581846908338509,0.19999999999999998,0.058184690833850944,rASO4
STMN2,347,16,0.23318469083385093,0.175,0.058184690833850944,rASO3
STMN2,348,15,0.2081846908338509,0.2,0.0081846908338509,rASO2
STMN2,349,15,0.2081846908338509,0.2,0.0081846908338509,rASO2
STMN2,350,18,0.26636938166770185,0.3500000000000001,-0.08363061833229823,rASO5
STMN2,351,15,0.2081846908338509,0.2,0.0081846908338509,rASO2
STMN2,352,16,0.23318469083385093,0.175,0.058184690833850944,rASO3
STMN2,353,15,0.2081846908338509,0.2,0.0081846908338509,rASO2
STMN2,354,17,0.2581846908338509,0.19999999999999998,0.058184690833850944,rASO4
STMN2,355,14,0.18318469083385092,0.275,-0.0918153091661491,rASO1
STMN2,356,16,0.23318469083385093,0.175,0.058184690833850944,rASO3
STMN2,357,15,0.2081846908338509,0.2,0.0081846908338509,rASO2
STMN2,358,16,0.23318469083385093,0.175,0.058184690833850944,rASO3
STMN2,359,18,0.26636938166770185,0.3500000000000001,-0.08363061833229823,rASO5
STMN2,360,18,0.26636938166770185,0.3500000000000001,-0.08363061833229823,rASO5
STMN2,361,17,0.2581846908338509,0.19999999999999998,0.058184690833850944,rASO4
STMN2,362,17,0.2581846908338509,0.19999999999999998,0.058184690833850944,rASO4
STMN2,363,16,0.23318469083385093,0.175,0.058184690833850944,rASO3
STMN2,364,15,0.2081846908338509,0.2,0.0081846908338509,rASO2
STMN2,365,18,0.26636938166770185,0.3500000000000001,-0.08363061833229823,rASO5
STMN2,366,15,0.2081846908338509,0.2,0.0081846908338509,rASO2
STMN2,367,17,0.2581846908338509,0.19999999999999998,0.058184690833850944,rASO4
STMN2,368,17,0.2581846908338509,0.19999999999999998,0.058184690833850944,rASO4
STMN2,369,16,0.23318469083385093,0.175,0.058184690833850944,rASO3
STMN2,370,16,0.23318469083385093,0.175,0.058184690833850944,rASO3
STMN2,371,16,0.23318469083385093,0.175,0.058184690833850944,rASO3
STMN2,372,14,0.18318469083385092,0.275,-0.0918153091661491,rASO1
STMN2,373,14,0.18318469083385092,0.275,-0.0918153091661491,rASO1
STMN2,374,14,0.18318469083385092,0.275,-0.0918153091661491,rASO1
STMN2,375,17,0.2581846908338509,0.19999999999999998,0.058184690833850944,rASO4
STMN2,376,16,0.23318469083385093,0.175,0.058184690833850944,rASO3
STMN2,377,15,0.2081846908338509,0.2,0.0081846908338509,rASO2
STMN2,378,14,0.18318469083385092,0.275,-0.0918153091661491,rASO1
STMN2,379,18,0.26636938166770185,0.3500000000000001,-0.08363061833229823,rASO5
STMN2,380,14,0.18318469083385092,0.275,-0.0918153091661491,rASO1
STMN2,381,16,0.23318469083385093,0.175,0.058184690833850944,rASO3
STMN2,382,17,0.2581846908338509,0.19999999999999998,0.058184690833850944,rASO4
STMN2,383,17,0.2581846908338509,0.19999999999999998,0.058184690833850944,rASO4
STMN2,384,16,0.23318469083385093,0.175,0.058184690833850944,rASO3
STMN2,385,16,0.23318469083385093,0.175,0.058184690833850944,rASO3
STMN2,386,15,0.2081846908338509,0.2,0.0081846908338509,rASO2
STMN2,387,14,0.18318469083385092,0.275,-0.0918153091661491,rASO1
STMN2,388,14,0.18318469083385092,0.275,-0.0918153091661491,rASO1
STMN2,389,16,0.23318469083385093,0.175,0.058184690833850944,rASO3
STMN2,390,16,0.23318469083385093,0.175,0.058184690833850944,rASO3
STMN2,391,18,0.26636938166770185,0.3500000000000001,-0.08363061833229823,rASO5
STMN2,392,16,0.23318469083385093,0.175,0.058184690833850944,rASO3
STMN2,393,15,0.2081846908338509,0.2,0.0081846908338509,rASO2
STMN2,394,16,0.23318469083385093,0.175,0.058184690833850944,rASO3
STMN2,395,14,0.18318469083385092,0.275,-0.0918153091661491,rASO1
STMN2,396,14,0.18318469083385092,0.275,-0.0918153091661491,rASO1
STMN2,397,18,0.26636938166770185,0.3500000000000001,-0.08363061833229823,rASO5
STMN2,398,17,0.2581846908338509,0.19999999999999998,0.058184690833850944,rASO4
STMN2,399,15,0.2081846908338509,0.2,0.0081846908338509,rASO2
STMN2,400,14,0.18318469083385092,0.275,-0.0918153091661491,rASO1
STMN2,401,16,0.23318469083385093,0.175,0.058184690833850944,rASO3
STMN2,402,15,0.2081846908338509,0.2,0.0081846908338509,rASO2
STMN2,403,16,0.23318469083385093,0.175,0.058184690833850944,rASO3
STMN2,404,17,0.2581846908338509,0.19999999999999998,0.058184690833850944,rASO4
STMN2,405,16,0.23318469083385093,0.175,0.058184690833850944,rASO3
STMN2,406,14,0.18318469083385092,0.275,-0.0918153091661491,rASO1
STMN2,407,18,0.26636938166770185,0.3500000000000001,-0.08363061833229823,rASO5
STMN2,408,14,0.18318469083385092,0.275,-0.0918153091661491,rASO1
STMN2,409,16,0.23318469083385093,0.175,0.058184690833850944,rASO3
STMN2,410,14,0.18318469083385092,0.275,-0.0918153091661491,rASO1
STMN2,411,16,0.23318469083385093,0.175,0.058184690833850944,rASO3
STMN2,412,16,0.23318469083385093,0.175,0.058184690833850944,rASO3
STMN2,413,14,0.18318469083385092,0.275,-0.0918153091661491,rASO1
STMN2,414,18,0.26636938166770185,0.3500000000000001,-0.08363061833229823,rASO5
STMN2,415,18,0.26636938166770185,0.3500000000000001,-0.08363061833229823,rASO5
STMN2,416,15,0.2081846908338509,0.2,0.0081846908338509,rASO2
STMN2,417,17,0.2581846908338509,0.19999999999999998,0.058184690833850944,rASO4
STMN2,418,14,0.18318469083385092,0.275,-0.0918153091661491,rASO1
STMN2,419,15,0.2081846908338509,0.2,0.0081846908338509,rASO2
STMN2,420,15,0.2081846908338509,0.2,0.0081846908338509,rASO2
STMN2,421,14,0.18318469083385092,0.275,-0.0918153091661491,rASO1
STMN2,422,18,0.26636938166770185,0.3500000000000001,-0.08363061833229823,rASO5
STMN2,423,16,0.23318469083385093,0.175,0.058184690833850944,rASO3
STMN2,424,16,0.23318469083385093,0.175,0.058184690833850944,rASO3
STMN2,425,14,0.18318469083385092,0.275,-0.0918153091661491,rASO1
STMN2,426,16,0.23318469083385093,0.175,0.058184690833850944,rASO3
STMN2,427,15,0.2081846908338509,0.2,0.0081846908338509,rASO2
STMN2,428,15,0.2081846908338509,0.2,0.0081846908338509,rASO2
STMN2,429,16,0.23318469083385093,0.175,0.058184690833850944,rASO3
STMN2,430,14,0.18318469083385092,0.275,-0.0918153091661491,rASO1
STMN2,431,16,0.23318469083385093,0.175,0.058184690833850944,rASO3
STMN2,432,15,0.2081846908338509,0.2,0.0081846908338509,rASO2
STMN2,433,16,0.23318469083385093,0.175,0.058184690833850944,rASO3
STMN2,434,14,0.18318469083385092,0.275,-0.0918153091661491,rASO1
STMN2,435,18,0.26636938166770185,0.3500000000000001,-0.08363061833229823,rASO5
STMN2,436,14,0.18318469083385092,0.275,-0.0918153091661491,rASO1
STMN2,437,15,0.2081846908338509,0.2,0.0081846908338509,rASO2
STMN2,438,17,0.2581846908338509,0.19999999999999998,0.058184690833850944,rASO4
STMN2,439,16,0.23318469083385093,0.175,0.058184690833850944,rASO3
STMN2,440,17,0.2581846908338509,0.19999999999999998,0.058184690833850944,rASO4
STMN2,441,14,0.18318469083385092,0.275,-0.0918153091661491,rASO1
STMN2,442,14,0.18318469083385092,0.275,-0.0918153091661491,rASO1
STMN2,443,18,0.26636938166770185,0.3500000000000001,-0.08363061833229823,rASO5
STMN2,444,16,0.23318469083385093,0.175,0.058184690833850944,rASO3
STMN2,445,16,0.23318469083385093,0.175,0.058184690833850944,rASO3
STMN2,446,18,0.26636938166770185,0.3500000000000001,-0.08363061833229823,rASO5
STMN2,447,18,0.26636938166770185,0.3500000000000001,-0.08363061833229823,rASO5
STMN2,448,18,0.26636938166770185,0.3500000000000001,-0.08363061833229823,rASO5
STMN2,449,17,0.2581846908338509,0.19999999999999998,0.058184690833850944,rASO4
STMN2,450,17,0.2581846908338509,0.19999999999999998,0.058184690833850944,rASO4
STMN2,451,16,0.23318469083385093,0.175,0.058184690833850944,rASO3
STMN2,452,15,0.2081846908338509,0.2,0.0081846908338509,rASO2
STMN2,453,16,0.23318469083385093,0.175,0.058184690833850944,rASO3
STMN2,454,16,0.23318469083385093,0.175,0.058184690833850944,rASO3
STMN2,455,16,0.23318469083385093,0.175,0.058184690833850944,rASO3
STMN2,456,16,0.23318469083385093,0.175,0.058184690833850944,rASO3
STMN2,457,15,0.2081846908338509,0.2,0.0081846908338509,rASO2
STMN2,458,16,0.23318469083385093,0.175,0.058184690833850944,rASO3
STMN2,459,17,0.2581846908338509,0.19999999999999998,0.058184690833850944,rASO4
STMN2,460,18,0.26636938166770185,0.3500000000000001,-0.08363061833229823,rASO5
STMN2,461,16,0.23318469083385093,0.175,0.058184690833850944,rASO3
STMN2,462,15,0.2081846908338509,0.2,0.0081846908338509,rASO2
STMN2,463,18,0.26636938166770185,0.3500000000000001,-0.08363061833229823,rASO5
STMN2,464,14,0.18318469083385092,0.275,-0.0918153091661491,rASO1
STMN2,465,18,0.26636938166770185,0.3500000000000001,-0.08363061833229823,rASO5
STMN2,466,16,0.23318469083385093,0.175,0.058184690833850944,rASO3
STMN2,467,15,0.2081846908338509,0.2,0.0081846908338509,rASO2
STMN2,468,14,0.18318469083385092,0.275,-0.0918153091661491,rASO1
STMN2,469,17,0.2581846908338509,0.19999999999999998,0.058184690833850944,rASO4
STMN2,470,18,0.26636938166770185,0.3500000000000001,-0.08363061833229823,rASO5
STMN2,471,16,0.23318469083385093,0.175,0.058184690833850944,rASO3
STMN2,472,16,0.23318469083385093,0.175,0.058184690833850944,rASO3
STMN2,473,15,0.2081846908338509,0.2,0.0081846908338509,rASO2
STMN2,474,15,0.2081846908338509,0.2,0.0081846908338509,rASO2
STMN2,475,18,0.26636938166770185,0.3500000000000001,-0.08363061833229823,rASO5
STMN2,476,18,0.26636938166770185,0.3500000000000001,-0.08363061833229823,rASO5
STMN2,477,15,0.2081846908338509,0.2,0.0081846908338509,rASO2
STMN2,478,18,0.26636938166770185,0.3500000000000001,-0.08363061833229823,rASO5
STMN2,479,17,0.2581846908338509,0.19999999999999998,0.058184690833850944,rASO4
STMN2,480,18,0.26636938166770185,0.3500000000000001,-0.08363061833229823,rASO5
STMN2,481,17,0.2581846908338509,0.19999999999999998,0.058184690833850944,rASO4
STMN2,482,14,0.18318469083385092,0.275,-0.0918153091661491,rASO1
STMN2,483,17,0.2581846908338509,0.19999999999999998,0.058184690833850944,rASO4
STMN2,484,18,0.26636938166770185,0.3500000000000001,-0.08363061833229823,rASO5
STMN2,485,14,0.18318469083385092,0.275,-0.0918153091661491,rASO1
STMN2,486,15,0.2081846908338509,0.2,0.0081846908338509,rASO2
STMN2,487,15,0.2081846908338509,0.2,0.0081846908338509,rASO2
STMN2,488,17,0.2581846908338509,0.19999999999999998,0.058184690833850944,rASO4
STMN2,489,17,0.2581846908338509,0.19999999999999998,0.058184690833850944,rASO4
STMN2,490,15,0.2081846908338509,0.2,0.0081846908338509,rASO2
STMN2,491,15,0.2081846908338509,0.2,0.0081846908338509,rASO2
STMN2,492,16,0.23318469083385093,0.175,0.058184690833850944,rASO3
STMN2,493,18,0.26636938166770185,0.3500000000000001,-0.08363061833229823,rASO5
STMN2,494,18,0.26636938166770185,0.3500000000000001,-0.08363061833229823,rASO5
STMN2,495,16,0.23318469083385093,0.175,0.058184690833850944,rASO3
STMN2,496,16,0.23318469083385093,0.175,0.058184690833850944,rASO3
STMN2,497,16,0.23318469083385093,0.175,0.058184690833850944,rASO3
STMN2,498,15,0.2081846908338509,0.2,0.0081846908338509,rASO2
STMN2,499,16,0.23318469083385093,0.175,0.058184690833850944,rASO3
STMN2,500,15,0.2081846908338509,0.2,0.0081846908338509,rASO2
STMN2,501,16,0.23318469083385093,0.175,0.058184690833850944,rASO3
STMN2,502,18,0.26636938166770185,0.3500000000000001,-0.08363061833229823,rASO5
STMN2,503,16,0.23318469083385093,0.175,0.058184690833850944,rASO3
STMN2,504,15,0.2081846908338509,0.2,0.0081846908338509,rASO2
STMN2,505,18,0.26636938166770185,0.3500000000000001,-0.08363061833229823,rASO5
STMN2,506,17,0.2581846908338509,0.19999999999999998,0.058184690833850944,rASO4
STMN2,507,14,0.18318469083385092,0.275,-0.0918153091661491,rASO1
STMN2,508,14,0.18318469083385092,0.275,-0.0918153091661491,rASO1
STMN2,509,18,0.26636938166770185,0.3500000000000001,-0.08363061833229823,rASO5
STMN2,510,15,0.2081846908338509,0.2,0.0081846908338509,rASO2
STMN2,511,14,0.18318469083385092,0.275,-0.0918153091661491,rASO1
STMN2,512,18,0.26636938166770185,0.3500000000000001,-0.08363061833229823,rASO5
STMN2,513,16,0.23318469083385093,0.175,0.058184690833850944,rASO3
STMN2,514,17,0.2581846908338509,0.19999999999999998,0.058184690833850944,rASO4
STMN2,515,17,0.2581846908338509,0.19999999999999998,0.058184690833850944,rASO4
STMN2,516,16,0.23318469083385093,0.175,0.058184690833850944,rASO3
STMN2,517,18,0.26636938166770185,0.3500000000000001,-0.08363061833229823,rASO5
STMN2,518,15,0.2081846908338509,0.2,0.0081846908338509,rASO2
STMN2,519,17,0.2581846908338509,0.19999999999999998,0.058184690833850944,rASO4
STMN2,520,15,0.2081846908338509,0.2,0.0081846908338509,rASO2
STMN2,521,16,0.23318469083385093,0.175,0.058184690833850944,rASO3
STMN2,522,14,0.18318469083385092,0.275,-0.0918153091661491,rASO1
STMN2,523,18,0.26636938166770185,0.3500000000000001,-0.08363061833229823,rASO5
STMN2,524,17,0.2581846908338509,0.19999999999999998,0.058184690833850944,rASO4
STMN2,525,16,0.23318469083385093,0.175,0.058184690833850944,rASO3
STMN2,526,14,0.18318469083385092,0.275,-0.0918153091661491,rASO1
STMN2,527,15,0.2081846908338509,0.2,0.0081846908338509,rASO2
STMN2,528,16,0.23318469083385093,0.175,0.058184690833850944,rASO3
STMN2,529,17,0.2581846908338509,0.19999999999999998,0.058184690833850944,rASO4
STMN2,530,16,0.23318469083385093,0.175,0.058184690833850944,rASO3
STMN2,531,16,0.23318469083385093,0.175,0.058184690833850944,rASO3
STMN2,532,15,0.2081846908338509,0.2,0.0081846908338509,rASO2
STMN2,533,14,0.18318469083385092,0.275,-0.0918153091661491,rASO1
STMN2,534,15,0.2081846908338509,0.2,0.0081846908338509,rASO2
STMN2,535,15,0.2081846908338509,0.2,0.0081846908338509,rASO2
STMN2,536,14,0.18318469083385092,0.275,-0.0918153091661491,rASO1
STMN2,537,14,0.18318469083385092,0.275,-0.0918153091661491,rASO1
STMN2,538,14,0.18318469083385092,0.275,-0.0918153091661491,rASO1
STMN2,539,16,0.23318469083385093,0.175,0.058184690833850944,rASO3
STMN2,540,16,0.23318469083385093,0.175,0.058184690833850944,rASO3
STMN2,541,14,0.18318469083385092,0.275,-0.0918153091661491,rASO1
STMN2,542,17,0.2581846908338509,0.19999999999999998,0.058184690833850944,rASO4
STMN2,543,17,0.2581846908338509,0.19999999999999998,0.058184690833850944,rASO4
STMN2,544,18,0.26636938166770185,0.3500000000000001,-0.08363061833229823,rASO5
STMN2,545,16,0.23318469083385093,0.175,0.058184690833850944,rASO3
STMN2,546,18,0.26636938166770185,0.3500000000000001,-0.08363061833229823,rASO5
STMN2,547,18,0.26636938166770185,0.3500000000000001,-0.08363061833229823,rASO5
STMN2,548,16,0.23318469083385093,0.175,0.058184690833850944,rASO3
STMN2,549,14,0.18318469083385092,0.275,-0.0918153091661491,rASO1
STMN2,550,16,0.23318469083385093,0.175,0.058184690833850944,rASO3
STMN2,551,17,0.2581846908338509,0.19999999999999998,0.058184690833850944,rASO4
STMN2,552,15,0.2081846908338509,0.2,0.0081846908338509,rASO2
STMN2,553,15,0.2081846908338509,0.2,0.0081846908338509,rASO2
STMN2,554,15,0.2081846908338509,0.2,0.0081846908338509,rASO2
STMN2,555,14,0.18318469083385092,0.275,-0.0918153091661491,rASO1
STMN2,556,17,0.2581846908338509,0.19999999999999998,0.058184690833850944,rASO4
STMN2,557,17,0.2581846908338509,0.19999999999999998,0.058184690833850944,rASO4
STMN2,558,17,0.2581846908338509,0.19999999999999998,0.058184690833850944,rASO4
STMN2,559,16,0.23318469083385093,0.175,0.058184690833850944,rASO3
STMN2,560,15,0.2081846908338509,0.2,0.0081846908338509,rASO2
STMN2,561,15,0.2081846908338509,0.2,0.0081846908338509,rASO2
STMN2,562,18,0.26636938166770185,0.3500000000000001,-0.08363061833229823,rASO5
STMN2,563,16,0.23318469083385093,0.175,0.058184690833850944,rASO3
STMN2,564,17,0.2581846908338509,0.19999999999999998,0.058184690833850944,rASO4
STMN2,565,14,0.18318469083385092,0.275,-0.0918153091661491,rASO1
STMN2,566,14,0.18318469083385092,0.275,-0.0918153091661491,rASO1
STMN2,567,16,0.23318469083385093,0.175,0.058184690833850944,rASO3
STMN2,568,18,0.26636938166770185,0.3500000000000001,-0.08363061833229823,rASO5
STMN2,569,16,0.23318469083385093,0.175,0.058184690833850944,rASO3
STMN2,570,18,0.26636938166770185,0.3500000000000001,-0.08363061833229823,rASO5
STMN2,571,18,0.26636938166770185,0.3500000000000001,-0.08363061833229823,rASO5
STMN2,572,17,0.2581846908338509,0.19999999999999998,0.058184690833850944,rASO4
STMN2,573,18,0.26636938166770185,0.3500000000000001,-0.08363061833229823,rASO5
STMN2,574,18,0.26636938166770185,0.3500000000000001,-0.08363061833229823,rASO5
STMN2,575,17,0.2581846908338509,0.19999999999999998,0.058184690833850944,rASO4
STMN2,576,15,0.2081846908338509,0.2,0.0081846908338509,rASO2
STMN2,577,18,0.26636938166770185,0.3500000000000001,-0.08363061833229823,rASO5
STMN2,578,14,0.18318469083385092,0.275,-0.0918153091661491,rASO1
STMN2,579,16,0.23318469083385093,0.175,0.058184690833850944,rASO3
STMN2,580,18,0.26636938166770185,0.3500000000000001,-0.08363061833229823,rASO5
STMN2,581,16,0.23318469083385093,0.175,0.058184690833850944,rASO3
STMN2,582,14,0.18318469083385092,0.275,-0.0918153091661491,rASO1
STMN2,583,14,0.18318469083385092,0.275,-0.0918153091661491,rASO1
STMN2,584,14,0.18318469083385092,0.275,-0.0918153091661491,rASO1
STMN2,585,16,0.23318469083385093,0.175,0.058184690833850944,rASO3
STMN2,586,14,0.18318469083385092,0.275,-0.0918153091661491,rASO1
STMN2,587,16,0.23318469083385093,0.175,0.058184690833850944,rASO3
STMN2,588,16,0.23318469083385093,0.175,0.058184690833850944,rASO3
STMN2,589,16,0.23318469083385093,0.175,0.058184690833850944,rASO3
STMN2,590,18,0.26636938166770185,0.3500000000000001,-0.08363061833229823,rASO5
STMN2,591,18,0.26636938166770185,0.3500000000000001,-0.08363061833229823,rASO5
STMN2,592,14,0.18318469083385092,0.275,-0.0918153091661491,rASO1
STMN2,593,14,0.18318469083385092,0.275,-0.0918153091661491,rASO1
STMN2,594,16,0.23318469083385093,0.175,0.058184690833850944,rASO3
STMN2,595,15,0.2081846908338509,0.2,0.0081846908338509,rASO2
STMN2,596,14,0.18318469083385092,0.275,-0.0918153091661491,rASO1
STMN2,597,16,0.23318469083385093,0.175,0.058184690833850944,rASO3
STMN2,598,16,0.23318469083385093,0.175,0.058184690833850944,rASO3
STMN2,599,18,0.26636938166770185,0.3500000000000001,-0.08363061833229823,rASO5
STMN2,600,14,0.18318469083385092,0.275,-0.0918153091661491,rASO1
STMN2,601,17,0.2581846908338509,0.19999999999999998,0.058184690833850944,rASO4
STMN2,602,18,0.26636938166770185,0.3500000000000001,-0.08363061833229823,rASO5
STMN2,603,18,0.26636938166770185,0.3500000000000001,-0.08363061833229823,rASO5
STMN2,604,14,0.18318469083385092,0.275,-0.0918153091661491,rASO1
STMN2,605,14,0.18318469083385092,0.275,-0.0918153091661491,rASO1
STMN2,606,14,0.18318469083385092,0.275,-0.0918153091661491,rASO1
STMN2,607,15,0.2081846908338509,0.2,0.0081846908338509,rASO2
STMN2,608,14,0.18318469083385092,0.275,-0.0918153091661491,rASO1
STMN2,609,14,0.18318469083385092,0.275,-0.0918153091661491,rASO1
STMN2,610,17,0.2581846908338509,0.19999999999999998,0.058184690833850944,rASO4
STMN2,611,18,0.26636938166770185,0.3500000000000001,-0.08363061833229823,rASO5
STMN2,612,17,0.2581846908338509,0.19999999999999998,0.058184690833850944,rASO4
STMN2,613,17,0.2581846908338509,0.19999999999999998,0.058184690833850944,rASO4
STMN2,614,15,0.2081846908338509,0.2,0.0081846908338509,rASO2
STMN2,615,15,0.2081846908338509,0.2,0.0081846908338509,rASO2
STMN2,616,17,0.2581846908338509,0.19999999999999998,0.058184690833850944,rASO4
STMN2,617,16,0.23318469083385093,0.175,0.058184690833850944,rASO3
STMN2,618,16,0.23318469083385093,0.175,0.058184690833850944,rASO3
STMN2,619,14,0.18318469083385092,0.275,-0.0918153091661491,rASO1
STMN2,620,14,0.18318469083385092,0.275,-0.0918153091661491,rASO1
STMN2,621,17,0.2581846908338509,0.19999999999999998,0.058184690833850944,rASO4
STMN2,622,17,0.2581846908338509,0.19999999999999998,0.058184690833850944,rASO4
STMN2,623,18,0.26636938166770185,0.3500000000000001,-0.08363061833229823,rASO5
STMN2,624,16,0.23318469083385093,0.175,0.058184690833850944,rASO3
STMN2,625,15,0.2081846908338509,0.2,0.0081846908338509,rASO2
STMN2,626,15,0.2081846908338509,0.2,0.0081846908338509,rASO2
STMN2,627,17,0.2581846908338509,0.19999999999999998,0.058184690833850944,rASO4
STMN2,628,17,0.2581846908338509,0.19999999999999998,0.058184690833850944,rASO4
STMN2,629,16,0.23318469083385093,0.175,0.058184690833850944,rASO3
STMN2,630,16,0.23318469083385093,0.175,0.058184690833850944,rASO3
STMN2,631,17,0.2581846908338509,0.19999999999999998,0.058184690833850944,rASO4
STMN2,632,14,0.18318469083385092,0.275,-0.0918153091661491,rASO1
STMN2,633,16,0.23318469083385093,0.175,0.058184690833850944,rASO3
STMN2,634,16,0.23318469083385093,0.175,0.058184690833850944,rASO3
STMN2,635,16,0.23318469083385093,0.175,0.058184690833850944,rASO3
STMN2,636,14,0.18318469083385092,0.275,-0.0918153091661491,rASO1
STMN2,637,16,0.23318469083385093,0.175,0.058184690833850944,rASO3
STMN2,638,14,0.18318469083385092,0.275,-0.0918153091661491,rASO1
STMN2,639,14,0.18318469083385092,0.275,-0.0918153091661491,rASO1
STMN2,640,17,0.2581846908338509,0.19999999999999998,0.058184690833850944,rASO4
STMN2,641,14,0.18318469083385092,0.275,-0.0918153091661491,rASO1
STMN2,642,15,0.2081846908338509,0.2,0.0081846908338509,rASO2
STMN2,643,15,0.2081846908338509,0.2,0.0081846908338509,rASO2
STMN2,644,14,0.18318469083385092,0.275,-0.0918153091661491,rASO1
STMN2,645,14,0.18318469083385092,0.275,-0.0918153091661491,rASO1
STMN2,646,17,0.2581846908338509,0.19999999999999998,0.058184690833850944,rASO4
STMN2,647,15,0.2081846908338509,0.2,0.0081846908338509,rASO2
STMN2,648,16,0.23318469083385093,0.175,0.058184690833850944,rASO3
STMN2,649,14,0.18318469083385092,0.275,-0.0918153091661491,rASO1
STMN2,650,17,0.2581846908338509,0.19999999999999998,0.058184690833850944,rASO4
STMN2,651,14,0.18318469083385092,0.275,-0.0918153091661491,rASO1
STMN2,652,16,0.23318469083385093,0.175,0.058184690833850944,rASO3
STMN2,653,17,0.2581846908338509,0.19999999999999998,0.058184690833850944,rASO4
STMN2,654,15,0.2081846908338509,0.2,0.0081846908338509,rASO2
STMN2,655,14,0.18318469083385092,0.275,-0.0918153091661491,rASO1
STMN2,656,17,0.2581846908338509,0.19999999999999998,0.058184690833850944,rASO4
STMN2,657,16,0.23318469083385093,0.175,0.058184690833850944,rASO3
STMN2,658,14,0.18318469083385092,0.275,-0.0918153091661491,rASO1
STMN2,659,15,0.2081846908338509,0.2,0.0081846908338509,rASO2
STMN2,660,15,0.2081846908338509,0.2,0.0081846908338509,rASO2
STMN2,661,17,0.2581846908338509,0.19999999999999998,0.058184690833850944,rASO4
STMN2,662,16,0.23318469083385093,0.175,0.058184690833850944,rASO3
STMN2,663,18,0.26636938166770185,0.3500000000000001,-0.08363061833229823,rASO5
STMN2,664,14,0.18318469083385092,0.275,-0.0918153091661491,rASO1
STMN2,665,14,0.18318469083385092,0.275,-0.0918153091661491,rASO1
STMN2,666,15,0.2081846908338509,0.2,0.0081846908338509,rASO2
STMN2,667,15,0.2081846908338509,0.2,0.0081846908338509,rASO2
STMN2,668,15,0.2081846908338509,0.2,0.0081846908338509,rASO2
STMN2,669,15,0.2081846908338509,0.2,0.0081846908338509,rASO2
STMN2,670,15,0.2081846908338509,0.2,0.0081846908338509,rASO2
STMN2,671,17,0.2581846908338509,0.19999999999999998,0.058184690833850944,rASO4
STMN2,672,17,0.2581846908338509,0.19999999999999998,0.058184690833850944,rASO4
STMN2,673,15,0.2081846908338509,0.2,0.0081846908338509,rASO2
STMN2,674,14,0.18318469083385092,0.275,-0.0918153091661491,rASO1
STMN2,675,17,0.2581846908338509,0.19999999999999998,0.058184690833850944,rASO4
STMN2,676,16,0.23318469083385093,0.175,0.058184690833850944,rASO3
STMN2,677,18,0.26636938166770185,0.3500000000000001,-0.08363061833229823,rASO5
STMN2,678,15,0.2081846908338509,0.2,0.0081846908338509,rASO2
STMN2,679,15,0.2081846908338509,0.2,0.0081846908338509,rASO2
STMN2,680,16,0.23318469083385093,0.175,0.058184690833850944,rASO3
STMN2,681,16,0.23318469083385093,0.175,0.058184690833850944,rASO3
STMN2,682,16,0.23318469083385093,0.175,0.058184690833850944,rASO3
STMN2,683,18,0.26636938166770185,0.3500000000000001,-0.08363061833229823,rASO5
STMN2,684,14,0.18318469083385092,0.275,-0.0918153091661491,rASO1
STMN2,685,18,0.26636938166770185,0.3500000000000001,-0.08363061833229823,rASO5
STMN2,686,17,0.2581846908338509,0.19999999999999998,0.058184690833850944,rASO4
STMN2,687,18,0.26636938166770185,0.3500000000000001,-0.08363061833229823,rASO5
STMN2,688,15,0.2081846908338509,0.2,0.0081846908338509,rASO2
STMN2,689,18,0.26636938166770185,0.3500000000000001,-0.08363061833229823,rASO5
STMN2,690,18,0.26636938166770185,0.3500000000000001,-0.08363061833229823,rASO5
STMN2,691,18,0.26636938166770185,0.3500000000000001,-0.08363061833229823,rASO5
STMN2,692,15,0.2081846908338509,0.2,0.0081846908338509,rASO2
STMN2,693,14,0.18318469083385092,0.275,-0.0918153091661491,rASO1
STMN2,694,16,0.23318469083385093,0.175,0.058184690833850944,rASO3
STMN2,695,16,0.23318469083385093,0.175,0.058184690833850944,rASO3
STMN2,696,15,0.2081846908338509,0.2,0.0081846908338509,rASO2
STMN2,697,14,0.18318469083385092,0.275,-0.0918153091661491,rASO1
STMN2,698,15,0.2081846908338509,0.2,0.0081846908338509,rASO2
STMN2,699,14,0.18318469083385092,0.275,-0.0918153091661491,rASO1
STMN2,700,14,0.18318469083385092,0.275,-0.0918153091661491,rASO1
STMN2,701,14,0.18318469083385092,0.275,-0.0918153091661491,rASO1
STMN2,702,17,0.2581846908338509,0.19999999999999998,0.058184690833850944,rASO4
STMN2,703,18,0.26636938166770185,0.3500000000000001,-0.08363061833229823,rASO5
STMN2,704,14,0.18318469083385092,0.275,-0.0918153091661491,rASO1
STMN2,705,17,0.2581846908338509,0.19999999999999998,0.058184690833850944,rASO4
STMN2,706,16,0.23318469083385093,0.175,0.058184690833850944,rASO3
STMN2,707,17,0.2581846908338509,0.19999999999999998,0.058184690833850944,rASO4
STMN2,708,18,0.26636938166770185,0.3500000000000001,-0.08363061833229823,rASO5
STMN2,709,14,0.18318469083385092,0.275,-0.0918153091661491,rASO1
STMN2,710,17,0.2581846908338509,0.19999999999999998,0.058184690833850944,rASO4
STMN2,711,16,0.23318469083385093,0.175,0.058184690833850944,rASO3
STMN2,712,18,0.26636938166770185,0.3500000000000001,-0.08363061833229823,rASO5
STMN2,713,17,0.2581846908338509,0.19999999999999998,0.058184690833850944,rASO4
STMN2,714,16,0.23318469083385093,0.175,0.058184690833850944,rASO3
STMN2,715,16,0.23318469083385093,0.175,0.058184690833850944,rASO3
STMN2,716,18,0.26636938166770185,0.3500000000000001,-0.08363061833229823,rASO5
STMN2,717,14,0.18318469083385092,0.275,-0.0918153091661491,rASO1
STMN2,718,17,0.2581846908338509,0.19999999999999998,0.058184690833850944,rASO4
STMN2,719,15,0.2081846908338509,0.2,0.0081846908338509,rASO2
STMN2,720,16,0.23318469083385093,0.175,0.058184690833850944,rASO3
STMN2,721,14,0.18318469083385092,0.275,-0.0918153091661491,rASO1
STMN2,722,17,0.2581846908338509,0.19999999999999998,0.058184690833850944,rASO4
STMN2,723,15,0.2081846908338509,0.2,0.0081846908338509,rASO2
STMN2,724,16,0.23318469083385093,0.175,0.058184690833850944,rASO3
STMN2,725,18,0.26636938166770185,0.3500000000000001,-0.08363061833229823,rASO5
STMN2,726,14,0.18318469083385092,0.275,-0.0918153091661491,rASO1
STMN2,727,17,0.2581846908338509,0.19999999999999998,0.058184690833850944,rASO4
STMN2,728,16,0.23318469083385093,0.175,0.058184690833850944,rASO3
STMN2,729,15,0.2081846908338509,0.2,0.0081846908338509,rASO2
STMN2,730,17,0.2581846908338509,0.19999999999999998,0.058184690833850944,rASO4
STMN2,731,16,0.23318469083385093,0.175,0.058184690833850944,rASO3
STMN2,732,16,0.23318469083385093,0.175,0.058184690833850944,rASO3
STMN2,733,16,0.23318469083385093,0.175,0.058184690833850944,rASO3
STMN2,734,18,0.26636938166770185,0.3500000000000001,-0.08363061833229823,rASO5
STMN2,735,17,0.2581846908338509,0.19999999999999998,0.058184690833850944,rASO4
STMN2,736,18,0.26636938166770185,0.3500000000000001,-0.08363061833229823,rASO5
STMN2,737,16,0.23318469083385093,0.175,0.058184690833850944,rASO3
STMN2,738,18,0.26636938166770185,0.3500000000000001,-0.08363061833229823,rASO5
STMN2,739,18,0.26636938166770185,0.3500000000000001,-0.08363061833229823,rASO5
STMN2,740,14,0.18318469083385092,0.275,-0.0918153091661491,rASO1
STMN2,741,18,0.26636938166770185,0.3500000000000001,-0.08363061833229823,rASO5
STMN2,742,15,0.2081846908338509,0.2,0.0081846908338509,rASO2
STMN2,743,18,0.26636938166770185,0.3500000000000001,-0.08363061833229823,rASO5
STMN2,744,18,0.26636938166770185,0.3500000000000001,-0.08363061833229823,rASO5
STMN2,745,14,0.18318469083385092,0.275,-0.0918153091661491,rASO1
STMN2,746,16,0.23318469083385093,0.175,0.058184690833850944,rASO3
STMN2,747,15,0.2081846908338509,0.2,0.0081846908338509,rASO2
STMN2,748,15,0.2081846908338509,0.2,0.0081846908338509,rASO2
STMN2,749,18,0.26636938166770185,0.3500000000000001,-0.08363061833229823,rASO5
STMN2,750,14,0.18318469083385092,0.275,-0.0918153091661491,rASO1
STMN2,751,18,0.26636938166770185,0.3500000000000001,-0.08363061833229823,rASO5
STMN2,752,16,0.23318469083385093,0.175,0.058184690833850944,rASO3
STMN2,753,18,0.26636938166770185,0.3500000000000001,-0.08363061833229823,rASO5
STMN2,754,16,0.23318469083385093,0.175,0.058184690833850944,rASO3
STMN2,755,14,0.18318469083385092,0.275,-0.0918153091661491,rASO1
STMN2,756,14,0.18318469083385092,0.275,-0.0918153091661491,rASO1
STMN2,757,15,0.2081846908338509,0.2,0.0081846908338509,rASO2
STMN2,758,14,0.18318469083385092,0.275,-0.0918153091661491,rASO1
STMN2,759,16,0.23318469083385093,0.175,0.058184690833850944,rASO3
STMN2,760,17,0.2581846908338509,0.19999999999999998,0.058184690833850944,rASO4
STMN2,761,16,0.23318469083385093,0.175,0.058184690833850944,rASO3
STMN2,762,16,0.23318469083385093,0.175,0.058184690833850944,rASO3
STMN2,763,14,0.18318469083385092,0.275,-0.0918153091661491,rASO1
STMN2,764,18,0.26636938166770185,0.3500000000000001,-0.08363061833229823,rASO5
STMN2,765,15,0.2081846908338509,0.2,0.0081846908338509,rASO2
STMN2,766,18,0.26636938166770185,0.3500000000000001,-0.08363061833229823,rASO5
STMN2,767,18,0.26636938166770185,0.3500000000000001,-0.08363061833229823,rASO5
STMN2,768,14,0.18318469083385092,0.275,-0.0918153091661491,rASO1
STMN2,769,18,0.26636938166770185,0.3500000000000001,-0.08363061833229823,rASO5
STMN2,770,15,0.2081846908338509,0.2,0.0081846908338509,rASO2
STMN2,771,14,0.18318469083385092,0.275,-0.0918153091661491,rASO1
STMN2,772,18,0.26636938166770185,0.3500000000000001,-0.08363061833229823,rASO5
STMN2,773,14,0.18318469083385092,0.275,-0.0918153091661491,rASO1
STMN2,774,18,0.26636938166770185,0.3500000000000001,-0.08363061833229823,rASO5
STMN2,775,17,0.2581846908338509,0.19999999999999998,0.058184690833850944,rASO4
STMN2,776,18,0.26636938166770185,0.3500000000000001,-0.08363061833229823,rASO5
STMN2,777,14,0.18318469083385092,0.275,-0.0918153091661491,rASO1
STMN2,778,17,0.2581846908338509,0.19999999999999998,0.058184690833850944,rASO4
STMN2,779,15,0.2081846908338509,0.2,0.0081846908338509,rASO2
STMN2,780,15,0.2081846908338509,0.2,0.0081846908338509,rASO2
STMN2,781,18,0.26636938166770185,0.3500000000000001,-0.08363061833229823,rASO5
STMN2,782,14,0.18318469083385092,0.275,-0.0918153091661491,rASO1
STMN2,783,18,0.26636938166770185,0.3500000000000001,-0.08363061833229823,rASO5
STMN2,784,18,0.26636938166770185,0.3500000000000001,-0.08363061833229823,rASO5
STMN2,785,14,0.18318469083385092,0.275,-0.0918153091661491,rASO1
STMN2,786,18,0.26636938166770185,0.3500000000000001,-0.08363061833229823,rASO5
STMN2,787,15,0.2081846908338509,0.2,0.0081846908338509,rASO2
STMN2,788,16,0.23318469083385093,0.175,0.058184690833850944,rASO3
STMN2,789,16,0.23318469083385093,0.175,0.058184690833850944,rASO3
STMN2,790,17,0.2581846908338509,0.19999999999999998,0.058184690833850944,rASO4
STMN2,791,14,0.18318469083385092,0.275,-0.0918153091661491,rASO1
STMN2,792,16,0.23318469083385093,0.175,0.058184690833850944,rASO3
STMN2,793,16,0.23318469083385093,0.175,0.058184690833850944,rASO3
STMN2,794,16,0.23318469083385093,0.175,0.058184690833850944,rASO3
STMN2,795,14,0.18318469083385092,0.275,-0.0918153091661491,rASO1
STMN2,796,17,0.2581846908338509,0.19999999999999998,0.058184690833850944,rASO4
STMN2,797,18,0.26636938166770185,0.3500000000000001,-0.08363061833229823,rASO5
STMN2,798,16,0.23318469083385093,0.175,0.058184690833850944,rASO3
STMN2,799,18,0.26636938166770185,0.3500000000000001,-0.08363061833229823,rASO5
STMN2,800,18,0.26636938166770185,0.3500000000000001,-0.08363061833229823,rASO5
STMN2,801,17,0.2581846908338509,0.19999999999999998,0.058184690833850944,rASO4
STMN2,802,14,0.18318469083385092,0.275,-0.0918153091661491,rASO1
STMN2,803,15,0.2081846908338509,0.2,0.0081846908338509,rASO2
STMN2,804,17,0.2581846908338509,0.19999999999999998,0.058184690833850944,rASO4
STMN2,805,16,0.23318469083385093,0.175,0.058184690833850944,rASO3
STMN2,806,15,0.2081846908338509,0.2,0.0081846908338509,rASO2
STMN2,807,16,0.23318469083385093,0.175,0.058184690833850944,rASO3
STMN2,808,14,0.18318469083385092,0.275,-0.0918153091661491,rASO1
STMN2,809,18,0.26636938166770185,0.3500000000000001,-0.08363061833229823,rASO5
STMN2,810,14,0.18318469083385092,0.275,-0.0918153091661491,rASO1
STMN2,811,18,0.26636938166770185,0.3500000000000001,-0.08363061833229823,rASO5
STMN2,812,14,0.18318469083385092,0.275,-0.0918153091661491,rASO1
STMN2,813,16,0.23318469083385093,0.175,0.058184690833850944,rASO3
STMN2,814,14,0.18318469083385092,0.275,-0.0918153091661491,rASO1
STMN2,815,15,0.2081846908338509,0.2,0.0081846908338509,rASO2
STMN2,816,14,0.18318469083385092,0.275,-0.0918153091661491,rASO1
STMN2,817,15,0.2081846908338509,0.2,0.0081846908338509,rASO2
STMN2,818,14,0.18318469083385092,0.275,-0.0918153091661491,rASO1
STMN2,819,14,0.18318469083385092,0.275,-0.0918153091661491,rASO1
STMN2,820,14,0.18318469083385092,0.275,-0.0918153091661491,rASO1
STMN2,821,16,0.23318469083385093,0.175,0.058184690833850944,rASO3
STMN2,822,16,0.23318469083385093,0.175,0.058184690833850944,rASO3
STMN2,823,17,0.2581846908338509,0.19999999999999998,0.058184690833850944,rASO4
STMN2,824,15,0.2081846908338509,0.2,0.0081846908338509,rASO2
STMN2,825,14,0.18318469083385092,0.275,-0.0918153091661491,rASO1
STMN2,826,14,0.18318469083385092,0.275,-0.0918153091661491,rASO1
STMN2,827,17,0.2581846908338509,0.19999999999999998,0.058184690833850944,rASO4
STMN2,828,15,0.2081846908338509,0.2,0.0081846908338509,rASO2
STMN2,829,15,0.2081846908338509,0.2,0.0081846908338509,rASO2
STMN2,830,17,0.2581846908338509,0.19999999999999998,0.058184690833850944,rASO4
STMN2,831,15,0.2081846908338509,0.2,0.0081846908338509,rASO2
STMN2,832,15,0.2081846908338509,0.2,0.0081846908338509,rASO2
STMN2,833,18,0.26636938166770185,0.3500000000000001,-0.08363061833229823,rASO5
STMN2,834,16,0.23318469083385093,0.175,0.058184690833850944,rASO3
STMN2,835,14,0.18318469083385092,0.275,-0.0918153091661491,rASO1
STMN2,836,16,0.23318469083385093,0.175,0.058184690833850944,rASO3
STMN2,837,17,0.2581846908338509,0.19999999999999998,0.058184690833850944,rASO4
STMN2,838,16,0.23318469083385093,0.175,0.058184690833850944,rASO3
STMN2,839,15,0.2081846908338509,0.2,0.0081846908338509,rASO2
STMN2,840,17,0.2581846908338509,0.19999999999999998,0.058184690833850944,rASO4
STMN2,841,18,0.26636938166770185,0.3500000000000001,-0.08363061833229823,rASO5
STMN2,842,15,0.2081846908338509,0.2,0.0081846908338509,rASO2
STMN2,843,18,0.26636938166770185,0.3500000000000001,-0.08363061833229823,rASO5
STMN2,844,16,0.23318469083385093,0.175,0.058184690833850944,rASO3
STMN2,845,14,0.18318469083385092,0.275,-0.0918153091661491,rASO1
STMN2,846,15,0.2081846908338509,0.2,0.0081846908338509,rASO2
STMN2,847,14,0.18318469083385092,0.275,-0.0918153091661491,rASO1
STMN2,848,17,0.2581846908338509,0.19999999999999998,0.058184690833850944,rASO4
STMN2,849,18,0.26636938166770185,0.3500000000000001,-0.08363061833229823,rASO5
STMN2,850,14,0.18318469083385092,0.275,-0.0918153091661491,rASO1
STMN2,851,18,0.26636938166770185,0.3500000000000001,-0.08363061833229823,rASO5
STMN2,852,16,0.23318469083385093,0.175,0.058184690833850944,rASO3
STMN2,853,15,0.2081846908338509,0.2,0.0081846908338509,rASO2
STMN2,854,17,0.2581846908338509,0.19999999999999998,0.058184690833850944,rASO4
STMN2,855,15,0.2081846908338509,0.2,0.0081846908338509,rASO2
STMN2,856,16,0.23318469083385093,0.175,0.058184690833850944,rASO3
STMN2,857,17,0.2581846908338509,0.19999999999999998,0.058184690833850944,rASO4
STMN2,858,14,0.18318469083385092,0.275,-0.0918153091661491,rASO1
STMN2,859,18,0.26636938166770185,0.3500000000000001,-0.08363061833229823,rASO5
STMN2,860,14,0.18318469083385092,0.275,-0.0918153091661491,rASO1
STMN2,861,16,0.23318469083385093,0.175,0.058184690833850944,rASO3
STMN2,862,15,0.2081846908338509,0.2,0.0081846908338509,rASO2
STMN2,863,17,0.2581846908338509,0.19999999999999998,0.058184690833850944,rASO4
STMN2,864,16,0.23318469083385093,0.175,0.058184690833850944,rASO3
STMN2,865,18,0.26636938166770185,0.3500000000000001,-0.08363061833229823,rASO5
STMN2,866,17,0.2581846908338509,0.19999999999999998,0.058184690833850944,rASO4
STMN2,867,18,0.26636938166770185,0.3500000000000001,-0.08363061833229823,rASO5
STMN2,868,17,0.2581846908338509,0.19999999999999998,0.058184690833850944,rASO4
STMN2,869,16,0.23318469083385093,0.175,0.058184690833850944,rASO3
STMN2,870,15,0.2081846908338509,0.2,0.0081846908338509,rASO2
STMN2,871,18,0.26636938166770185,0.3500000000000001,-0.08363061833229823,rASO5
STMN2,872,18,0.26636938166770185,0.3500000000000001,-0.08363061833229823,rASO5
STMN2,873,15,0.2081846908338509,0.2,0.0081846908338509,rASO2
STMN2,874,18,0.26636938166770185,0.3500000000000001,-0.08363061833229823,rASO5
STMN2,875,14,0.18318469083385092,0.275,-0.0918153091661491,rASO1
STMN2,876,17,0.2581846908338509,0.19999999999999998,0.058184690833850944,rASO4
STMN2,877,14,0.18318469083385092,0.275,-0.0918153091661491,rASO1
STMN2,878,15,0.2081846908338509,0.2,0.0081846908338509,rASO2
STMN2,879,17,0.2581846908338509,0.19999999999999998,0.058184690833850944,rASO4
STMN2,880,18,0.26636938166770185,0.3500000000000001,-0.08363061833229823,rASO5
STMN2,881,15,0.2081846908338509,0.2,0.0081846908338509,rASO2
STMN2,882,14,0.18318469083385092,0.275,-0.0918153091661491,rASO1
STMN2,883,16,0.23318469083385093,0.175,0.058184690833850944,rASO3
STMN2,884,17,0.2581846908338509,0.19999999999999998,0.058184690833850944,rASO4
STMN2,885,17,0.2581846908338509,0.19999999999999998,0.058184690833850944,rASO4
STMN2,886,14,0.18318469083385092,0.275,-0.0918153091661491,rASO1
STMN2,887,14,0.18318469083385092,0.275,-0.0918153091661491,rASO1
STMN2,888,14,0.18318469083385092,0.275,-0.0918153091661491,rASO1
STMN2,889,16,0.23318469083385093,0.175,0.058184690833850944,rASO3
STMN2,890,17,0.2581846908338509,0.19999999999999998,0.058184690833850944,rASO4
STMN2,891,14,0.18318469083385092,0.275,-0.0918153091661491,rASO1
STMN2,892,16,0.23318469083385093,0.175,0.058184690833850944,rASO3
STMN2,893,14,0.18318469083385092,0.275,-0.0918153091661491,rASO1
STMN2,894,14,0.18318469083385092,0.275,-0.0918153091661491,rASO1
STMN2,895,16,0.23318469083385093,0.175,0.058184690833850944,rASO3
STMN2,896,18,0.26636938166770185,0.3500000000000001,-0.08363061833229823,rASO5
STMN2,897,17,0.2581846908338509,0.19999999999999998,0.058184690833850944,rASO4
STMN2,898,14,0.18318469083385092,0.275,-0.0918153091661491,rASO1
STMN2,899,15,0.2081846908338509,0.2,0.0081846908338509,rASO2
STMN2,900,14,0.18318469083385092,0.275,-0.0918153091661491,rASO1
STMN2,901,15,0.2081846908338509,0.2,0.0081846908338509,rASO2
STMN2,902,15,0.2081846908338509,0.2,0.0081846908338509,rASO2
STMN2,903,16,0.23318469083385093,0.175,0.058184690833850944,rASO3
STMN2,904,15,0.2081846908338509,0.2,0.0081846908338509,rASO2
STMN2,905,16,0.23318469083385093,0.175,0.058184690833850944,rASO3
STMN2,906,18,0.26636938166770185,0.3500000000000001,-0.08363061833229823,rASO5
STMN2,907,16,0.23318469083385093,0.175,0.058184690833850944,rASO3
STMN2,908,18,0.26636938166770185,0.3500000000000001,-0.08363061833229823,rASO5
STMN2,909,18,0.26636938166770185,0.3500000000000001,-0.08363061833229823,rASO5
STMN2,910,17,0.2581846908338509,0.19999999999999998,0.058184690833850944,rASO4
STMN2,911,17,0.2581846908338509,0.19999999999999998,0.058184690833850944,rASO4
STMN2,912,18,0.26636938166770185,0.3500000000000001,-0.08363061833229823,rASO5
STMN2,913,14,0.18318469083385092,0.275,-0.0918153091661491,rASO1
STMN2,914,16,0.23318469083385093,0.175,0.058184690833850944,rASO3
STMN2,915,14,0.18318469083385092,0.275,-0.0918153091661491,rASO1
STMN2,916,18,0.26636938166770185,0.3500000000000001,-0.08363061833229823,rASO5
STMN2,917,14,0.18318469083385092,0.275,-0.0918153091661491,rASO1
STMN2,918,15,0.2081846908338509,0.2,0.0081846908338509,rASO2
STMN2,919,17,0.2581846908338509,0.19999999999999998,0.058184690833850944,rASO4
STMN2,920,18,0.26636938166770185,0.3500000000000001,-0.08363061833229823,rASO5
STMN2,921,17,0.2581846908338509,0.19999999999999998,0.058184690833850944,rASO4
STMN2,922,14,0.18318469083385092,0.275,-0.0918153091661491,rASO1
STMN2,923,16,0.23318469083385093,0.175,0.058184690833850944,rASO3
STMN2,924,18,0.26636938166770185,0.3500000000000001,-0.08363061833229823,rASO5
STMN2,925,16,0.23318469083385093,0.175,0.058184690833850944,rASO3
STMN2,926,14,0.18318469083385092,0.275,-0.0918153091661491,rASO1
STMN2,927,18,0.26636938166770185,0.3500000000000001,-0.08363061833229823,rASO5
STMN2,928,16,0.23318469083385093,0.175,0.058184690833850944,rASO3
STMN2,929,14,0.18318469083385092,0.275,-0.0918153091661491,rASO1
STMN2,930,16,0.23318469083385093,0.175,0.058184690833850944,rASO3
STMN2,931,18,0.26636938166770185,0.3500000000000001,-0.08363061833229823,rASO5
STMN2,932,14,0.18318469083385092,0.275,-0.0918153091661491,rASO1
STMN2,933,17,0.2581846908338509,0.19999999999999998,0.058184690833850944,rASO4
STMN2,934,17,0.2581846908338509,0.19999999999999998,0.058184690833850944,rASO4
STMN2,935,18,0.26636938166770185,0.3500000000000001,-0.08363061833229823,rASO5
STMN2,936,16,0.23318469083385093,0.175,0.058184690833850944,rASO3
STMN2,937,17,0.2581846908338509,0.19999999999999998,0.058184690833850944,rASO4
STMN2,938,18,0.26636938166770185,0.3500000000000001,-0.08363061833229823,rASO5
STMN2,939,18,0.26636938166770185,0.3500000000000001,-0.08363061833229823,rASO5
STMN2,940,15,0.2081846908338509,0.2,0.0081846908338509,rASO2
STMN2,941,14,0.18318469083385092,0.275,-0.0918153091661491,rASO1
STMN2,942,16,0.23318469083385093,0.175,0.058184690833850944,rASO3
STMN2,943,15,0.2081846908338509,0.2,0.0081846908338509,rASO2
STMN2,944,18,0.26636938166770185,0.3500000000000001,-0.08363061833229823,rASO5
STMN2,945,16,0.23318469083385093,0.175,0.058184690833850944,rASO3
STMN2,946,16,0.23318469083385093,0.175,0.058184690833850944,rASO3
STMN2,947,15,0.2081846908338509,0.2,0.0081846908338509,rASO2
STMN2,948,14,0.18318469083385092,0.275,-0.0918153091661491,rASO1
STMN2,949,16,0.23318469083385093,0.175,0.058184690833850944,rASO3
STMN2,950,18,0.26636938166770185,0.3500000000000001,-0.08363061833229823,rASO5
STMN2,951,18,0.26636938166770185,0.3500000000000001,-0.08363061833229823,rASO5
STMN2,952,15,0.2081846908338509,0.2,0.0081846908338509,rASO2
STMN2,953,17,0.2581846908338509,0.19999999999999998,0.058184690833850944,rASO4
STMN2,954,15,0.2081846908338509,0.2,0.0081846908338509,rASO2
STMN2,955,14,0.18318469083385092,0.275,-0.0918153091661491,rASO1
STMN2,956,18,0.26636938166770185,0.3500000000000001,-0.08363061833229823,rASO5
STMN2,957,14,0.18318469083385092,0.275,-0.0918153091661491,rASO1
STMN2,958,16,0.23318469083385093,0.175,0.058184690833850944,rASO3
STMN2,959,18,0.26636938166770185,0.3500000000000001,-0.08363061833229823,rASO5
STMN2,960,15,0.2081846908338509,0.2,0.0081846908338509,rASO2
STMN2,961,14,0.18318469083385092,0.275,-0.0918153091661491,rASO1
STMN2,962,18,0.26636938166770185,0.3500000000000001,-0.08363061833229823,rASO5
STMN2,963,18,0.26636938166770185,0.3500000000000001,-0.08363061833229823,rASO5
STMN2,964,17,0.2581846908338509,0.19999999999999998,0.058184690833850944,rASO4
STMN2,965,18,0.26636938166770185,0.3500000000000001,-0.08363061833229823,rASO5
STMN2,966,14,0.18318469083385092,0.275,-0.0918153091661491,rASO1
STMN2,967,14,0.18318469083385092,0.275,-0.0918153091661491,rASO1
STMN2,968,15,0.2081846908338509,0.2,0.0081846908338509,rASO2
STMN2,969,17,0.2581846908338509,0.19999999999999998,0.058184690833850944,rASO4
STMN2,970,18,0.26636938166770185,0.3500000000000001,-0.08363061833229823,rASO5
STMN2,971,18,0.26636938166770185,0.3500000000000001,-0.08363061833229823,rASO5
STMN2,972,15,0.2081846908338509,0.2,0.0081846908338509,rASO2
STMN2,973,18,0.26636938166770185,0.3500000000000001,-0.08363061833229823,rASO5
STMN2,974,16,0.23318469083385093,0.175,0.058184690833850944,rASO3
STMN2,975,18,0.26636938166770185,0.3500000000000001,-0.08363061833229823,rASO5
STMN2,976,16,0.23318469083385093,0.175,0.058184690833850944,rASO3
STMN2,977,17,0.2581846908338509,0.19999999999999998,0.058184690833850944,rASO4
STMN2,978,15,0.2081846908338509,0.2,0.0081846908338509,rASO2
STMN2,979,17,0.2581846908338509,0.19999999999999998,0.058184690833850944,rASO4
STMN2,980,16,0.23318469083385093,0.175,0.058184690833850944,rASO3
STMN2,981,17,0.2581846908338509,0.19999999999999998,0.058184690833850944,rASO4
STMN2,982,17,0.2581846908338509,0.19999999999999998,0.058184690833850944,rASO4
STMN2,983,14,0.18318469083385092,0.275,-0.0918153091661491,rASO1
STMN2,984,14,0.18318469083385092,0.275,-0.0918153091661491,rASO1
STMN2,985,15,0.2081846908338509,0.2,0.0081846908338509,rASO2
STMN2,986,16,0.23318469083385093,0.175,0.058184690833850944,rASO3
STMN2,987,18,0.26636938166770185,0.3500000000000001,-0.08363061833229823,rASO5
STMN2,988,18,0.26636938166770185,0.3500000000000001,-0.08363061833229823,rASO5
STMN2,989,17,0.2581846908338509,0.19999999999999998,0.058184690833850944,rASO4
STMN2,990,15,0.2081846908338509,0.2,0.0081846908338509,rASO2
STMN2,991,18,0.26636938166770185,0.3500000000000001,-0.08363061833229823,rASO5
STMN2,992,18,0.26636938166770185,0.3500000000000001,-0.08363061833229823,rASO5
STMN2,993,18,0.26636938166770185,0.3500000000000001,-0.08363061833229823,rASO5
STMN2,994,14,0.18318469083385092,0.275,-0.0918153091661491,rASO1
STMN2,995,17,0.2581846908338509,0.19999999999999998,0.058184690833850944,rASO4
STMN2,996,16,0.23318469083385093,0.175,0.058184690833850944,rASO3
STMN2,997,16,0.23318469083385093,0.175,0.058184690833850944,rASO3
STMN2,998,18,0.26636938166770185,0.3500000000000001,-0.08363061833229823,rASO5
STMN2,999,14,0.18318469083385092,0.275,-0.0918153091661491,rASO1
